feature,bin,n,hit_rate,mean_long_only_return,mean_target,mean_prediction,mae,artifact_id,artifact_name,workflow_run_id,created_at,updated_at,expires_at,artifact_size_bytes
origin_vix_market,"(13.469000000000001, 15.86]",6085,0.5378800328677075,0.0030438552076543,0.0022224737775816,0.0048441643094135,0.0186752962079869,10728172564,regime-analysis-124,35799984314,2026-09-23T01:41:48Z,2026-09-23T01:41:48Z,2026-10-23T01:41:46Z,2191703
origin_vix_market,"(15.86, 17.16]",6059,0.5005776530780657,0.0004238702270302,0.0007027976016561,0.0042913642116425,0.0215736119908695,10728172564,regime-analysis-124,35799984314,2026-09-23T01:41:48Z,2026-09-23T01:41:48Z,2026-10-23T01:41:46Z,2191703
origin_vix_market,"(17.16, 19.09]",5975,0.5215062761506276,0.0034805879437333,0.0027694858495718,0.0051958608899263,0.021471913369713,10728172564,regime-analysis-124,35799984314,2026-09-23T01:41:48Z,2026-09-23T01:41:48Z,2026-10-23T01:41:46Z,2191703
origin_vix_market,"(19.09, 31.05]",6006,0.6605061605061605,0.0065276372048368,0.0053440541279519,0.004220136275156,0.0201066019555166,10728172564,regime-analysis-124,35799984314,2026-09-23T01:41:48Z,2026-09-23T01:41:48Z,2026-10-23T01:41:46Z,2191703
origin_vix_change_1d,"(-5.361000000000001, -0.7]",6190,0.5468497576736672,0.0018096206881697,0.0014582008210638,0.0053212889719241,0.0204959585029251,10728172564,regime-analysis-124,35799984314,2026-09-23T01:41:48Z,2026-09-23T01:41:48Z,2026-10-23T01:41:46Z,2191703
origin_vix_change_1d,"(-0.7, -0.12]",5996,0.5453635757171448,0.0041960031544807,0.0036266819505865,0.0036711193001783,0.0199323988313842,10728172564,regime-analysis-124,35799984314,2026-09-23T01:41:48Z,2026-09-23T01:41:48Z,2026-10-23T01:41:46Z,2191703
origin_vix_change_1d,"(-0.12, 0.7]",5959,0.5541198187615372,0.0033038781170423,0.0027696235493488,0.0058219181425031,0.021493305270019,10728172564,regime-analysis-124,35799984314,2026-09-23T01:41:48Z,2026-09-23T01:41:48Z,2026-10-23T01:41:46Z,2191703
origin_vix_change_1d,"(0.7, 6.11]",5980,0.5739130434782609,0.0041877916365749,0.0032023471337822,0.003716706119693,0.0198905306984979,10728172564,regime-analysis-124,35799984314,2026-09-23T01:41:48Z,2026-09-23T01:41:48Z,2026-10-23T01:41:46Z,2191703
origin_vix_change_5d,"(-10.071, -1.42]",6043,0.5409564785702465,0.0031303291521895,0.0018610074652179,0.0075995877558413,0.0213714573270943,10728172564,regime-analysis-124,35799984314,2026-09-23T01:41:48Z,2026-09-23T01:41:48Z,2026-10-23T01:41:46Z,2191703
origin_vix_change_5d,"(-1.42, 0.07]",6043,0.5138176402449115,0.0012074757287862,0.0016718712131183,0.0032556063173133,0.020950672851043,10728172564,regime-analysis-124,35799984314,2026-09-23T01:41:48Z,2026-09-23T01:41:48Z,2026-10-23T01:41:46Z,2191703
origin_vix_change_5d,"(0.07, 1.16]",6017,0.5304969253780953,0.002104841445997,0.0007173853976257,0.0043554179443611,0.0204042007841266,10728172564,regime-analysis-124,35799984314,2026-09-23T01:41:48Z,2026-09-23T01:41:48Z,2026-10-23T01:41:46Z,2191703
origin_vix_change_5d,"(1.16, 9.63]",6022,0.6348389239455331,0.0070098646270192,0.0067685780235785,0.0033319553822194,0.0190773692166346,10728172564,regime-analysis-124,35799984314,2026-09-23T01:41:48Z,2026-09-23T01:41:48Z,2026-10-23T01:41:46Z,2191703
origin_vix_change_20d,"(-13.030999999999999, -2.1]",6043,0.5434386893926858,0.0043032740361056,0.003785030295402,0.0045803797757236,0.0199891296904577,10728172564,regime-analysis-124,35799984314,2026-09-23T01:41:48Z,2026-09-23T01:41:48Z,2026-10-23T01:41:46Z,2191703
origin_vix_change_20d,"(-2.1, -0.06]",6043,0.542611285785206,0.002677474596902,0.0009560062751664,0.0033928680091362,0.019017411182092,10728172564,regime-analysis-124,35799984314,2026-09-23T01:41:48Z,2026-09-23T01:41:48Z,2026-10-23T01:41:46Z,2191703
origin_vix_change_20d,"(-0.06, 2.15]",6012,0.5217897538256819,0.003827934906897,0.0054904756482877,0.0065643170011801,0.0214965941465267,10728172564,regime-analysis-124,35799984314,2026-09-23T01:41:48Z,2026-09-23T01:41:48Z,2026-10-23T01:41:46Z,2191703
origin_vix_change_20d,"(2.15, 11.19]",6027,0.6120789779326364,0.0026370303651367,0.0007909817579623,0.0040189999488993,0.0213131866111516,10728172564,regime-analysis-124,35799984314,2026-09-23T01:41:48Z,2026-09-23T01:41:48Z,2026-10-23T01:41:46Z,2191703
origin_vix_pct_change_1d,"(-0.185, -0.0411]",6085,0.5390304026294166,0.0016953295077611,0.0018028263055975,0.0053737680599154,0.0203288317024819,10728172564,regime-analysis-124,35799984314,2026-09-23T01:41:48Z,2026-09-23T01:41:48Z,2026-10-23T01:41:46Z,2191703
origin_vix_pct_change_1d,"(-0.0411, -0.00642]",5996,0.5538692461641094,0.0043960732022487,0.0035423849216867,0.0037541253032772,0.019987945002481,10728172564,regime-analysis-124,35799984314,2026-09-23T01:41:48Z,2026-09-23T01:41:48Z,2026-10-23T01:41:46Z,2191703
origin_vix_pct_change_1d,"(-0.00642, 0.0433]",6064,0.5509564643799473,0.002793091470921,0.0020421374850362,0.0056419452393975,0.0214276072650956,10728172564,regime-analysis-124,35799984314,2026-09-23T01:41:48Z,2026-09-23T01:41:48Z,2026-10-23T01:41:46Z,2191703
origin_vix_pct_change_1d,"(0.0433, 0.397]",5980,0.5764214046822742,0.0045952088637349,0.0036508713845209,0.0037537881224544,0.0200540061215934,10728172564,regime-analysis-124,35799984314,2026-09-23T01:41:48Z,2026-09-23T01:41:48Z,2026-10-23T01:41:46Z,2191703
origin_vix_pct_change_5d,"(-0.382, -0.078]",6043,0.5290418666225385,0.0025151666490356,0.0012622071968801,0.0073297220331881,0.0212804752960326,10728172564,regime-analysis-124,35799984314,2026-09-23T01:41:48Z,2026-09-23T01:41:48Z,2026-10-23T01:41:46Z,2191703
origin_vix_pct_change_5d,"(-0.078, 0.00389]",6043,0.5257322521926195,0.00182263823194,0.002270671481456,0.0035254720399665,0.0210416548821046,10728172564,regime-analysis-124,35799984314,2026-09-23T01:41:48Z,2026-09-23T01:41:48Z,2026-10-23T01:41:46Z,2191703
origin_vix_pct_change_5d,"(0.00389, 0.0721]",6101,0.5248319947549582,0.0013947370886661,-6.390789489643833e-05,0.0038265128808317,0.0205048425301565,10728172564,regime-analysis-124,35799984314,2026-09-23T01:41:48Z,2026-09-23T01:41:48Z,2026-10-23T01:41:46Z,2191703
origin_vix_pct_change_5d,"(0.0721, 0.54]",5938,0.6421353991242843,0.0078088489030855,0.0076569193099136,0.0038609009762532,0.0189551952280529,10728172564,regime-analysis-124,35799984314,2026-09-23T01:41:48Z,2026-09-23T01:41:48Z,2026-10-23T01:41:46Z,2191703
origin_vix_pct_change_20d,"(-0.437, -0.117]",6043,0.5434386893926858,0.0043032740361056,0.003785030295402,0.0045803797757236,0.0199891296904577,10728172564,regime-analysis-124,35799984314,2026-09-23T01:41:48Z,2026-09-23T01:41:48Z,2026-10-23T01:41:46Z,2191703
origin_vix_pct_change_20d,"(-0.117, -0.00367]",6043,0.542611285785206,0.002677474596902,0.0009560062751664,0.0033928680091362,0.019017411182092,10728172564,regime-analysis-124,35799984314,2026-09-23T01:41:48Z,2026-09-23T01:41:48Z,2026-10-23T01:41:46Z,2191703
origin_vix_pct_change_20d,"(-0.00367, 0.139]",6012,0.5339321357285429,0.0049945879557345,0.0059818088409609,0.0059721592917708,0.0208426546244013,10728172564,regime-analysis-124,35799984314,2026-09-23T01:41:48Z,2026-09-23T01:41:48Z,2026-10-23T01:41:46Z,2191703
origin_vix_pct_change_20d,"(0.139, 0.612]",6027,0.5999668159946906,0.0014732808828718,0.0003008713955347,0.0046096838959657,0.0219654986083339,10728172564,regime-analysis-124,35799984314,2026-09-23T01:41:48Z,2026-09-23T01:41:48Z,2026-10-23T01:41:46Z,2191703
origin_vix_distance_ma20,"(-0.255, -0.075]",6106,0.5619063216508352,0.0052611976468569,0.004784960829947,0.0044290637082887,0.0183438899256432,10728172564,regime-analysis-124,35799984314,2026-09-23T01:41:48Z,2026-09-23T01:41:48Z,2026-10-23T01:41:46Z,2191703
origin_vix_distance_ma20,"(-0.075, -0.00956]",5964,0.5298457411133467,0.0024848660643754,0.0009379869721538,0.0057034448298522,0.0208370483769497,10728172564,regime-analysis-124,35799984314,2026-09-23T01:41:48Z,2026-09-23T01:41:48Z,2026-10-23T01:41:46Z,2191703
origin_vix_distance_ma20,"(-0.00956, 0.0653]",6059,0.4956263409803598,-0.0002342857408354,-0.0003139919773263,0.0059598313270551,0.0224142000059848,10728172564,regime-analysis-124,35799984314,2026-09-23T01:41:48Z,2026-09-23T01:41:48Z,2026-10-23T01:41:46Z,2191703
origin_vix_distance_ma20,"(0.0653, 0.447]",5996,0.6329219479653102,0.0059317067919093,0.0055899637941508,0.0024515838706376,0.0202336624357537,10728172564,regime-analysis-124,35799984314,2026-09-23T01:41:48Z,2026-09-23T01:41:48Z,2026-10-23T01:41:46Z,2191703
origin_vix_trend_ma,"(-0.224, -0.0612]",6069,0.586422804415884,0.0063946012508234,0.0054720252142135,0.0036142776502801,0.0189813797148524,10728172564,regime-analysis-124,35799984314,2026-09-23T01:41:48Z,2026-09-23T01:41:48Z,2026-10-23T01:41:46Z,2191703
origin_vix_trend_ma,"(-0.0612, -0.000928]",6064,0.5194591029023746,0.0025026137764911,0.001167209411568,0.0057545956463725,0.0187830993408509,10728172564,regime-analysis-124,35799984314,2026-09-23T01:41:48Z,2026-09-23T01:41:48Z,2026-10-23T01:41:46Z,2191703
origin_vix_trend_ma,"(-0.000928, 0.0569]",6033,0.4975965522957069,-0.000124190135046,0.0004524934301947,0.0046735157370885,0.021757669619923,10728172564,regime-analysis-124,35799984314,2026-09-23T01:41:48Z,2026-09-23T01:41:48Z,2026-10-23T01:41:46Z,2191703
origin_vix_trend_ma,"(0.0569, 0.24]",5959,0.6172176539687867,0.0046746341354343,0.0039282595884401,0.0045046624208779,0.0223268832854156,10728172564,regime-analysis-124,35799984314,2026-09-23T01:41:48Z,2026-09-23T01:41:48Z,2026-10-23T01:41:46Z,2191703
origin_vix_percentile_252,"(0.0029699999999999996, 0.262]",6190,0.5347334410339257,0.0025350615662183,0.001146960919343,0.004417026499692,0.0188126686973811,10728172564,regime-analysis-124,35799984314,2026-09-23T01:41:48Z,2026-09-23T01:41:48Z,2026-10-23T01:41:46Z,2191703
origin_vix_percentile_252,"(0.262, 0.504]",6227,0.4995985225630319,0.0007331651767626,0.0013549032474238,0.0046728313857651,0.0213983510911481,10728172564,regime-analysis-124,35799984314,2026-09-23T01:41:48Z,2026-09-23T01:41:48Z,2026-10-23T01:41:46Z,2191703
origin_vix_percentile_252,"(0.504, 0.71]",5786,0.5338748703767715,0.0042384915305531,0.0039209752763272,0.0048460767739751,0.0216128251729635,10728172564,regime-analysis-124,35799984314,2026-09-23T01:41:48Z,2026-09-23T01:41:48Z,2026-10-23T01:41:46Z,2191703
origin_vix_percentile_252,"(0.71, 0.968]",5922,0.6550151975683891,0.006131413038473,0.0047623500654203,0.0046252967883395,0.0200369585064187,10728172564,regime-analysis-124,35799984314,2026-09-23T01:41:48Z,2026-09-23T01:41:48Z,2026-10-23T01:41:46Z,2191703
origin_spy_return_5d,"(-0.0392, -0.00878]",6085,0.619063270336894,0.0053181403273577,0.0040416695094159,0.0029710655202255,0.0203520361853847,10728172564,regime-analysis-124,35799984314,2026-09-23T01:41:48Z,2026-09-23T01:41:48Z,2026-10-23T01:41:46Z,2191703
origin_spy_return_5d,"(-0.00878, 0.00356]",6075,0.5326748971193416,0.0028918962524244,0.0038308006199413,0.0037458442314066,0.0209641931866182,10728172564,regime-analysis-124,35799984314,2026-09-23T01:41:48Z,2026-09-23T01:41:48Z,2026-10-23T01:41:46Z,2191703
origin_spy_return_5d,"(0.00356, 0.0121]",5964,0.5516431924882629,0.0042444319635908,0.0035979418423549,0.0045061588933385,0.0195323886967162,10728172564,regime-analysis-124,35799984314,2026-09-23T01:41:48Z,2026-09-23T01:41:48Z,2026-10-23T01:41:46Z,2191703
origin_spy_return_5d,"(0.0121, 0.0553]",6001,0.5159140143309449,0.0009746116987008,-0.0004828740593325,0.0073587491802667,0.0209494827900617,10728172564,regime-analysis-124,35799984314,2026-09-23T01:41:48Z,2026-09-23T01:41:48Z,2026-10-23T01:41:46Z,2191703
origin_spy_return_20d,"(-0.0803, -0.00336]",6085,0.5955628594905505,0.0032737311595872,0.0014659086516072,0.004591543472207,0.0216589208168479,10728172564,regime-analysis-124,35799984314,2026-09-23T01:41:48Z,2026-09-23T01:41:48Z,2026-10-23T01:41:46Z,2191703
origin_spy_return_20d,"(-0.00336, 0.0113]",6038,0.6003643590592912,0.0049940518144086,0.004340362688364,0.0065168905724152,0.0208540305453517,10728172564,regime-analysis-124,35799984314,2026-09-23T01:41:48Z,2026-09-23T01:41:48Z,2026-10-23T01:41:46Z,2191703
origin_spy_return_20d,"(0.0113, 0.0317]",6038,0.5140775091089764,0.0033852457267214,0.0047223480678727,0.0045847433062866,0.0190725662961723,10728172564,regime-analysis-124,35799984314,2026-09-23T01:41:48Z,2026-09-23T01:41:48Z,2026-10-23T01:41:46Z,2191703
origin_spy_return_20d,"(0.0317, 0.128]",5964,0.5090543259557344,0.001773430248286,0.0004670303416335,0.0028333862305564,0.020210815108569,10728172564,regime-analysis-124,35799984314,2026-09-23T01:41:48Z,2026-09-23T01:41:48Z,2026-10-23T01:41:46Z,2191703
origin_spy_return_60d,"(-0.078, 0.0198]",6048,0.6326058201058201,0.0035118720251557,0.0013680310889801,0.0058329259947921,0.021449320691113,10728172564,regime-analysis-124,35799984314,2026-09-23T01:41:48Z,2026-09-23T01:41:48Z,2026-10-23T01:41:46Z,2191703
origin_spy_return_60d,"(0.0198, 0.0418]",6033,0.588927565058843,0.007484731429848,0.0082882805872798,0.004473980971545,0.01948865146655,10728172564,regime-analysis-124,35799984314,2026-09-23T01:41:48Z,2026-09-23T01:41:48Z,2026-10-23T01:41:46Z,2191703
origin_spy_return_60d,"(0.0418, 0.0709]",6059,0.5208780326786598,0.0033028569202804,0.0029193145872193,0.0036920019183449,0.0190666009921564,10728172564,regime-analysis-124,35799984314,2026-09-23T01:41:48Z,2026-09-23T01:41:48Z,2026-10-23T01:41:46Z,2191703
origin_spy_return_60d,"(0.0709, 0.162]",5985,0.476858813700919,-0.0008881547442245,-0.0015938354627373,0.0045498111321527,0.0218184736772137,10728172564,regime-analysis-124,35799984314,2026-09-23T01:41:48Z,2026-09-23T01:41:48Z,2026-10-23T01:41:46Z,2191703
origin_spy_return_120d,"(-0.06, 0.0691]",6122,0.6426004573668735,0.0069231968273577,0.0057236870342184,0.0043789442377385,0.0205192509657262,10728172564,regime-analysis-124,35799984314,2026-09-23T01:41:48Z,2026-09-23T01:41:48Z,2026-10-23T01:41:46Z,2191703
origin_spy_return_120d,"(0.0691, 0.1]",6033,0.5905851151997348,0.0050753522028991,0.0045456905259544,0.0069267099400025,0.0223818846164447,10728172564,regime-analysis-124,35799984314,2026-09-23T01:41:48Z,2026-09-23T01:41:48Z,2026-10-23T01:41:46Z,2191703
origin_spy_return_120d,"(0.1, 0.134]",6006,0.5073260073260073,0.0017061186960038,0.0005283206490451,0.0042259197316019,0.019862687417222,10728172564,regime-analysis-124,35799984314,2026-09-23T01:41:48Z,2026-09-23T01:41:48Z,2026-10-23T01:41:46Z,2191703
origin_spy_return_120d,"(0.134, 0.342]",5964,0.477028839704896,-0.0003619666407047,0.0001321954835607,0.00299998512199,0.0190249096707117,10728172564,regime-analysis-124,35799984314,2026-09-23T01:41:48Z,2026-09-23T01:41:48Z,2026-10-23T01:41:46Z,2191703
origin_spy_distance_sma50,"(-0.0693, 0.00286]",6080,0.6511513157894737,0.0071624069231353,0.0059681538050983,0.0038965078228293,0.0206451601518767,10728172564,regime-analysis-124,35799984314,2026-09-23T01:41:48Z,2026-09-23T01:41:48Z,2026-10-23T01:41:46Z,2191703
origin_spy_distance_sma50,"(0.00286, 0.0168]",6054,0.5706970597951767,0.0039082883601459,0.0030632875368569,0.0061506043542719,0.019563112790593,10728172564,regime-analysis-124,35799984314,2026-09-23T01:41:48Z,2026-09-23T01:41:48Z,2026-10-23T01:41:46Z,2191703
origin_spy_distance_sma50,"(0.0168, 0.0314]",6006,0.4801864801864802,-0.0001526113959598,0.0003307913585887,0.0054095158884689,0.0205562829694601,10728172564,regime-analysis-124,35799984314,2026-09-23T01:41:48Z,2026-09-23T01:41:48Z,2026-10-23T01:41:46Z,2191703
origin_spy_distance_sma50,"(0.0314, 0.0861]",5985,0.5164578111946533,0.002472842586359,0.0016053166024855,0.0030832822251146,0.0210509493959748,10728172564,regime-analysis-124,35799984314,2026-09-23T01:41:48Z,2026-09-23T01:41:48Z,2026-10-23T01:41:46Z,2191703
origin_spy_distance_sma200,"(-0.0461, 0.0643]",6101,0.6351417800360597,0.0062788315267428,0.0048998105522713,0.0044935781380303,0.0207310718775962,10728172564,regime-analysis-124,35799984314,2026-09-23T01:41:48Z,2026-09-23T01:41:48Z,2026-10-23T01:41:46Z,2191703
origin_spy_distance_sma200,"(0.0643, 0.0865]",6054,0.5148662041625371,0.0015173021023017,0.0017941732702403,0.0055780405664225,0.0217729473720098,10728172564,regime-analysis-124,35799984314,2026-09-23T01:41:48Z,2026-09-23T01:41:48Z,2026-10-23T01:41:46Z,2191703
origin_spy_distance_sma200,"(0.0865, 0.101]",5943,0.596668349318526,0.0048265425928579,0.0037838813113917,0.0054325874182276,0.019910422511048,10728172564,regime-analysis-124,35799984314,2026-09-23T01:41:48Z,2026-09-23T01:41:48Z,2026-10-23T01:41:46Z,2191703
origin_spy_distance_sma200,"(0.101, 0.13]",6027,0.4730379956860793,0.0008154222596421,0.000528089407275,0.0030527423313835,0.0193773506402234,10728172564,regime-analysis-124,35799984314,2026-09-23T01:41:48Z,2026-09-23T01:41:48Z,2026-10-23T01:41:46Z,2191703
origin_spy_trend_ma50_200,"(0.0115, 0.0452]",6090,0.631855500821018,0.0069261405617416,0.0044388694694042,0.0039020279766397,0.0215409187399903,10728172564,regime-analysis-124,35799984314,2026-09-23T01:41:48Z,2026-09-23T01:41:48Z,2026-10-23T01:41:46Z,2191703
origin_spy_trend_ma50_200,"(0.0452, 0.0634]",6022,0.4915310528063766,-0.0020643883788559,-0.0031085091011145,0.0048855152468913,0.0203375609509953,10728172564,regime-analysis-124,35799984314,2026-09-23T01:41:48Z,2026-09-23T01:41:48Z,2026-10-23T01:41:46Z,2191703
origin_spy_trend_ma50_200,"(0.0634, 0.0795]",6028,0.5275381552753815,0.0032037408088846,0.0048943117969472,0.0048582300283357,0.0216215585776385,10728172564,regime-analysis-124,35799984314,2026-09-23T01:41:48Z,2026-09-23T01:41:48Z,2026-10-23T01:41:46Z,2191703
origin_spy_trend_ma50_200,"(0.0795, 0.0902]",5985,0.5682539682539682,0.0053518783393011,0.0047802649749261,0.0049123122910102,0.0182818519511624,10728172564,regime-analysis-124,35799984314,2026-09-23T01:41:48Z,2026-09-23T01:41:48Z,2026-10-23T01:41:46Z,2191703
origin_spy_volatility_20d,"(0.0557, 0.103]",6085,0.533607230895645,0.0057450150980424,0.0054374612541878,0.0040728421887059,0.0207285584016041,10728172564,regime-analysis-124,35799984314,2026-09-23T01:41:48Z,2026-09-23T01:41:48Z,2026-10-23T01:41:46Z,2191703
origin_spy_volatility_20d,"(0.103, 0.124]",6080,0.5453947368421053,0.0012053345079058,0.0003060562299108,0.0036090586653639,0.0227882083298965,10728172564,regime-analysis-124,35799984314,2026-09-23T01:41:48Z,2026-09-23T01:41:48Z,2026-10-23T01:41:46Z,2191703
origin_spy_volatility_20d,"(0.124, 0.139]",6017,0.5838457703174339,0.0013851397900989,-0.0005787993795451,0.0026529682194323,0.0182221250809619,10728172564,regime-analysis-124,35799984314,2026-09-23T01:41:48Z,2026-09-23T01:41:48Z,2026-10-23T01:41:46Z,2191703
origin_spy_volatility_20d,"(0.139, 0.207]",5943,0.5574625609961299,0.005127099758292,0.0058827078757903,0.0082753309249549,0.0200371050101746,10728172564,regime-analysis-124,35799984314,2026-09-23T01:41:48Z,2026-09-23T01:41:48Z,2026-10-23T01:41:46Z,2191703
origin_spy_volatility_60d,"(0.0849, 0.112]",6090,0.4995073891625616,0.0018901428482282,0.0022513902926594,0.0039765766637725,0.019594341363535,10728172564,regime-analysis-124,35799984314,2026-09-23T01:41:48Z,2026-09-23T01:41:48Z,2026-10-23T01:41:46Z,2191703
origin_spy_volatility_60d,"(0.112, 0.127]",5985,0.5821219715956558,0.0002484490830625,-0.0015027771530459,0.003919117174247,0.0213412947054891,10728172564,regime-analysis-124,35799984314,2026-09-23T01:41:48Z,2026-09-23T01:41:48Z,2026-10-23T01:41:46Z,2191703
origin_spy_volatility_60d,"(0.127, 0.14]",6065,0.559439406430338,0.0052414176416981,0.0056360783230671,0.0041335447081838,0.0186306864988379,10728172564,regime-analysis-124,35799984314,2026-09-23T01:41:48Z,2026-09-23T01:41:48Z,2026-10-23T01:41:46Z,2191703
origin_spy_volatility_60d,"(0.14, 0.158]",5985,0.5797827903091061,0.0060659072607305,0.0045992330823679,0.0065373944931733,0.022281758542258,10728172564,regime-analysis-124,35799984314,2026-09-23T01:41:48Z,2026-09-23T01:41:48Z,2026-10-23T01:41:46Z,2191703
origin_spy_vol_change_20d,"(-0.517, -0.305]",6080,0.5703947368421053,0.0082922062460637,0.0089808235071461,0.003135134147797,0.0207751855552376,10728172564,regime-analysis-124,35799984314,2026-09-23T01:41:48Z,2026-09-23T01:41:48Z,2026-10-23T01:41:46Z,2191703
origin_spy_vol_change_20d,"(-0.305, -0.00311]",6033,0.5431791811702305,0.0022513341174677,0.0001994312421474,0.0028192418113069,0.0199220290823426,10728172564,regime-analysis-124,35799984314,2026-09-23T01:41:48Z,2026-09-23T01:41:48Z,2026-10-23T01:41:46Z,2191703
origin_spy_vol_change_20d,"(-0.00311, 0.27]",6048,0.5603505291005291,0.0008955812110886,-0.0001122676577034,0.0039461286237269,0.0198237385787915,10728172564,regime-analysis-124,35799984314,2026-09-23T01:41:48Z,2026-09-23T01:41:48Z,2026-10-23T01:41:46Z,2191703
origin_spy_vol_change_20d,"(0.27, 1.673]",5964,0.545774647887324,0.0019577804810188,0.0018944483291678,0.0087077859631957,0.021296432872736,10728172564,regime-analysis-124,35799984314,2026-09-23T01:41:48Z,2026-09-23T01:41:48Z,2026-10-23T01:41:46Z,2191703
origin_market_breadth_20d,"(0.0466, 0.429]",6275,0.6159362549800796,0.0064194532214118,0.0057147281221224,0.0033550022497336,0.0207110059399286,10728172564,regime-analysis-124,35799984314,2026-09-23T01:41:48Z,2026-09-23T01:41:48Z,2026-10-23T01:41:46Z,2191703
origin_market_breadth_20d,"(0.429, 0.619]",5838,0.5455635491606715,0.0008024794511184,-0.0010501825797807,0.0043260440332896,0.0199527356569815,10728172564,regime-analysis-124,35799984314,2026-09-23T01:41:48Z,2026-09-23T01:41:48Z,2026-10-23T01:41:46Z,2191703
origin_market_breadth_20d,"(0.619, 0.81]",7119,0.5401039471835932,0.0029942223441589,0.0021628271950012,0.0050084881804016,0.0204021122821727,10728172564,regime-analysis-124,35799984314,2026-09-23T01:41:48Z,2026-09-23T01:41:48Z,2026-10-23T01:41:46Z,2191703
origin_market_breadth_20d,"(0.81, 1.0]",4893,0.5097077457592479,0.0030265231539247,0.0043531475131654,0.006111999045027,0.0207889547990698,10728172564,regime-analysis-124,35799984314,2026-09-23T01:41:48Z,2026-09-23T01:41:48Z,2026-10-23T01:41:46Z,2191703
origin_market_breadth_252d,"(0.713, 0.905]",7655,0.4986283474853037,0.0017166936511161,0.0023747670551596,0.0025937136371844,0.0185965381498648,10728172564,regime-analysis-124,35799984314,2026-09-23T01:41:48Z,2026-09-23T01:41:48Z,2026-10-23T01:41:46Z,2191703
origin_market_breadth_252d,"(0.905, 0.952]",5550,0.5812612612612612,0.0045922534924053,0.0040712154728995,0.0058434825412726,0.0181491181221114,10728172564,regime-analysis-124,35799984314,2026-09-23T01:41:48Z,2026-09-23T01:41:48Z,2026-10-23T01:41:46Z,2191703
origin_market_breadth_252d,"(0.952, 1.0]",10920,0.5811355311355312,0.003888580025464,0.002349082689272,0.0054563476987463,0.0229234909425104,10728172564,regime-analysis-124,35799984314,2026-09-23T01:41:48Z,2026-09-23T01:41:48Z,2026-10-23T01:41:46Z,2191703
origin_market_breadth_above_sma200,"(0.38, 0.714]",6128,0.5241514360313316,0.002729538655226,0.0027472961637969,0.0038989376452835,0.019613043208993,10728172564,regime-analysis-124,35799984314,2026-09-23T01:41:48Z,2026-09-23T01:41:48Z,2026-10-23T01:41:46Z,2191703
origin_market_breadth_above_sma200,"(0.714, 0.952]",7392,0.5907738095238095,0.0026919973119371,-0.000295764180597,0.0039438777678955,0.0218530444761645,10728172564,regime-analysis-124,35799984314,2026-09-23T01:41:48Z,2026-09-23T01:41:48Z,2026-10-23T01:41:46Z,2191703
origin_market_breadth_above_sma200,"(0.952, 1.0]",10605,0.5478547854785478,0.0041929027488114,0.0048823129259703,0.0055467881675095,0.0199606027962875,10728172564,regime-analysis-124,35799984314,2026-09-23T01:41:48Z,2026-09-23T01:41:48Z,2026-10-23T01:41:46Z,2191703
origin_cross_asset_daily_volatility,"(0.0015400000000000001, 0.00848]",6043,0.5546913784544101,0.0044437448576921,0.0046157710003921,0.0036977433631365,0.0191434354785565,10728172564,regime-analysis-124,35799984314,2026-09-23T01:41:48Z,2026-09-23T01:41:48Z,2026-10-23T01:41:46Z,2191703
origin_cross_asset_daily_volatility,"(0.00848, 0.0114]",6090,0.5231527093596059,0.001869173569504,0.0008178623996311,0.0042896293984832,0.0201920082864646,10728172564,regime-analysis-124,35799984314,2026-09-23T01:41:48Z,2026-09-23T01:41:48Z,2026-10-23T01:41:46Z,2191703
origin_cross_asset_daily_volatility,"(0.0114, 0.0155]",6064,0.5512862796833773,0.000969858622344,-9.064582415705426e-05,0.0045841559127837,0.0209660516180652,10728172564,regime-analysis-124,35799984314,2026-09-23T01:41:48Z,2026-09-23T01:41:48Z,2026-10-23T01:41:46Z,2191703
origin_cross_asset_daily_volatility,"(0.0155, 0.0647]",5928,0.5917678812415654,0.0062371037046224,0.0057526755663385,0.0060057178191131,0.0215278977958355,10728172564,regime-analysis-124,35799984314,2026-09-23T01:41:48Z,2026-09-23T01:41:48Z,2026-10-23T01:41:46Z,2191703
origin_cross_asset_return_20d_dispersion,"(0.0172, 0.0459]",6054,0.5502147340601256,0.0028720064396099,0.0022105673866693,0.0063805012788529,0.0185422453254315,10728172564,regime-analysis-124,35799984314,2026-09-23T01:41:48Z,2026-09-23T01:41:48Z,2026-10-23T01:41:46Z,2191703
origin_cross_asset_return_20d_dispersion,"(0.0459, 0.0577]",6043,0.560979645871256,0.0017383660794312,0.0010321148834469,0.0026335016036765,0.0189833734010545,10728172564,regime-analysis-124,35799984314,2026-09-23T01:41:48Z,2026-09-23T01:41:48Z,2026-10-23T01:41:46Z,2191703
origin_cross_asset_return_20d_dispersion,"(0.0577, 0.0708]",6001,0.5412431261456424,0.0041352134393687,0.0044463908998666,0.0025096265251207,0.021241440812289,10728172564,regime-analysis-124,35799984314,2026-09-23T01:41:48Z,2026-09-23T01:41:48Z,2026-10-23T01:41:46Z,2191703
origin_cross_asset_return_20d_dispersion,"(0.0708, 0.157]",6027,0.5674464907914385,0.0047094908921779,0.0033388806469261,0.0070130162861419,0.0230574848564569,10728172564,regime-analysis-124,35799984314,2026-09-23T01:41:48Z,2026-09-23T01:41:48Z,2026-10-23T01:41:46Z,2191703
origin_vix_market,"(13.469000000000001, 15.86]",6127,0.5124857189489146,0.0021506969092334,0.0024073350651056,0.0046317709969692,0.0187399358091949,10673194012,regime-analysis-123,35672584394,2026-09-22T02:07:56Z,2026-09-22T02:07:56Z,2026-10-22T02:07:54Z,2197937
origin_vix_market,"(15.86, 17.09]",6001,0.4514247625395767,-0.0016497439386347,0.0006378074783179,0.0021661741964379,0.021298494867412,10673194012,regime-analysis-123,35672584394,2026-09-22T02:07:56Z,2026-09-22T02:07:56Z,2026-10-22T02:07:54Z,2197937
origin_vix_market,"(17.09, 19.09]",6012,0.4822022621423819,0.0008037451701154,0.0027338858816228,0.0021179643345705,0.0215806984666585,10673194012,regime-analysis-123,35672584394,2026-09-22T02:07:56Z,2026-09-22T02:07:56Z,2026-10-22T02:07:54Z,2197937
origin_vix_market,"(19.09, 31.05]",5985,0.5396825396825397,0.0049888340863746,0.0050804364379737,0.006235638089553,0.020382091906249,10673194012,regime-analysis-123,35672584394,2026-09-22T02:07:56Z,2026-09-22T02:07:56Z,2026-10-22T02:07:54Z,2197937
origin_vix_change_1d,"(-5.361000000000001, -0.7]",6169,0.4743070189657967,0.0004476002587601,0.0013775034978367,0.0055149323442029,0.0207323179635665,10673194012,regime-analysis-123,35672584394,2026-09-22T02:07:56Z,2026-09-22T02:07:56Z,2026-10-22T02:07:54Z,2197937
origin_vix_change_1d,"(-0.7, -0.12]",6059,0.5111404522198383,0.002463438849751,0.0036822911325488,0.0017859028724446,0.0194008473257363,10673194012,regime-analysis-123,35672584394,2026-09-22T02:07:56Z,2026-09-22T02:07:56Z,2026-10-22T02:07:54Z,2197937
origin_vix_change_1d,"(-0.12, 0.67]",5917,0.5100557715058307,0.0017381978546433,0.0032719478939886,0.0041629098818963,0.0206591268500617,10673194012,regime-analysis-123,35672584394,2026-09-22T02:07:56Z,2026-09-22T02:07:56Z,2026-10-22T02:07:54Z,2197937
origin_vix_change_1d,"(0.67, 6.11]",5980,0.4911371237458194,0.0016714641912967,0.0025503046628559,0.0036717770718992,0.0211830061215777,10673194012,regime-analysis-123,35672584394,2026-09-22T02:07:56Z,2026-09-22T02:07:56Z,2026-10-22T02:07:54Z,2197937
origin_vix_change_5d,"(-10.071, -1.42]",6085,0.4982744453574363,0.0008877268589251,0.0018933617255081,0.0056476032428916,0.0212403783918966,10673194012,regime-analysis-123,35672584394,2026-09-22T02:07:56Z,2026-09-22T02:07:56Z,2026-10-22T02:07:54Z,2197937
origin_vix_change_5d,"(-1.42, 0.02]",6001,0.4565905682386268,-0.000272629765869,0.0014827734928513,0.0026688262596664,0.0212250069820642,10673194012,regime-analysis-123,35672584394,2026-09-22T02:07:56Z,2026-09-22T02:07:56Z,2026-10-22T02:07:54Z,2197937
origin_vix_change_5d,"(0.02, 1.09]",6022,0.4873796081036201,0.0003967766574256,0.0006225856910452,0.0032124430975661,0.0200340859482172,10673194012,regime-analysis-123,35672584394,2026-09-22T02:07:56Z,2026-09-22T02:07:56Z,2026-10-22T02:07:54Z,2197937
origin_vix_change_5d,"(1.09, 9.63]",6017,0.543626391889646,0.0052870764191816,0.0068557948747025,0.0036072699594267,0.0194611265827665,10673194012,regime-analysis-123,35672584394,2026-09-22T02:07:56Z,2026-09-22T02:07:56Z,2026-10-22T02:07:54Z,2197937
origin_vix_change_20d,"(-13.030999999999999, -2.1]",6064,0.5204485488126649,0.0030500908607012,0.0037733852352763,0.0035263129665602,0.0200644451186127,10673194012,regime-analysis-123,35672584394,2026-09-22T02:07:56Z,2026-09-22T02:07:56Z,2026-10-22T02:07:54Z,2197937
origin_vix_change_20d,"(-2.1, -0.06]",6085,0.5013968775677896,0.0009255151903661,0.0010314882375419,0.0028658265816257,0.0192655109634489,10673194012,regime-analysis-123,35672584394,2026-09-22T02:07:56Z,2026-09-22T02:07:56Z,2026-10-22T02:07:54Z,2197937
origin_vix_change_20d,"(-0.06, 2.14]",5991,0.4777165748622934,0.0025020290129199,0.0065108543980812,0.0033256025806356,0.0203905210924558,10673194012,regime-analysis-123,35672584394,2026-09-22T02:07:56Z,2026-09-22T02:07:56Z,2026-10-22T02:07:54Z,2197937
origin_vix_change_20d,"(2.14, 11.19]",5985,0.4860484544695071,-0.0001920922593586,-0.0004586773714596,0.0054612808951821,0.0222724799274806,10673194012,regime-analysis-123,35672584394,2026-09-22T02:07:56Z,2026-09-22T02:07:56Z,2026-10-22T02:07:54Z,2197937
origin_vix_pct_change_1d,"(-0.185, -0.0411]",6085,0.4647493837304848,0.0004145977008114,0.0017389608982716,0.0049658389459078,0.0207171708171453,10673194012,regime-analysis-123,35672584394,2026-09-22T02:07:56Z,2026-09-22T02:07:56Z,2026-10-22T02:07:54Z,2197937
origin_vix_pct_change_1d,"(-0.0411, -0.00642]",6038,0.518383570718781,0.0025114930403271,0.0035882302063891,0.0024762710705317,0.0193173786545519,10673194012,regime-analysis-123,35672584394,2026-09-22T02:07:56Z,2026-09-22T02:07:56Z,2026-10-22T02:07:54Z,2197937
origin_vix_pct_change_1d,"(-0.00642, 0.0428]",6022,0.503819329126536,0.0006156190056913,0.0016318923458581,0.0037965200840171,0.0210593764168877,10673194012,regime-analysis-123,35672584394,2026-09-22T02:07:56Z,2026-09-22T02:07:56Z,2026-10-22T02:07:54Z,2197937
origin_vix_pct_change_1d,"(0.0428, 0.397]",5980,0.4993311036789297,0.0027714071768572,0.0039038782381202,0.0039130550403004,0.0208762461742001,10673194012,regime-analysis-123,35672584394,2026-09-22T02:07:56Z,2026-09-22T02:07:56Z,2026-10-22T02:07:54Z,2197937
origin_vix_pct_change_5d,"(-0.382, -0.078]",6085,0.4805258833196384,0.0002888256244793,0.0012986945075023,0.0055357768812672,0.0213753264909778,10673194012,regime-analysis-123,35672584394,2026-09-22T02:07:56Z,2026-09-22T02:07:56Z,2026-10-22T02:07:54Z,2197937
origin_vix_pct_change_5d,"(-0.078, 0.00124]",6001,0.4745875687385436,0.0003346546886555,0.0020857646645835,0.0027822179294689,0.0210881699244222,10673194012,regime-analysis-123,35672584394,2026-09-22T02:07:56Z,2026-09-22T02:07:56Z,2026-10-22T02:07:54Z,2197937
origin_vix_pct_change_5d,"(0.00124, 0.068]",6059,0.4726852615943225,-0.0006227953389034,-8.947686187444804e-06,0.0028120577732962,0.0206043073213114,10673194012,regime-analysis-123,35672584394,2026-09-22T02:07:56Z,2026-09-22T02:07:56Z,2026-10-22T02:07:54Z,2197937
origin_vix_pct_change_5d,"(0.068, 0.54]",5980,0.5588628762541806,0.0063503753852255,0.0075342379302958,0.0040153875637143,0.0188798271185358,10673194012,regime-analysis-123,35672584394,2026-09-22T02:07:56Z,2026-09-22T02:07:56Z,2026-10-22T02:07:54Z,2197937
origin_vix_pct_change_20d,"(-0.437, -0.117]",6064,0.5204485488126649,0.0030500908607012,0.0037733852352763,0.0035263129665602,0.0200644451186127,10673194012,regime-analysis-123,35672584394,2026-09-22T02:07:56Z,2026-09-22T02:07:56Z,2026-10-22T02:07:54Z,2197937
origin_vix_pct_change_20d,"(-0.117, -0.00367]",6085,0.5013968775677896,0.0009255151903661,0.0010314882375419,0.0028658265816257,0.0192655109634489,10673194012,regime-analysis-123,35672584394,2026-09-22T02:07:56Z,2026-09-22T02:07:56Z,2026-10-22T02:07:54Z,2197937
origin_vix_pct_change_20d,"(-0.00367, 0.137]",5991,0.4835586713403438,0.0028798323888614,0.0066485492776293,0.0031032954393868,0.0202893096152543,10673194012,regime-analysis-123,35672584394,2026-09-22T02:07:56Z,2026-09-22T02:07:56Z,2026-10-22T02:07:54Z,2197937
origin_vix_pct_change_20d,"(0.137, 0.612]",5985,0.4802005012531328,-0.0005702743855516,-0.0005965102909872,0.005683810900733,0.0223737928698221,10673194012,regime-analysis-123,35672584394,2026-09-22T02:07:56Z,2026-09-22T02:07:56Z,2026-10-22T02:07:54Z,2197937
origin_vix_distance_ma20,"(-0.255, -0.0751]",6085,0.532949876746097,0.0039074643968755,0.004982808520396,0.0038629703687806,0.018420560206398,10673194012,regime-analysis-123,35672584394,2026-09-22T02:07:56Z,2026-09-22T02:07:56Z,2026-10-22T02:07:54Z,2197937
origin_vix_distance_ma20,"(-0.0751, -0.0102]",5985,0.5007518796992482,0.0004934758754495,0.0005832982867053,0.0042448276648208,0.0204624887257985,10673194012,regime-analysis-123,35672584394,2026-09-22T02:07:56Z,2026-09-22T02:07:56Z,2026-10-22T02:07:54Z,2197937
origin_vix_distance_ma20,"(-0.0102, 0.0602]",6101,0.457793804294378,-0.0018868181189873,-4.954619859321024e-05,0.0039277417285783,0.0221797462744143,10673194012,regime-analysis-123,35672584394,2026-09-22T02:07:56Z,2026-09-22T02:07:56Z,2026-10-22T02:07:54Z,2197937
origin_vix_distance_ma20,"(0.0602, 0.447]",5954,0.4946254618743702,0.0038207252151831,0.0053595246704657,0.0031167193890877,0.0209079774509053,10673194012,regime-analysis-123,35672584394,2026-09-22T02:07:56Z,2026-09-22T02:07:56Z,2026-10-22T02:07:54Z,2197937
origin_vix_trend_ma,"(-0.224, -0.0612]",6132,0.5513698630136986,0.0045413814397118,0.0053622142888543,0.0032525201949938,0.0190091370129964,10673194012,regime-analysis-123,35672584394,2026-09-22T02:07:56Z,2026-09-22T02:07:56Z,2026-10-22T02:07:54Z,2197937
origin_vix_trend_ma,"(-0.0612, -0.00155]",6001,0.5002499583402766,0.0014062666108738,0.0016703700828922,0.003925471232332,0.0188396272168229,10673194012,regime-analysis-123,35672584394,2026-09-22T02:07:56Z,2026-09-22T02:07:56Z,2026-10-22T02:07:54Z,2197937
origin_vix_trend_ma,"(-0.00155, 0.0569]",5991,0.4343181438824904,-0.0021669891715285,8.222548306739386e-05,0.0023214094380721,0.0219528132182933,10673194012,regime-analysis-123,35672584394,2026-09-22T02:07:56Z,2026-09-22T02:07:56Z,2026-10-22T02:07:54Z,2197937
origin_vix_trend_ma,"(0.0569, 0.24]",6001,0.4987502082986169,0.0024434543848146,0.0036697478532127,0.0056695212718298,0.022199949768386,10673194012,regime-analysis-123,35672584394,2026-09-22T02:07:56Z,2026-09-22T02:07:56Z,2026-10-22T02:07:54Z,2197937
origin_vix_percentile_252,"(0.0029699999999999996, 0.262]",6232,0.5052952503209243,0.0010954074246602,0.0013359558886475,0.0039905832937513,0.0190335279888698,10673194012,regime-analysis-123,35672584394,2026-09-22T02:07:56Z,2026-09-22T02:07:56Z,2026-10-22T02:07:54Z,2197937
origin_vix_percentile_252,"(0.262, 0.496]",5875,0.4689361702127659,-0.0001949270521672,0.0018049010334642,0.0027957133236458,0.0211204532979313,10673194012,regime-analysis-123,35672584394,2026-09-22T02:07:56Z,2026-09-22T02:07:56Z,2026-10-22T02:07:54Z,2197937
origin_vix_percentile_252,"(0.496, 0.71]",6180,0.4846278317152103,0.0011088606633604,0.0032385498182035,0.0021357028721191,0.0213244418120148,10673194012,regime-analysis-123,35672584394,2026-09-22T02:07:56Z,2026-09-22T02:07:56Z,2026-10-22T02:07:54Z,2197937
origin_vix_percentile_252,"(0.71, 0.968]",5838,0.5274066461116821,0.0043565181600282,0.00453512334305,0.0063273027036474,0.0205339454766176,10673194012,regime-analysis-123,35672584394,2026-09-22T02:07:56Z,2026-09-22T02:07:56Z,2026-10-22T02:07:54Z,2197937
origin_spy_return_5d,"(-0.0392, -0.00842]",6043,0.4921396657289426,0.0029247135423543,0.0039724150129112,0.00418531416283,0.020749206380513,10673194012,regime-analysis-123,35672584394,2026-09-22T02:07:56Z,2026-09-22T02:07:56Z,2026-10-22T02:07:54Z,2197937
origin_spy_return_5d,"(-0.00842, 0.00376]",6075,0.462716049382716,0.0014239678616647,0.0039908621819651,0.0038601240661874,0.021191427168681,10673194012,regime-analysis-123,35672584394,2026-09-22T02:07:56Z,2026-09-22T02:07:56Z,2026-10-22T02:07:54Z,2197937
origin_spy_return_5d,"(0.00376, 0.0122]",6006,0.498001998001998,0.0012948311872965,0.0030474810487977,0.0028018540485069,0.0199907334326066,10673194012,regime-analysis-123,35672584394,2026-09-22T02:07:56Z,2026-09-22T02:07:56Z,2026-10-22T02:07:54Z,2197937
origin_spy_return_5d,"(0.0122, 0.0553]",6001,0.533577737043826,0.000644240918155,-0.0001888358997937,0.0043095359428868,0.0200253481818556,10673194012,regime-analysis-123,35672584394,2026-09-22T02:07:56Z,2026-09-22T02:07:56Z,2026-10-22T02:07:54Z,2197937
origin_spy_return_20d,"(-0.0803, -0.00265]",6127,0.4930634894728252,0.0015541390762927,0.0017388892043068,0.0068626889979578,0.0217903194719186,10673194012,regime-analysis-123,35672584394,2026-09-22T02:07:56Z,2026-09-22T02:07:56Z,2026-10-22T02:07:54Z,2197937
origin_spy_return_20d,"(-0.00265, 0.0122]",6017,0.5492770483629715,0.0031838676691616,0.0040916798918312,0.0044014524200075,0.0211302791046435,10673194012,regime-analysis-123,35672584394,2026-09-22T02:07:56Z,2026-09-22T02:07:56Z,2026-10-22T02:07:54Z,2197937
origin_spy_return_20d,"(0.0122, 0.0317]",5996,0.4716477651767845,0.0022296955742,0.0045505041044837,0.003643711898748,0.0187076963734927,10673194012,regime-analysis-123,35672584394,2026-09-22T02:07:56Z,2026-09-22T02:07:56Z,2026-10-22T02:07:54Z,2197937
origin_spy_return_20d,"(0.0317, 0.128]",5985,0.4718462823725982,-0.0006819218031549,0.0004780491141948,0.0001758791228238,0.020307486952411,10673194012,regime-analysis-123,35672584394,2026-09-22T02:07:56Z,2026-09-22T02:07:56Z,2026-10-22T02:07:54Z,2197937
origin_spy_return_60d,"(-0.078, 0.02]",6090,0.5643678160919541,0.0020984149362049,0.0010745852254946,0.007409902583726,0.0212505609630696,10673194012,regime-analysis-123,35672584394,2026-09-22T02:07:56Z,2026-09-22T02:07:56Z,2026-10-22T02:07:54Z,2197937
origin_spy_return_60d,"(0.02, 0.0424]",6054,0.5300627684175752,0.0059321380453772,0.0087472310498146,0.0037890646020828,0.0199656089456573,10673194012,regime-analysis-123,35672584394,2026-09-22T02:07:56Z,2026-09-22T02:07:56Z,2026-10-22T02:07:54Z,2197937
origin_spy_return_60d,"(0.0424, 0.0714]",5996,0.4548032021347565,0.0017543617360819,0.0029341349316138,0.0023523157716215,0.0194990715169015,10673194012,regime-analysis-123,35672584394,2026-09-22T02:07:56Z,2026-09-22T02:07:56Z,2026-10-22T02:07:54Z,2197937
origin_spy_return_60d,"(0.0714, 0.162]",5985,0.4352548036758563,-0.0035495687720864,-0.001950421925801,0.0015474985119672,0.0212460631587775,10673194012,regime-analysis-123,35672584394,2026-09-22T02:07:56Z,2026-09-22T02:07:56Z,2026-10-22T02:07:54Z,2197937
origin_spy_return_120d,"(-0.06, 0.0691]",6080,0.5618421052631579,0.0051680070647912,0.0057290299357915,0.0056933815284824,0.0208001448242223,10673194012,regime-analysis-123,35672584394,2026-09-22T02:07:56Z,2026-09-22T02:07:56Z,2026-10-22T02:07:54Z,2197937
origin_spy_return_120d,"(0.0691, 0.1]",6075,0.5341563786008231,0.0028815441677909,0.0043213137353471,0.0043795443064899,0.0224604117359977,10673194012,regime-analysis-123,35672584394,2026-09-22T02:07:56Z,2026-09-22T02:07:56Z,2026-10-22T02:07:54Z,2197937
origin_spy_return_120d,"(0.1, 0.134]",5943,0.4903247518088507,0.0001136329955668,0.0002714029627554,0.0037336272121391,0.0197857731831551,10673194012,regime-analysis-123,35672584394,2026-09-22T02:07:56Z,2026-09-22T02:07:56Z,2026-10-22T02:07:54Z,2197937
origin_spy_return_120d,"(0.134, 0.342]",6027,0.3987058237929318,-0.0019304280917706,0.0004516887113614,0.001330866089236,0.0188921688713754,10673194012,regime-analysis-123,35672584394,2026-09-22T02:07:56Z,2026-09-22T02:07:56Z,2026-10-22T02:07:54Z,2197937
origin_spy_distance_sma50,"(-0.0693, 0.00313]",6038,0.545876117919841,0.0048197744313529,0.0056532497737533,0.0058055438901372,0.0210906696350288,10673194012,regime-analysis-123,35672584394,2026-09-22T02:07:56Z,2026-09-22T02:07:56Z,2026-10-22T02:07:54Z,2197937
origin_spy_distance_sma50,"(0.00313, 0.0169]",6075,0.5437037037037037,0.0032896950991261,0.0031480942749052,0.0051251875326331,0.0194022159089018,10673194012,regime-analysis-123,35672584394,2026-09-22T02:07:56Z,2026-09-22T02:07:56Z,2026-10-22T02:07:54Z,2197937
origin_spy_distance_sma50,"(0.0169, 0.0314]",5985,0.4324143692564745,-0.0014057098012667,0.0003372838635884,0.004233576427635,0.0204234295910404,10673194012,regime-analysis-123,35672584394,2026-09-22T02:07:56Z,2026-09-22T02:07:56Z,2026-10-22T02:07:54Z,2197937
origin_spy_distance_sma50,"(0.0314, 0.0861]",6027,0.463082794093247,-0.0004489842419622,0.0016827807939817,-1.5891055603610353e-05,0.0210575215924122,10673194012,regime-analysis-123,35672584394,2026-09-22T02:07:56Z,2026-09-22T02:07:56Z,2026-10-22T02:07:54Z,2197937
origin_spy_distance_sma200,"(-0.0461, 0.0646]",6101,0.5482707752827405,0.0044026799074637,0.0045305410857547,0.0058893670628282,0.0212934287008459,10673194012,regime-analysis-123,35672584394,2026-09-22T02:07:56Z,2026-09-22T02:07:56Z,2026-10-22T02:07:54Z,2197937
origin_spy_distance_sma200,"(0.0646, 0.0866]",5970,0.4549413735343383,-0.0008920658492509,0.0017923723568787,0.0034756519820912,0.0216466887418847,10673194012,regime-analysis-123,35672584394,2026-09-22T02:07:56Z,2026-09-22T02:07:56Z,2026-10-22T02:07:54Z,2197937
origin_spy_distance_sma200,"(0.0866, 0.101]",6090,0.5522167487684729,0.0040685769555456,0.0039544667715134,0.0041183378966747,0.0200204317325559,10673194012,regime-analysis-123,35672584394,2026-09-22T02:07:56Z,2026-09-22T02:07:56Z,2026-10-22T02:07:54Z,2197937
origin_spy_distance_sma200,"(0.101, 0.13]",5964,0.4282360831656606,-0.0013992716461887,0.0005023074865198,0.0016214317945201,0.0189965566898977,10673194012,regime-analysis-123,35672584394,2026-09-22T02:07:56Z,2026-09-22T02:07:56Z,2026-10-22T02:07:54Z,2197937
origin_spy_trend_ma50_200,"(0.0115, 0.0452]",6090,0.5568144499178982,0.0037482734086275,0.0044381968901535,0.0039037131970673,0.0215182377671384,10673194012,regime-analysis-123,35672584394,2026-09-22T02:07:56Z,2026-09-22T02:07:56Z,2026-10-22T02:07:54Z,2197937
origin_spy_trend_ma50_200,"(0.0452, 0.0634]",6043,0.4380274697997683,-0.0024469779744672,-0.0027565758459463,0.0052303034830815,0.02103642337413,10673194012,regime-analysis-123,35672584394,2026-09-22T02:07:56Z,2026-09-22T02:07:56Z,2026-10-22T02:07:54Z,2197937
origin_spy_trend_ma50_200,"(0.0634, 0.0795]",6007,0.4789412352255702,0.0011567903483046,0.0045901257759534,0.001555835496004,0.0213199090659718,10673194012,regime-analysis-123,35672584394,2026-09-22T02:07:56Z,2026-09-22T02:07:56Z,2026-10-22T02:07:54Z,2197937
origin_spy_trend_ma50_200,"(0.0795, 0.0902]",5985,0.5117794486215539,0.0038393914412213,0.0045908507707175,0.0044620428828353,0.0180658254689549,10673194012,regime-analysis-123,35672584394,2026-09-22T02:07:56Z,2026-09-22T02:07:56Z,2026-10-22T02:07:54Z,2197937
origin_spy_volatility_20d,"(0.0557, 0.103]",6064,0.5136873350923483,0.003816335081337,0.0056522318155563,0.0027982067741288,0.0205539546613589,10673194012,regime-analysis-123,35672584394,2026-09-22T02:07:56Z,2026-09-22T02:07:56Z,2026-10-22T02:07:54Z,2197937
origin_spy_volatility_20d,"(0.103, 0.124]",6017,0.457869370117999,-0.0016086729736813,0.0001821611897065,0.0022854294668024,0.0230143626206922,10673194012,regime-analysis-123,35672584394,2026-09-22T02:07:56Z,2026-09-22T02:07:56Z,2026-10-22T02:07:54Z,2197937
origin_spy_volatility_20d,"(0.124, 0.139]",6038,0.4632328585624379,-0.0011836288445171,-0.000760731015753,0.002970164255503,0.0198885196448649,10673194012,regime-analysis-123,35672584394,2026-09-22T02:07:56Z,2026-09-22T02:07:56Z,2026-10-22T02:07:54Z,2197937
origin_spy_volatility_20d,"(0.139, 0.207]",6006,0.5512820512820513,0.0052699591857175,0.0057678746067258,0.0071225376360094,0.0185078839613467,10673194012,regime-analysis-123,35672584394,2026-09-22T02:07:56Z,2026-09-22T02:07:56Z,2026-10-22T02:07:54Z,2197937
origin_spy_volatility_60d,"(0.0849, 0.112]",6069,0.4219805569286538,0.0001443964149862,0.0026005840969419,0.0020526498045294,0.0200240490401101,10673194012,regime-analysis-123,35672584394,2026-09-22T02:07:56Z,2026-09-22T02:07:56Z,2026-10-22T02:07:54Z,2197937
origin_spy_volatility_60d,"(0.112, 0.127]",6006,0.4738594738594738,-0.0015789482648139,-0.0019234739055981,0.0057308953359575,0.0212481654796187,10673194012,regime-analysis-123,35672584394,2026-09-22T02:07:56Z,2026-09-22T02:07:56Z,2026-10-22T02:07:54Z,2197937
origin_spy_volatility_60d,"(0.127, 0.14]",6086,0.5535655603023332,0.0044116598774821,0.0055592055579045,0.0039536797166967,0.0184821903705801,10673194012,regime-analysis-123,35672584394,2026-09-22T02:07:56Z,2026-09-22T02:07:56Z,2026-10-22T02:07:54Z,2197937
origin_spy_volatility_60d,"(0.14, 0.158]",5964,0.5368879946344735,0.0033073363478164,0.0045868331640094,0.0034359798774985,0.0222563359410395,10673194012,regime-analysis-123,35672584394,2026-09-22T02:07:56Z,2026-09-22T02:07:56Z,2026-10-22T02:07:54Z,2197937
origin_spy_vol_change_20d,"(-0.517, -0.304]",6080,0.4876644736842105,0.0049336948899945,0.0090538886405313,0.0010741023135826,0.0211756893030431,10673194012,regime-analysis-123,35672584394,2026-09-22T02:07:56Z,2026-09-22T02:07:56Z,2026-10-22T02:07:54Z,2197937
origin_spy_vol_change_20d,"(-0.304, -0.00311]",5991,0.5065932231680854,0.0001677749586849,0.0002136634398341,0.0026533855665196,0.0200891949492286,10673194012,regime-analysis-123,35672584394,2026-09-22T02:07:56Z,2026-09-22T02:07:56Z,2026-10-22T02:07:54Z,2197937
origin_spy_vol_change_20d,"(-0.00311, 0.27]",6069,0.4911847091777888,-0.0001890439644973,-0.0003600892732937,0.0059314132226701,0.0200755557317831,10673194012,regime-analysis-123,35672584394,2026-09-22T02:07:56Z,2026-09-22T02:07:56Z,2026-10-22T02:07:54Z,2197937
origin_spy_vol_change_20d,"(0.27, 1.673]",5985,0.5007518796992482,0.0013555217491559,0.00188428401337,0.0055149283128957,0.0206216755226743,10673194012,regime-analysis-123,35672584394,2026-09-22T02:07:56Z,2026-09-22T02:07:56Z,2026-10-22T02:07:54Z,2197937
origin_market_breadth_20d,"(0.0466, 0.429]",6170,0.5145867098865479,0.0031781771499235,0.00564570128874,0.0043840780678139,0.0212901662426597,10673194012,regime-analysis-123,35672584394,2026-09-22T02:07:56Z,2026-09-22T02:07:56Z,2026-10-22T02:07:54Z,2197937
origin_market_breadth_20d,"(0.429, 0.667]",7980,0.4822055137844611,0.0006010220580743,0.0004914587854811,0.0042197775956507,0.01996707937352,10673194012,regime-analysis-123,35672584394,2026-09-22T02:07:56Z,2026-09-22T02:07:56Z,2026-10-22T02:07:54Z,2197937
origin_market_breadth_20d,"(0.667, 0.81]",4935,0.5268490374873354,0.0010094029779832,0.0010114398734623,0.0033843566592875,0.0208051843385419,10673194012,regime-analysis-123,35672584394,2026-09-22T02:07:56Z,2026-09-22T02:07:56Z,2026-10-22T02:07:54Z,2197937
origin_market_breadth_20d,"(0.81, 1.0]",5040,0.4672619047619047,0.0017024963932546,0.0043000961880309,0.0027790041252735,0.020037823375818,10673194012,regime-analysis-123,35672584394,2026-09-22T02:07:56Z,2026-09-22T02:07:56Z,2026-10-22T02:07:54Z,2197937
origin_market_breadth_252d,"(0.713, 0.905]",7655,0.4219464402351404,-0.0004281277778454,0.0025716856705872,0.0009842237855175,0.0191613030694424,10673194012,regime-analysis-123,35672584394,2026-09-22T02:07:56Z,2026-09-22T02:07:56Z,2026-10-22T02:07:54Z,2197937
origin_market_breadth_252d,"(0.905, 0.952]",5550,0.5363963963963964,0.0031704044686927,0.0037739947492298,0.0054733303228567,0.0183650085784311,10673194012,regime-analysis-123,35672584394,2026-09-22T02:07:56Z,2026-09-22T02:07:56Z,2026-10-22T02:07:54Z,2197937
origin_market_breadth_252d,"(0.952, 1.0]",10920,0.5284798534798535,0.0021656655581478,0.0022699481644969,0.0049011310830289,0.0225051521095104,10673194012,regime-analysis-123,35672584394,2026-09-22T02:07:56Z,2026-09-22T02:07:56Z,2026-10-22T02:07:54Z,2197937
origin_market_breadth_above_sma200,"(0.38, 0.714]",6086,0.4556358856391718,0.0002473977874543,0.0027515458244253,0.0021727192311962,0.0204150629745106,10673194012,regime-analysis-123,35672584394,2026-09-22T02:07:56Z,2026-09-22T02:07:56Z,2026-10-22T02:07:54Z,2197937
origin_market_breadth_above_sma200,"(0.714, 0.952]",7329,0.5347250648110247,0.0004044318493439,-0.0002677339111049,0.0043707615072289,0.0220034939542755,10673194012,regime-analysis-123,35672584394,2026-09-22T02:07:56Z,2026-09-22T02:07:56Z,2026-10-22T02:07:54Z,2197937
origin_market_breadth_above_sma200,"(0.952, 1.0]",10710,0.4935574229691877,0.0031277078056511,0.0047279246097024,0.0043113993902078,0.0195006678981299,10673194012,regime-analysis-123,35672584394,2026-09-22T02:07:56Z,2026-09-22T02:07:56Z,2026-10-22T02:07:54Z,2197937
origin_cross_asset_daily_volatility,"(0.0015400000000000001, 0.00848]",6043,0.4949528379943737,0.002606455085739,0.0046213741766026,0.0032629485208094,0.0196510650560554,10673194012,regime-analysis-123,35672584394,2026-09-22T02:07:56Z,2026-09-22T02:07:56Z,2026-10-22T02:07:54Z,2197937
origin_cross_asset_daily_volatility,"(0.00848, 0.0114]",6069,0.4915142527599275,0.0005296643544094,0.0007371306640162,0.0034199067605282,0.0200654932112377,10673194012,regime-analysis-123,35672584394,2026-09-22T02:07:56Z,2026-09-22T02:07:56Z,2026-10-22T02:07:54Z,2197937
origin_cross_asset_daily_volatility,"(0.0114, 0.0155]",6064,0.4577836411609499,-0.0006499570038343,0.000134727526001,0.0036966396793017,0.021291134264235,10673194012,regime-analysis-123,35672584394,2026-09-22T02:07:56Z,2026-09-22T02:07:56Z,2026-10-22T02:07:54Z,2197937
origin_cross_asset_daily_volatility,"(0.0155, 0.0647]",5949,0.5426122037317196,0.0038566973908272,0.0054130376123855,0.0047977362145713,0.0209654615955055,10673194012,regime-analysis-123,35672584394,2026-09-22T02:07:56Z,2026-09-22T02:07:56Z,2026-10-22T02:07:54Z,2197937
origin_cross_asset_return_20d_dispersion,"(0.0172, 0.046]",6096,0.4977034120734908,0.000965674680576,0.0020350283694965,0.0047639790850415,0.0184777371936991,10673194012,regime-analysis-123,35672584394,2026-09-22T02:07:56Z,2026-09-22T02:07:56Z,2026-10-22T02:07:54Z,2197937
origin_cross_asset_return_20d_dispersion,"(0.046, 0.0577]",6064,0.4531662269129287,-0.0003734003846416,0.0005235224658741,0.0025564781670922,0.0200417265610801,10673194012,regime-analysis-123,35672584394,2026-09-22T02:07:56Z,2026-09-22T02:07:56Z,2026-10-22T02:07:54Z,2197937
origin_cross_asset_return_20d_dispersion,"(0.0577, 0.0708]",5959,0.4737372042288975,0.0022816403958056,0.0050658804823541,0.0027675567620817,0.0211992764539394,10673194012,regime-analysis-123,35672584394,2026-09-22T02:07:56Z,2026-09-22T02:07:56Z,2026-10-22T02:07:54Z,2197937
origin_cross_asset_return_20d_dispersion,"(0.0708, 0.157]",6006,0.5616050616050616,0.003454669749897,0.0032720618806222,0.0050609385520749,0.0222880501922283,10673194012,regime-analysis-123,35672584394,2026-09-22T02:07:56Z,2026-09-22T02:07:56Z,2026-10-22T02:07:54Z,2197937
origin_vix_market,"(13.469000000000001, 15.86]",6127,0.5485555736902236,0.0021872994912341,0.0024073350651056,0.0008493918809756,0.018416693091306,10574254602,regime-analysis-122,35407345736,2026-09-19T01:21:51Z,2026-09-19T01:21:51Z,2026-10-19T01:21:50Z,2205266
origin_vix_market,"(15.86, 17.09]",6001,0.4612564572571238,-0.0014376522624473,0.0006378074783179,0.0009404444826456,0.0216746377347738,10574254602,regime-analysis-122,35407345736,2026-09-19T01:21:51Z,2026-09-19T01:21:51Z,2026-10-19T01:21:50Z,2205266
origin_vix_market,"(17.09, 19.09]",6012,0.4798735861610113,0.0013231169272184,0.0027338858816228,0.0025728120781132,0.0216584900821319,10574254602,regime-analysis-122,35407345736,2026-09-19T01:21:51Z,2026-09-19T01:21:51Z,2026-10-19T01:21:50Z,2205266
origin_vix_market,"(19.09, 31.05]",5985,0.4912280701754385,0.0040385361814971,0.0050804364379737,0.0063097682807278,0.0215593010008252,10574254602,regime-analysis-122,35407345736,2026-09-19T01:21:51Z,2026-09-19T01:21:51Z,2026-10-19T01:21:50Z,2205266
origin_vix_change_1d,"(-5.361000000000001, -0.7]",6169,0.4809531528610796,0.0003932974719616,0.0013775034978367,0.0040906037504048,0.0208107166924938,10574254602,regime-analysis-122,35407345736,2026-09-19T01:21:51Z,2026-09-19T01:21:51Z,2026-10-19T01:21:50Z,2205266
origin_vix_change_1d,"(-0.7, -0.12]",6059,0.511800627166199,0.0022726375607726,0.0036822911325488,0.0005067183378097,0.0197571581006281,10574254602,regime-analysis-122,35407345736,2026-09-19T01:21:51Z,2026-09-19T01:21:51Z,2026-10-19T01:21:50Z,2205266
origin_vix_change_1d,"(-0.12, 0.67]",5917,0.5127598445158019,0.0018933705913607,0.0032719478939886,0.0026795794025745,0.0211015580157282,10574254602,regime-analysis-122,35407345736,2026-09-19T01:21:51Z,2026-09-19T01:21:51Z,2026-10-19T01:21:50Z,2205266
origin_vix_change_1d,"(0.67, 6.11]",5980,0.4769230769230769,0.001588664530804,0.0025503046628559,0.0033309913877588,0.0216060179755456,10574254602,regime-analysis-122,35407345736,2026-09-19T01:21:51Z,2026-09-19T01:21:51Z,2026-10-19T01:21:50Z,2205266
origin_vix_change_5d,"(-10.071, -1.42]",6085,0.4949876746096959,0.001073629265733,0.0018933617255081,0.0043599828267703,0.0217412598468919,10574254602,regime-analysis-122,35407345736,2026-09-19T01:21:51Z,2026-09-19T01:21:51Z,2026-10-19T01:21:50Z,2205266
origin_vix_change_5d,"(-1.42, 0.02]",6001,0.4677553741043159,-0.0008440221765319,0.0014827734928513,0.0004081950804115,0.0211783573336626,10574254602,regime-analysis-122,35407345736,2026-09-19T01:21:51Z,2026-09-19T01:21:51Z,2026-10-19T01:21:50Z,2205266
origin_vix_change_5d,"(0.02, 1.09]",6022,0.5066423115244105,0.0010653341069456,0.0006225856910452,0.0018752500076213,0.0200726430766303,10574254602,regime-analysis-122,35407345736,2026-09-19T01:21:51Z,2026-09-19T01:21:51Z,2026-10-19T01:21:50Z,2205266
origin_vix_change_5d,"(1.09, 9.63]",6017,0.5125477812863554,0.0048223286980053,0.0068557948747025,0.003956574878598,0.0202571868614611,10574254602,regime-analysis-122,35407345736,2026-09-19T01:21:51Z,2026-09-19T01:21:51Z,2026-10-19T01:21:50Z,2205266
origin_vix_change_20d,"(-13.030999999999999, -2.1]",6064,0.5285290237467019,0.0028042449033296,0.0037733852352763,0.0005853491604619,0.0204104573197888,10574254602,regime-analysis-122,35407345736,2026-09-19T01:21:51Z,2026-09-19T01:21:51Z,2026-10-19T01:21:50Z,2205266
origin_vix_change_20d,"(-2.1, -0.06]",6085,0.5286770747740345,0.0015672724732623,0.0010314882375419,0.0009082843598364,0.0191150078241527,10574254602,regime-analysis-122,35407345736,2026-09-19T01:21:51Z,2026-09-19T01:21:51Z,2026-10-19T01:21:50Z,2205266
origin_vix_change_20d,"(-0.06, 2.14]",5991,0.4735436488065431,0.0027553580113279,0.0065108543980812,0.0031059578287399,0.0206461360404042,10574254602,regime-analysis-122,35407345736,2026-09-19T01:21:51Z,2026-09-19T01:21:51Z,2026-10-19T01:21:50Z,2205266
origin_vix_change_20d,"(2.14, 11.19]",5985,0.4502923976608187,-0.0010275176559591,-0.0004586773714596,0.0060810826697143,0.0231206351988798,10574254602,regime-analysis-122,35407345736,2026-09-19T01:21:51Z,2026-09-19T01:21:51Z,2026-10-19T01:21:50Z,2205266
origin_vix_pct_change_1d,"(-0.185, -0.0411]",6085,0.4654067378800329,0.0003621443075558,0.0017389608982716,0.0033862077640983,0.020733038547157,10574254602,regime-analysis-122,35407345736,2026-09-19T01:21:51Z,2026-09-19T01:21:51Z,2026-10-19T01:21:50Z,2205266
origin_vix_pct_change_1d,"(-0.0411, -0.00642]",6038,0.5251738986419344,0.0023174089058919,0.0035882302063891,0.0013861891418734,0.0197522177547403,10574254602,regime-analysis-122,35407345736,2026-09-19T01:21:51Z,2026-09-19T01:21:51Z,2026-10-19T01:21:50Z,2205266
origin_vix_pct_change_1d,"(-0.00642, 0.0428]",6022,0.503155097974095,0.0006750864752792,0.0016318923458581,0.002385094247693,0.0213842937541101,10574254602,regime-analysis-122,35407345736,2026-09-19T01:21:51Z,2026-09-19T01:21:51Z,2026-10-19T01:21:50Z,2205266
origin_vix_pct_change_1d,"(0.0428, 0.397]",5980,0.4884615384615384,0.0027822603560465,0.0039038782381202,0.0034684981481754,0.0213965202559703,10574254602,regime-analysis-122,35407345736,2026-09-19T01:21:51Z,2026-09-19T01:21:51Z,2026-10-19T01:21:50Z,2205266
origin_vix_pct_change_5d,"(-0.382, -0.078]",6085,0.4925225965488907,0.0004542931918956,0.0012986945075023,0.0039399906190691,0.0217378628667962,10574254602,regime-analysis-122,35407345736,2026-09-19T01:21:51Z,2026-09-19T01:21:51Z,2026-10-19T01:21:50Z,2205266
origin_vix_pct_change_5d,"(-0.078, 0.00124]",6001,0.4702549575070821,-0.0002160168425375,0.0020857646645835,0.000834066199202,0.0211818018635547,10574254602,regime-analysis-122,35407345736,2026-09-19T01:21:51Z,2026-09-19T01:21:51Z,2026-10-19T01:21:50Z,2205266
origin_vix_pct_change_5d,"(0.00124, 0.068]",6059,0.4844033668922264,0.0001870514877517,-8.947686187444804e-06,0.0016589631951104,0.0206978462747971,10574254602,regime-analysis-122,35407345736,2026-09-19T01:21:51Z,2026-09-19T01:21:51Z,2026-10-19T01:21:50Z,2205266
origin_vix_pct_change_5d,"(0.068, 0.54]",5980,0.5351170568561873,0.00573545966616,0.0075342379302958,0.0041885967543888,0.0196248661160341,10574254602,regime-analysis-122,35407345736,2026-09-19T01:21:51Z,2026-09-19T01:21:51Z,2026-10-19T01:21:50Z,2205266
origin_vix_pct_change_20d,"(-0.437, -0.117]",6064,0.5285290237467019,0.0028042449033296,0.0037733852352763,0.0005853491604619,0.0204104573197888,10574254602,regime-analysis-122,35407345736,2026-09-19T01:21:51Z,2026-09-19T01:21:51Z,2026-10-19T01:21:50Z,2205266
origin_vix_pct_change_20d,"(-0.117, -0.00367]",6085,0.5286770747740345,0.0015672724732623,0.0010314882375419,0.0009082843598364,0.0191150078241527,10574254602,regime-analysis-122,35407345736,2026-09-19T01:21:51Z,2026-09-19T01:21:51Z,2026-10-19T01:21:50Z,2205266
origin_vix_pct_change_20d,"(-0.00367, 0.137]",5991,0.4793857452845935,0.0031331613872694,0.0066485492776293,0.0028107836178549,0.0205195328857425,10574254602,regime-analysis-122,35407345736,2026-09-19T01:21:51Z,2026-09-19T01:21:51Z,2026-10-19T01:21:50Z,2205266
origin_vix_pct_change_20d,"(0.137, 0.612]",5985,0.4444444444444444,-0.0014056997821521,-0.0005965102909872,0.0063765527945951,0.0232473652739973,10574254602,regime-analysis-122,35407345736,2026-09-19T01:21:51Z,2026-09-19T01:21:51Z,2026-10-19T01:21:50Z,2205266
origin_vix_distance_ma20,"(-0.255, -0.0751]",6085,0.523253903040263,0.0033381255462974,0.004982808520396,0.0002102957255324,0.018726065859792,10574254602,regime-analysis-122,35407345736,2026-09-19T01:21:51Z,2026-09-19T01:21:51Z,2026-10-19T01:21:50Z,2205266
origin_vix_distance_ma20,"(-0.0751, -0.0102]",5985,0.526984126984127,0.0011859410506971,0.0005832982867053,0.0030488897912873,0.0205264154392638,10574254602,regime-analysis-122,35407345736,2026-09-19T01:21:51Z,2026-09-19T01:21:51Z,2026-10-19T01:21:50Z,2205266
origin_vix_distance_ma20,"(-0.0102, 0.0602]",6101,0.4697590558924766,-0.0016501249449755,-4.954619859321024e-05,0.0036329108810932,0.0223532693489604,10574254602,regime-analysis-122,35407345736,2026-09-19T01:21:51Z,2026-09-19T01:21:51Z,2026-10-19T01:21:50Z,2205266
origin_vix_distance_ma20,"(0.0602, 0.447]",5954,0.4618743701713134,0.0032846005912321,0.0053595246704657,0.0037601438684242,0.0216620482065318,10574254602,regime-analysis-122,35407345736,2026-09-19T01:21:51Z,2026-09-19T01:21:51Z,2026-10-19T01:21:50Z,2205266
origin_vix_trend_ma,"(-0.224, -0.0612]",6132,0.5523483365949119,0.0041758331838811,0.0053622142888543,-0.0001736740965712,0.0194679521433386,10574254602,regime-analysis-122,35407345736,2026-09-19T01:21:51Z,2026-09-19T01:21:51Z,2026-10-19T01:21:50Z,2205266
origin_vix_trend_ma,"(-0.0612, -0.00155]",6001,0.5407432094650891,0.0026459535060629,0.0016703700828922,0.0025081395160356,0.0185434779625061,10574254602,regime-analysis-122,35407345736,2026-09-19T01:21:51Z,2026-09-19T01:21:51Z,2026-10-19T01:21:50Z,2205266
origin_vix_trend_ma,"(-0.00155, 0.0569]",5991,0.4202971123351694,-0.0023680505983418,8.222548306739386e-05,0.0021669348366154,0.0221005363414824,10574254602,regime-analysis-122,35407345736,2026-09-19T01:21:51Z,2026-09-19T01:21:51Z,2026-10-19T01:21:50Z,2205266
origin_vix_trend_ma,"(0.0569, 0.24]",6001,0.4672554574237627,0.0016000442975779,0.0036697478532127,0.0061841457235709,0.023177908925638,10574254602,regime-analysis-122,35407345736,2026-09-19T01:21:51Z,2026-09-19T01:21:51Z,2026-10-19T01:21:50Z,2205266
origin_vix_percentile_252,"(0.0029699999999999996, 0.262]",6232,0.5341784338896021,0.0009942363749114,0.0013359558886475,0.0004978107792231,0.0187709411639944,10574254602,regime-analysis-122,35407345736,2026-09-19T01:21:51Z,2026-09-19T01:21:51Z,2026-10-19T01:21:50Z,2205266
origin_vix_percentile_252,"(0.262, 0.496]",5875,0.4772765957446808,-0.000152663199559,0.0018049010334642,0.001411411569193,0.0215372585309091,10574254602,regime-analysis-122,35407345736,2026-09-19T01:21:51Z,2026-09-19T01:21:51Z,2026-10-19T01:21:50Z,2205266
origin_vix_percentile_252,"(0.496, 0.71]",6180,0.4828478964401294,0.0017502925496655,0.0032385498182035,0.0021625096575955,0.021456010677506,10574254602,regime-analysis-122,35407345736,2026-09-19T01:21:51Z,2026-09-19T01:21:51Z,2026-10-19T01:21:50Z,2205266
origin_vix_percentile_252,"(0.71, 0.968]",5838,0.4859540938677629,0.0035600304934174,0.00453512334305,0.0067353256834188,0.0215898926499545,10574254602,regime-analysis-122,35407345736,2026-09-19T01:21:51Z,2026-09-19T01:21:51Z,2026-10-19T01:21:50Z,2205266
origin_spy_return_5d,"(-0.0392, -0.00842]",6043,0.4741022670858845,0.0024538517144914,0.0039724150129112,0.0043074206802606,0.0215987026038215,10574254602,regime-analysis-122,35407345736,2026-09-19T01:21:51Z,2026-09-19T01:21:51Z,2026-10-19T01:21:50Z,2205266
origin_spy_return_5d,"(-0.00842, 0.00376]",6075,0.4725925925925926,0.0017273495914983,0.0039908621819651,0.0020307485172516,0.0212127471640121,10574254602,regime-analysis-122,35407345736,2026-09-19T01:21:51Z,2026-09-19T01:21:51Z,2026-10-19T01:21:50Z,2205266
origin_spy_return_5d,"(0.00376, 0.0122]",6006,0.501998001998002,0.0013576775188223,0.0030474810487977,0.0014623714665943,0.0198646259034707,10574254602,regime-analysis-122,35407345736,2026-09-19T01:21:51Z,2026-09-19T01:21:51Z,2026-10-19T01:21:50Z,2205266
origin_spy_return_5d,"(0.0122, 0.0553]",6001,0.5337443759373438,0.0005703990853976,-0.0001888358997937,0.0028211960218934,0.0205726539656747,10574254602,regime-analysis-122,35407345736,2026-09-19T01:21:51Z,2026-09-19T01:21:51Z,2026-10-19T01:21:50Z,2205266
origin_spy_return_20d,"(-0.0803, -0.00265]",6127,0.4633589032152766,0.001028731220056,0.0017388892043068,0.0072185313853784,0.0228169935870594,10574254602,regime-analysis-122,35407345736,2026-09-19T01:21:51Z,2026-09-19T01:21:51Z,2026-10-19T01:21:50Z,2205266
origin_spy_return_20d,"(-0.00265, 0.0122]",6017,0.56074455708825,0.0033548224569317,0.0040916798918312,0.00320482749774,0.0211702350079573,10574254602,regime-analysis-122,35407345736,2026-09-19T01:21:51Z,2026-09-19T01:21:51Z,2026-10-19T01:21:50Z,2205266
origin_spy_return_20d,"(0.0122, 0.0317]",5996,0.4674783188792528,0.0013383178395855,0.0045505041044837,0.0009810718214511,0.0191214624050627,10574254602,regime-analysis-122,35407345736,2026-09-19T01:21:51Z,2026-09-19T01:21:51Z,2026-10-19T01:21:50Z,2205266
origin_spy_return_20d,"(0.0317, 0.128]",5985,0.4908939014202172,0.0003986456296986,0.0004780491141948,-0.0008879456515737,0.0201033460566379,10574254602,regime-analysis-122,35407345736,2026-09-19T01:21:51Z,2026-09-19T01:21:51Z,2026-10-19T01:21:50Z,2205266
origin_spy_return_60d,"(-0.078, 0.02]",6090,0.5249589490968801,0.0010870543606231,0.0010745852254946,0.006685433569073,0.0225162217030412,10574254602,regime-analysis-122,35407345736,2026-09-19T01:21:51Z,2026-09-19T01:21:51Z,2026-10-19T01:21:50Z,2205266
origin_spy_return_60d,"(0.02, 0.0424]",6054,0.5336967294350843,0.0056010744527237,0.0087472310498146,0.0017421438589782,0.0198161550633279,10574254602,regime-analysis-122,35407345736,2026-09-19T01:21:51Z,2026-09-19T01:21:51Z,2026-10-19T01:21:50Z,2205266
origin_spy_return_60d,"(0.0424, 0.0714]",5996,0.4608072048032021,0.001685155441635,0.0029341349316138,0.0005015852899499,0.0196499391043069,10574254602,regime-analysis-122,35407345736,2026-09-19T01:21:51Z,2026-09-19T01:21:51Z,2026-10-19T01:21:50Z,2205266
origin_spy_return_60d,"(0.0714, 0.162]",5985,0.4616541353383459,-0.0022947046035899,-0.001950421925801,0.001639232416444,0.0212598179926805,10574254602,regime-analysis-122,35407345736,2026-09-19T01:21:51Z,2026-09-19T01:21:51Z,2026-10-19T01:21:50Z,2205266
origin_spy_return_120d,"(-0.06, 0.0691]",6080,0.5233552631578947,0.0047550205653249,0.0057290299357915,0.0062438443810582,0.0218530369209588,10574254602,regime-analysis-122,35407345736,2026-09-19T01:21:51Z,2026-09-19T01:21:51Z,2026-10-19T01:21:50Z,2205266
origin_spy_return_120d,"(0.0691, 0.1]",6075,0.542716049382716,0.0034212007983739,0.0043213137353471,0.0040862883653069,0.0226478704832281,10574254602,regime-analysis-122,35407345736,2026-09-19T01:21:51Z,2026-09-19T01:21:51Z,2026-10-19T01:21:50Z,2205266
origin_spy_return_120d,"(0.1, 0.134]",5943,0.4893151606932526,-0.0007220316401307,0.0002714029627554,0.001149976080458,0.0200504830996467,10574254602,regime-analysis-122,35407345736,2026-09-19T01:21:51Z,2026-09-19T01:21:51Z,2026-10-19T01:21:50Z,2205266
origin_spy_return_120d,"(0.134, 0.342]",6027,0.4259167081466733,-0.0014109565424684,0.0004516887113614,-0.0009194529174329,0.0186725634236411,10574254602,regime-analysis-122,35407345736,2026-09-19T01:21:51Z,2026-09-19T01:21:51Z,2026-10-19T01:21:50Z,2205266
origin_spy_distance_sma50,"(-0.0693, 0.00313]",6038,0.4827757535607817,0.0031361927969017,0.0056532497737533,0.006101973336415,0.0222967105958943,10574254602,regime-analysis-122,35407345736,2026-09-19T01:21:51Z,2026-09-19T01:21:51Z,2026-10-19T01:21:50Z,2205266
origin_spy_distance_sma50,"(0.00313, 0.0169]",6075,0.5702057613168724,0.0036247476172268,0.0031480942749052,0.0030822036088639,0.0195069722506584,10574254602,regime-analysis-122,35407345736,2026-09-19T01:21:51Z,2026-09-19T01:21:51Z,2026-10-19T01:21:50Z,2205266
origin_spy_distance_sma50,"(0.0169, 0.0314]",5985,0.4536340852130325,-0.0014462705307083,0.0003372838635884,0.0017783718905707,0.0204228329050305,10574254602,regime-analysis-122,35407345736,2026-09-19T01:21:51Z,2026-09-19T01:21:51Z,2026-10-19T01:21:50Z,2205266
origin_spy_distance_sma50,"(0.0314, 0.0861]",6027,0.4745312759250041,0.0007630174236745,0.0016827807939817,-0.0003537608968509,0.0210367991609688,10574254602,regime-analysis-122,35407345736,2026-09-19T01:21:51Z,2026-09-19T01:21:51Z,2026-10-19T01:21:50Z,2205266
origin_spy_distance_sma200,"(-0.0461, 0.0646]",6101,0.5045074577938043,0.0035230751040243,0.0045305410857547,0.0063378673625497,0.0224130260586912,10574254602,regime-analysis-122,35407345736,2026-09-19T01:21:51Z,2026-09-19T01:21:51Z,2026-10-19T01:21:50Z,2205266
origin_spy_distance_sma200,"(0.0646, 0.0866]",5970,0.5130653266331658,0.000872273856557,0.0017923723568787,0.0024654514419337,0.0212561887413441,10574254602,regime-analysis-122,35407345736,2026-09-19T01:21:51Z,2026-09-19T01:21:51Z,2026-10-19T01:21:50Z,2205266
origin_spy_distance_sma200,"(0.0866, 0.101]",6090,0.5170771756978654,0.0032390958447459,0.0039544667715134,0.002228032519987,0.0204912546362881,10574254602,regime-analysis-122,35407345736,2026-09-19T01:21:51Z,2026-09-19T01:21:51Z,2026-10-19T01:21:50Z,2205266
origin_spy_distance_sma200,"(0.101, 0.13]",5964,0.4466800804828973,-0.0015976524244228,0.0005023074865198,-0.000482101134325,0.019067535039509,10574254602,regime-analysis-122,35407345736,2026-09-19T01:21:51Z,2026-09-19T01:21:51Z,2026-10-19T01:21:50Z,2205266
origin_spy_trend_ma50_200,"(0.0115, 0.0452]",6090,0.5408866995073892,0.0045153236604956,0.0044381968901535,0.0042892863564179,0.022364888794368,10574254602,regime-analysis-122,35407345736,2026-09-19T01:21:51Z,2026-09-19T01:21:51Z,2026-10-19T01:21:50Z,2205266
origin_spy_trend_ma50_200,"(0.0452, 0.0634]",6043,0.4588780407082575,-0.0024318229112156,-0.0027565758459463,0.0041638168693566,0.021076913198977,10574254602,regime-analysis-122,35407345736,2026-09-19T01:21:51Z,2026-09-19T01:21:51Z,2026-10-19T01:21:50Z,2205266
origin_spy_trend_ma50_200,"(0.0634, 0.0795]",6007,0.4811053770600965,0.0012519125488677,0.0045901257759534,0.0007735748654364,0.0212979227205585,10574254602,regime-analysis-122,35407345736,2026-09-19T01:21:51Z,2026-09-19T01:21:51Z,2026-10-19T01:21:50Z,2205266
origin_spy_trend_ma50_200,"(0.0795, 0.0902]",5985,0.5007518796992482,0.0027696569503011,0.0045908507707175,0.001361566800348,0.0184870939814556,10574254602,regime-analysis-122,35407345736,2026-09-19T01:21:51Z,2026-09-19T01:21:51Z,2026-10-19T01:21:50Z,2205266
origin_spy_volatility_20d,"(0.0557, 0.103]",6064,0.5169854881266491,0.0040001238296428,0.0056522318155563,0.001582084463335,0.0206750332702247,10574254602,regime-analysis-122,35407345736,2026-09-19T01:21:51Z,2026-09-19T01:21:51Z,2026-10-19T01:21:50Z,2205266
origin_spy_volatility_20d,"(0.103, 0.124]",6017,0.4286189130796077,-0.0022231485930831,0.0001821611897065,0.0020322149170801,0.0236266182767627,10574254602,regime-analysis-122,35407345736,2026-09-19T01:21:51Z,2026-09-19T01:21:51Z,2026-10-19T01:21:50Z,2205266
origin_spy_volatility_20d,"(0.124, 0.139]",6038,0.4471679364027823,-0.0012447595181842,-0.000760731015753,0.0010580360563837,0.0198771078787197,10574254602,regime-analysis-122,35407345736,2026-09-19T01:21:51Z,2026-09-19T01:21:51Z,2026-10-19T01:21:50Z,2205266
origin_spy_volatility_20d,"(0.139, 0.207]",6006,0.5894105894105894,0.0055836235299645,0.0057678746067258,0.0059722813384427,0.0190807687623863,10574254602,regime-analysis-122,35407345736,2026-09-19T01:21:51Z,2026-09-19T01:21:51Z,2026-10-19T01:21:50Z,2205266
origin_spy_volatility_60d,"(0.0849, 0.112]",6069,0.4150601417037403,0.0001234395909012,0.0026005840969419,0.0014043951011499,0.0201572115313214,10574254602,regime-analysis-122,35407345736,2026-09-19T01:21:51Z,2026-09-19T01:21:51Z,2026-10-19T01:21:50Z,2205266
origin_spy_volatility_60d,"(0.112, 0.127]",6006,0.4585414585414585,-0.0028847544459712,-0.0019234739055981,0.0046587486061125,0.022072884381652,10574254602,regime-analysis-122,35407345736,2026-09-19T01:21:51Z,2026-09-19T01:21:51Z,2026-10-19T01:21:50Z,2205266
origin_spy_volatility_60d,"(0.127, 0.14]",6086,0.5614525139664804,0.0041882648815806,0.0055592055579045,0.0006241651468187,0.0184427744182226,10574254602,regime-analysis-122,35407345736,2026-09-19T01:21:51Z,2026-09-19T01:21:51Z,2026-10-19T01:21:50Z,2205266
origin_spy_volatility_60d,"(0.14, 0.158]",5964,0.5472837022132797,0.0046925471201486,0.0045868331640094,0.0039867796257775,0.0226366956726076,10574254602,regime-analysis-122,35407345736,2026-09-19T01:21:51Z,2026-09-19T01:21:51Z,2026-10-19T01:21:50Z,2205266
origin_spy_vol_change_20d,"(-0.517, -0.304]",6080,0.5021381578947368,0.0062703937481303,0.0090538886405313,0.0007373176566584,0.0212138233651037,10574254602,regime-analysis-122,35407345736,2026-09-19T01:21:51Z,2026-09-19T01:21:51Z,2026-10-19T01:21:50Z,2205266
origin_spy_vol_change_20d,"(-0.304, -0.00311]",5991,0.4523451844433316,-0.0019595328191079,0.0002136634398341,0.0007342232698185,0.0210966675365041,10574254602,regime-analysis-122,35407345736,2026-09-19T01:21:51Z,2026-09-19T01:21:51Z,2026-10-19T01:21:50Z,2205266
origin_spy_vol_change_20d,"(-0.00311, 0.27]",6069,0.4913494809688581,0.0002492465238409,-0.0003600892732937,0.0042463490910175,0.0200948562173002,10574254602,regime-analysis-122,35407345736,2026-09-19T01:21:51Z,2026-09-19T01:21:51Z,2026-10-19T01:21:50Z,2205266
origin_spy_vol_change_20d,"(0.27, 1.673]",5985,0.5361737677527151,0.001504150500584,0.00188428401337,0.0049167627691755,0.020856470313568,10574254602,regime-analysis-122,35407345736,2026-09-19T01:21:51Z,2026-09-19T01:21:51Z,2026-10-19T01:21:50Z,2205266
origin_market_breadth_20d,"(0.0466, 0.429]",6170,0.5102106969205835,0.0039277482997734,0.00564570128874,0.0038130507827313,0.0217982340660269,10574254602,regime-analysis-122,35407345736,2026-09-19T01:21:51Z,2026-09-19T01:21:51Z,2026-10-19T01:21:50Z,2205266
origin_market_breadth_20d,"(0.429, 0.667]",7980,0.475438596491228,-0.00016633068688,0.0004914587854811,0.0024486848153588,0.0204186017906465,10574254602,regime-analysis-122,35407345736,2026-09-19T01:21:51Z,2026-09-19T01:21:51Z,2026-10-19T01:21:50Z,2205266
origin_market_breadth_20d,"(0.667, 0.81]",4935,0.5244174265450862,0.0005651397847973,0.0010114398734623,0.0022932563440263,0.0209383678952494,10574254602,regime-analysis-122,35407345736,2026-09-19T01:21:51Z,2026-09-19T01:21:51Z,2026-10-19T01:21:50Z,2205266
origin_market_breadth_20d,"(0.81, 1.0]",5040,0.4809523809523809,0.0022229360718786,0.0043000961880309,0.0019236691577542,0.0201161600080803,10574254602,regime-analysis-122,35407345736,2026-09-19T01:21:51Z,2026-09-19T01:21:51Z,2026-10-19T01:21:50Z,2205266
origin_market_breadth_252d,"(0.713, 0.905]",7655,0.4547354670150229,-0.0003513166656626,0.0025716856705872,-0.0019342150384539,0.0190921825179453,10574254602,regime-analysis-122,35407345736,2026-09-19T01:21:51Z,2026-09-19T01:21:51Z,2026-10-19T01:21:50Z,2205266
origin_market_breadth_252d,"(0.905, 0.952]",5550,0.5153153153153153,0.0025779473744216,0.0037739947492298,0.004085902891718,0.0187513416306529,10574254602,regime-analysis-122,35407345736,2026-09-19T01:21:51Z,2026-09-19T01:21:51Z,2026-10-19T01:21:50Z,2205266
origin_market_breadth_252d,"(0.952, 1.0]",10920,0.514010989010989,0.0023151256333471,0.0022699481644969,0.0051473622563367,0.0230706259391512,10574254602,regime-analysis-122,35407345736,2026-09-19T01:21:51Z,2026-09-19T01:21:51Z,2026-10-19T01:21:50Z,2205266
origin_market_breadth_above_sma200,"(0.38, 0.714]",6086,0.5093657574761749,0.0017320890481252,0.0027515458244253,0.0001448551027556,0.0198878651491574,10574254602,regime-analysis-122,35407345736,2026-09-19T01:21:51Z,2026-09-19T01:21:51Z,2026-10-19T01:21:50Z,2205266
origin_market_breadth_above_sma200,"(0.714, 0.952]",7329,0.4886069040796834,0.0003687834849247,-0.0002677339111049,0.0051500735936984,0.0230564845067567,10574254602,regime-analysis-122,35407345736,2026-09-19T01:21:51Z,2026-09-19T01:21:51Z,2026-10-19T01:21:50Z,2205266
origin_market_breadth_above_sma200,"(0.952, 1.0]",10710,0.49234360410831,0.0022086967937104,0.0047279246097024,0.0023765698641718,0.0198070323279864,10574254602,regime-analysis-122,35407345736,2026-09-19T01:21:51Z,2026-09-19T01:21:51Z,2026-10-19T01:21:50Z,2205266
origin_cross_asset_daily_volatility,"(0.0015400000000000001, 0.00848]",6043,0.4825417838821777,0.002213202567565,0.0046213741766026,0.000800975827334,0.0201310501468085,10574254602,regime-analysis-122,35407345736,2026-09-19T01:21:51Z,2026-09-19T01:21:51Z,2026-10-19T01:21:50Z,2205266
origin_cross_asset_daily_volatility,"(0.00848, 0.0114]",6069,0.4903608502224419,0.0005086964959864,0.0007371306640162,0.0021645702261517,0.0201120126923865,10574254602,regime-analysis-122,35407345736,2026-09-19T01:21:51Z,2026-09-19T01:21:51Z,2026-10-19T01:21:50Z,2205266
origin_cross_asset_daily_volatility,"(0.0114, 0.0155]",6064,0.4863126649076517,-0.0001054531944716,0.000134727526001,0.0034573789453145,0.0214865021942236,10574254602,regime-analysis-122,35407345736,2026-09-19T01:21:51Z,2026-09-19T01:21:51Z,2026-10-19T01:21:50Z,2205266
origin_cross_asset_daily_volatility,"(0.0155, 0.0647]",5949,0.5232812237350816,0.0035429915599062,0.0054130376123855,0.0042254027933072,0.0215407544305759,10574254602,regime-analysis-122,35407345736,2026-09-19T01:21:51Z,2026-09-19T01:21:51Z,2026-10-19T01:21:50Z,2205266
origin_cross_asset_return_20d_dispersion,"(0.0172, 0.046]",6096,0.4916338582677165,0.0012101346716471,0.0020350283694965,0.0029479387552755,0.0185109388413405,10574254602,regime-analysis-122,35407345736,2026-09-19T01:21:51Z,2026-09-19T01:21:51Z,2026-10-19T01:21:50Z,2205266
origin_cross_asset_return_20d_dispersion,"(0.046, 0.0577]",6064,0.462565963060686,-0.0011244567750823,0.0005235224658741,0.0010058569022242,0.0205171585982709,10574254602,regime-analysis-122,35407345736,2026-09-19T01:21:51Z,2026-09-19T01:21:51Z,2026-10-19T01:21:50Z,2205266
origin_cross_asset_return_20d_dispersion,"(0.0577, 0.0708]",5959,0.4480617553280752,0.0014737180776307,0.0050658804823541,0.0017050458976135,0.0219792374890949,10574254602,regime-analysis-122,35407345736,2026-09-19T01:21:51Z,2026-09-19T01:21:51Z,2026-10-19T01:21:50Z,2205266
origin_cross_asset_return_20d_dispersion,"(0.0708, 0.157]",6006,0.5797535797535798,0.004588626318628,0.0032720618806222,0.0049698670259308,0.0222975073869934,10574254602,regime-analysis-122,35407345736,2026-09-19T01:21:51Z,2026-09-19T01:21:51Z,2026-10-19T01:21:50Z,2205266
origin_vix_market,"(13.469000000000001, 15.86]",6169,0.4963527313989301,0.0025425571432061,0.0027550837975565,0.0044386031471081,0.0190589262127134,10526733832,regime-analysis-121,35288873707,2026-09-18T00:55:28Z,2026-09-18T00:55:28Z,2026-10-18T00:55:27Z,2210476
origin_vix_market,"(15.86, 17.08]",5917,0.4525942200439412,-0.0011489755361519,9.391595617833718e-05,0.0036511659166171,0.0213240644348148,10526733832,regime-analysis-121,35288873707,2026-09-18T00:55:28Z,2026-09-18T00:55:28Z,2026-10-18T00:55:27Z,2210476
origin_vix_market,"(17.08, 19.09]",6054,0.5346878097125867,0.0028572460993988,0.0031873062203428,0.004375099370548,0.0215692375878732,10526733832,regime-analysis-121,35288873707,2026-09-18T00:55:28Z,2026-09-18T00:55:28Z,2026-10-18T00:55:27Z,2210476
origin_vix_market,"(19.09, 31.05]",5985,0.6922305764411028,0.0086341848079389,0.0049575425346129,0.0013066950812804,0.0192256856948427,10526733832,regime-analysis-121,35288873707,2026-09-18T00:55:28Z,2026-09-18T00:55:28Z,2026-10-18T00:55:27Z,2210476
origin_vix_change_1d,"(-5.361000000000001, -0.7]",6148,0.5250487963565387,0.00175995202415,0.0014749889499871,0.0040290732852577,0.020651944242318,10526733832,regime-analysis-121,35288873707,2026-09-18T00:55:28Z,2026-09-18T00:55:28Z,2026-10-18T00:55:27Z,2210476
origin_vix_change_1d,"(-0.7, -0.12]",6101,0.5399114899196853,0.0037849616318121,0.0036972397910786,0.0034676804692902,0.0192653873748401,10526733832,regime-analysis-121,35288873707,2026-09-18T00:55:28Z,2026-09-18T00:55:28Z,2026-10-18T00:55:27Z,2210476
origin_vix_change_1d,"(-0.12, 0.65]",5875,0.5348085106382978,0.0033005286422236,0.0032206918601233,0.0037646556293438,0.020920019800475,10526733832,regime-analysis-121,35288873707,2026-09-18T00:55:28Z,2026-09-18T00:55:28Z,2026-10-18T00:55:27Z,2210476
origin_vix_change_1d,"(0.65, 6.11]",6001,0.5759040159973338,0.004092162805712,0.0026615563871572,0.0025410265406758,0.020327195534775,10526733832,regime-analysis-121,35288873707,2026-09-18T00:55:28Z,2026-09-18T00:55:28Z,2026-10-18T00:55:27Z,2210476
origin_vix_change_5d,"(-10.071, -1.44]",6043,0.5393016713552871,0.0027392323380892,0.0018128411498098,0.0053918771374302,0.0210841705903116,10526733832,regime-analysis-121,35288873707,2026-09-18T00:55:28Z,2026-09-18T00:55:28Z,2026-10-18T00:55:27Z,2210476
origin_vix_change_5d,"(-1.44, 0.02]",6169,0.4914897065975036,0.0005379993319528,0.001717824725561,0.0040942672240389,0.020750446269133,10526733832,regime-analysis-121,35288873707,2026-09-18T00:55:28Z,2026-09-18T00:55:28Z,2026-10-18T00:55:27Z,2210476
origin_vix_change_5d,"(0.02, 1.09]",5980,0.5051839464882943,0.0012944998461948,0.0008243640535626,0.0028146910402257,0.0201774377408424,10526733832,regime-analysis-121,35288873707,2026-09-18T00:55:28Z,2026-09-18T00:55:28Z,2026-10-18T00:55:27Z,2210476
origin_vix_change_5d,"(1.09, 9.63]",5933,0.6418338108882522,0.0084690211953762,0.0067481374931494,0.0014529938861887,0.0190987147658645,10526733832,regime-analysis-121,35288873707,2026-09-18T00:55:28Z,2026-09-18T00:55:28Z,2026-10-18T00:55:27Z,2210476
origin_vix_change_20d,"(-13.030999999999999, -2.1]",6085,0.5479046836483156,0.0041509564606836,0.0037534470101307,0.0038882306722927,0.0199076029631375,10526733832,regime-analysis-121,35288873707,2026-09-18T00:55:28Z,2026-09-18T00:55:28Z,2026-10-18T00:55:27Z,2210476
origin_vix_change_20d,"(-2.1, -0.06]",6043,0.4992553367532682,0.0011121161585437,0.0012109534874955,0.0043916390878774,0.0196343813193358,10526733832,regime-analysis-121,35288873707,2026-09-18T00:55:28Z,2026-09-18T00:55:28Z,2026-10-18T00:55:27Z,2210476
origin_vix_change_20d,"(-0.06, 2.13]",6012,0.5084830339321357,0.0047967982068272,0.006541388173158,0.0044016363962919,0.0201306731903503,10526733832,regime-analysis-121,35288873707,2026-09-18T00:55:28Z,2026-09-18T00:55:28Z,2026-10-18T00:55:27Z,2210476
origin_vix_change_20d,"(2.13, 11.19]",5985,0.6202172096908939,0.0028475308106127,-0.0004955198147301,0.0011080896458551,0.0214838697984665,10526733832,regime-analysis-121,35288873707,2026-09-18T00:55:28Z,2026-09-18T00:55:28Z,2026-10-18T00:55:27Z,2210476
origin_vix_pct_change_1d,"(-0.185, -0.0411]",6106,0.5189977071732722,0.0015948192030579,0.0018999397394846,0.0044305151654573,0.0203681494625183,10526733832,regime-analysis-121,35288873707,2026-09-18T00:55:28Z,2026-09-18T00:55:28Z,2026-10-18T00:55:27Z,2210476
origin_vix_pct_change_1d,"(-0.0411, -0.00642]",6038,0.5470354421994038,0.0041173898462063,0.0035545793280044,0.0030647564004473,0.0194011832829719,10526733832,regime-analysis-121,35288873707,2026-09-18T00:55:28Z,2026-09-18T00:55:28Z,2026-10-18T00:55:27Z,2210476
origin_vix_pct_change_1d,"(-0.00642, 0.0427]",5959,0.5200537002852827,0.0018929338420963,0.0016665632956863,0.0036398814469293,0.0214117111499465,10526733832,regime-analysis-121,35288873707,2026-09-18T00:55:28Z,2026-09-18T00:55:28Z,2026-10-18T00:55:27Z,2210476
origin_vix_pct_change_1d,"(0.0427, 0.397]",6022,0.5893390900033212,0.0053107193656566,0.0039063473724125,0.002664452823889,0.0199751322292251,10526733832,regime-analysis-121,35288873707,2026-09-18T00:55:28Z,2026-09-18T00:55:28Z,2026-10-18T00:55:27Z,2210476
origin_vix_pct_change_5d,"(-0.382, -0.078]",6043,0.5162998510673507,0.002269864803505,0.0018293925314699,0.0059045052005457,0.0210400536283798,10526733832,regime-analysis-121,35288873707,2026-09-18T00:55:28Z,2026-09-18T00:55:28Z,2026-10-18T00:55:27Z,2210476
origin_vix_pct_change_5d,"(-0.078, 0.00107]",6064,0.5171503957783641,0.0009743932855348,0.0015155195826664,0.003687740367667,0.0208891417949154,10526733832,regime-analysis-121,35288873707,2026-09-18T00:55:28Z,2026-09-18T00:55:28Z,2026-10-18T00:55:27Z,2210476
origin_vix_pct_change_5d,"(0.00107, 0.0679]",6043,0.4942909151083898,0.0004476622687811,-0.0002511605091551,0.0019570918549321,0.0202306480681225,10526733832,regime-analysis-121,35288873707,2026-09-18T00:55:28Z,2026-09-18T00:55:28Z,2026-10-18T00:55:27Z,2210476
origin_vix_pct_change_5d,"(0.0679, 0.54]",5975,0.6488702928870292,0.009293585564685,0.0079985422137755,0.002246531313491,0.0189664087215591,10526733832,regime-analysis-121,35288873707,2026-09-18T00:55:28Z,2026-09-18T00:55:28Z,2026-10-18T00:55:27Z,2210476
origin_vix_pct_change_20d,"(-0.437, -0.117]",6085,0.5479046836483156,0.0041509564606836,0.0037534470101307,0.0038882306722927,0.0199076029631375,10526733832,regime-analysis-121,35288873707,2026-09-18T00:55:28Z,2026-09-18T00:55:28Z,2026-10-18T00:55:27Z,2210476
origin_vix_pct_change_20d,"(-0.117, -0.00367]",6043,0.4992553367532682,0.0011121161585437,0.0012109534874955,0.0043916390878774,0.0196343813193358,10526733832,regime-analysis-121,35288873707,2026-09-18T00:55:28Z,2026-09-18T00:55:28Z,2026-10-18T00:55:27Z,2210476
origin_vix_pct_change_20d,"(-0.00367, 0.133]",5991,0.513937573026206,0.005336383714438,0.0070870889185075,0.0044309841914575,0.0199042109565334,10526733832,regime-analysis-121,35288873707,2026-09-18T00:55:28Z,2026-09-18T00:55:28Z,2026-10-18T00:55:27Z,2210476
origin_vix_pct_change_20d,"(0.133, 0.612]",6006,0.6143856143856143,0.0023161085394213,-0.001015253097721,0.0010903310446101,0.0217050349856172,10526733832,regime-analysis-121,35288873707,2026-09-18T00:55:28Z,2026-09-18T00:55:28Z,2026-10-18T00:55:27Z,2210476
origin_vix_distance_ma20,"(-0.255, -0.0771]",6085,0.5355792933442892,0.0040800584880554,0.0044240872348764,0.0042815561116884,0.018356767260687,10526733832,regime-analysis-121,35288873707,2026-09-18T00:55:28Z,2026-09-18T00:55:28Z,2026-10-18T00:55:27Z,2210476
origin_vix_distance_ma20,"(-0.0771, -0.0103]",5985,0.5238095238095238,0.001641032612742,0.0009997998761724,0.0051139577272564,0.0204302708747881,10526733832,regime-analysis-121,35288873707,2026-09-18T00:55:28Z,2026-09-18T00:55:28Z,2026-10-18T00:55:27Z,2210476
origin_vix_distance_ma20,"(-0.0103, 0.0593]",6038,0.4796290162305399,-0.0004804591433792,0.0003757864574849,0.0037882913847694,0.0226087144286999,10526733832,regime-analysis-121,35288873707,2026-09-18T00:55:28Z,2026-09-18T00:55:28Z,2026-10-18T00:55:27Z,2210476
origin_vix_distance_ma20,"(0.0593, 0.447]",6017,0.6365298321422636,0.0076636508145168,0.0052094540259328,0.0006247471955132,0.0197619047067091,10526733832,regime-analysis-121,35288873707,2026-09-18T00:55:28Z,2026-09-18T00:55:28Z,2026-10-18T00:55:27Z,2210476
origin_vix_trend_ma,"(-0.224, -0.0621]",6069,0.5748887790410282,0.0054492525988542,0.0057461558769965,0.0033547288484438,0.0190875600221017,10526733832,regime-analysis-121,35288873707,2026-09-18T00:55:28Z,2026-09-18T00:55:28Z,2026-10-18T00:55:27Z,2210476
origin_vix_trend_ma,"(-0.0621, -0.00196]",6064,0.5089050131926122,0.0022279338634204,0.0013768200573812,0.0052216734874807,0.0190073860442813,10526733832,regime-analysis-121,35288873707,2026-09-18T00:55:28Z,2026-09-18T00:55:28Z,2026-10-18T00:55:27Z,2210476
origin_vix_trend_ma,"(-0.00196, 0.0582]",5991,0.4516775162744116,-0.0009103738908469,0.0002534555003299,0.0033444897665998,0.021219994338603,10526733832,regime-analysis-121,35288873707,2026-09-18T00:55:28Z,2026-09-18T00:55:28Z,2026-10-18T00:55:27Z,2210476
origin_vix_trend_ma,"(0.0582, 0.24]",6001,0.6397267122146308,0.0061210224529475,0.0036290198032858,0.0018717209786545,0.02185681077794,10526733832,regime-analysis-121,35288873707,2026-09-18T00:55:28Z,2026-09-18T00:55:28Z,2026-10-18T00:55:27Z,2210476
origin_vix_percentile_252,"(0.0029699999999999996, 0.262]",6274,0.4772075231112528,0.001109837439804,0.0016850569176403,0.0042059469047897,0.0193647757566999,10526733832,regime-analysis-121,35288873707,2026-09-18T00:55:28Z,2026-09-18T00:55:28Z,2026-10-18T00:55:27Z,2210476
origin_vix_percentile_252,"(0.262, 0.488]",5817,0.4810039539281416,0.0010952320137608,0.0020697972376615,0.0040799984950469,0.0212378816793713,10526733832,regime-analysis-121,35288873707,2026-09-18T00:55:28Z,2026-09-18T00:55:28Z,2026-10-18T00:55:27Z,2210476
origin_vix_percentile_252,"(0.488, 0.71]",6259,0.5337913404697237,0.0025264984738149,0.0029082739873851,0.0038758514789881,0.0212593905116784,10526733832,regime-analysis-121,35288873707,2026-09-18T00:55:28Z,2026-09-18T00:55:28Z,2026-10-18T00:55:27Z,2210476
origin_vix_percentile_252,"(0.71, 0.968]",5775,0.6903896103896104,0.0084350600971978,0.0044508592324935,0.0015433240970682,0.0192722099166429,10526733832,regime-analysis-121,35288873707,2026-09-18T00:55:28Z,2026-09-18T00:55:28Z,2026-10-18T00:55:27Z,2210476
origin_spy_return_5d,"(-0.0392, -0.00697]",6127,0.6608454382242533,0.0077033117276379,0.0042746921756407,0.0004570812488435,0.0194877342588322,10526733832,regime-analysis-121,35288873707,2026-09-18T00:55:28Z,2026-09-18T00:55:28Z,2026-10-18T00:55:27Z,2210476
origin_spy_return_5d,"(-0.00697, 0.00395]",5949,0.5031097663472852,0.0023510850194697,0.0038688081606231,0.0043952815319052,0.0212504856331248,10526733832,regime-analysis-121,35288873707,2026-09-18T00:55:28Z,2026-09-18T00:55:28Z,2026-10-18T00:55:27Z,2210476
origin_spy_return_5d,"(0.00395, 0.0126]",6090,0.480623973727422,0.0017309272819253,0.0032073215269596,0.0031655166778043,0.0202147187940072,10526733832,regime-analysis-121,35288873707,2026-09-18T00:55:28Z,2026-09-18T00:55:28Z,2026-10-18T00:55:27Z,2210476
origin_spy_return_5d,"(0.0126, 0.0553]",5959,0.5287799966437322,0.0010293283851843,-0.0003726313508029,0.005884720587531,0.0202159379118674,10526733832,regime-analysis-121,35288873707,2026-09-18T00:55:28Z,2026-09-18T00:55:28Z,2026-10-18T00:55:27Z,2210476
origin_spy_return_20d,"(-0.0803, -0.00265]",6085,0.6299096138044371,0.0056222989533642,0.0018471567988971,0.0028649044519405,0.0212453187398374,10526733832,regime-analysis-121,35288873707,2026-09-18T00:55:28Z,2026-09-18T00:55:28Z,2026-10-18T00:55:27Z,2210476
origin_spy_return_20d,"(-0.00265, 0.0124]",6080,0.5358552631578948,0.0032139739835477,0.004168132552311,0.0055685311654028,0.0211711632448172,10526733832,regime-analysis-121,35288873707,2026-09-18T00:55:28Z,2026-09-18T00:55:28Z,2026-10-18T00:55:27Z,2210476
origin_spy_return_20d,"(0.0124, 0.0317]",5975,0.5210041841004184,0.0036081535951065,0.0045406504784869,0.0036361650312262,0.0183334952767099,10526733832,regime-analysis-121,35288873707,2026-09-18T00:55:28Z,2026-09-18T00:55:28Z,2026-10-18T00:55:27Z,2210476
origin_spy_return_20d,"(0.0317, 0.128]",5985,0.4872180451127819,0.0004258215619631,0.0004688512847364,0.0017171953310961,0.0203598708385806,10526733832,regime-analysis-121,35288873707,2026-09-18T00:55:28Z,2026-09-18T00:55:28Z,2026-10-18T00:55:27Z,2210476
origin_spy_return_60d,"(-0.078, 0.02]",6069,0.6518372054704235,0.0048390112138196,0.0010146933627635,0.0014918953633141,0.0209483701930612,10526733832,regime-analysis-121,35288873707,2026-09-18T00:55:28Z,2026-09-18T00:55:28Z,2026-10-18T00:55:27Z,2210476
origin_spy_return_60d,"(0.02, 0.0427]",6096,0.588746719160105,0.007548301287628,0.0086001124912346,0.0044869528910407,0.0193490594853718,10526733832,regime-analysis-121,35288873707,2026-09-18T00:55:28Z,2026-09-18T00:55:28Z,2026-10-18T00:55:27Z,2210476
origin_spy_return_60d,"(0.0427, 0.0715]",5975,0.4766527196652719,0.0021581770867167,0.0030474321431584,0.0028953829338611,0.0191495283936063,10526733832,regime-analysis-121,35288873707,2026-09-18T00:55:28Z,2026-09-18T00:55:28Z,2026-10-18T00:55:27Z,2210476
origin_spy_return_60d,"(0.0715, 0.162]",5985,0.4556390977443609,-0.0017406183907907,-0.0017166600222394,0.0049434289691456,0.0217024128373155,10526733832,regime-analysis-121,35288873707,2026-09-18T00:55:28Z,2026-09-18T00:55:28Z,2026-10-18T00:55:27Z,2210476
origin_spy_return_120d,"(-0.06, 0.0691]",6059,0.6976398745667602,0.009249783624412,0.0057812287505191,0.0011956052441158,0.0196756793567049,10526733832,regime-analysis-121,35288873707,2026-09-18T00:55:28Z,2026-09-18T00:55:28Z,2026-10-18T00:55:27Z,2210476
origin_spy_return_120d,"(0.0691, 0.1]",6096,0.5726706036745407,0.0042831054628701,0.0041074138673533,0.0073270781135224,0.0228720466635462,10526733832,regime-analysis-121,35288873707,2026-09-18T00:55:28Z,2026-09-18T00:55:28Z,2026-10-18T00:55:27Z,2210476
origin_spy_return_120d,"(0.1, 0.134]",6027,0.4803384768541563,0.0002027663637124,0.000178139173021,0.0044237390524612,0.0200193284382413,10526733832,regime-analysis-121,35288873707,2026-09-18T00:55:28Z,2026-09-18T00:55:28Z,2026-10-18T00:55:27Z,2210476
origin_spy_return_120d,"(0.134, 0.342]",5943,0.4218408211341073,-0.0009282200951979,0.0009048884160975,0.0007944131870402,0.0185252344147927,10526733832,regime-analysis-121,35288873707,2026-09-18T00:55:28Z,2026-09-18T00:55:28Z,2026-10-18T00:55:27Z,2210476
origin_spy_distance_sma50,"(-0.0693, 0.00457]",6054,0.6942517343904856,0.0088805814472922,0.005302319647534,0.0018245625435488,0.0198415169975268,10526733832,regime-analysis-121,35288873707,2026-09-18T00:55:28Z,2026-09-18T00:55:28Z,2026-10-18T00:55:27Z,2210476
origin_spy_distance_sma50,"(0.00457, 0.0171]",6080,0.5253289473684211,0.0033409287402601,0.00344455373657,0.0059500120151068,0.0198030051208858,10526733832,regime-analysis-121,35288873707,2026-09-18T00:55:28Z,2026-09-18T00:55:28Z,2026-10-18T00:55:27Z,2210476
origin_spy_distance_sma50,"(0.0171, 0.0315]",6048,0.4444444444444444,-0.0009372687003195,0.0008345917419473,0.00381665965656,0.0203935865645919,10526733832,regime-analysis-121,35288873707,2026-09-18T00:55:28Z,2026-09-18T00:55:28Z,2026-10-18T00:55:27Z,2210476
origin_spy_distance_sma50,"(0.0315, 0.0861]",5943,0.5106848393067475,0.0015905477043827,0.0014181248304951,0.0021854250211215,0.0211226100836246,10526733832,regime-analysis-121,35288873707,2026-09-18T00:55:28Z,2026-09-18T00:55:28Z,2026-10-18T00:55:27Z,2210476
origin_spy_distance_sma200,"(-0.0461, 0.0651]",6101,0.683330601540731,0.0083367421958231,0.0046276889280604,0.0018479382570737,0.0200968931887337,10526733832,regime-analysis-121,35288873707,2026-09-18T00:55:28Z,2026-09-18T00:55:28Z,2026-10-18T00:55:27Z,2210476
origin_spy_distance_sma200,"(0.0651, 0.0871]",6033,0.460964694181999,0.000327894075987,0.0014806799203362,0.0063783113645917,0.0220024192663603,10526733832,regime-analysis-121,35288873707,2026-09-18T00:55:28Z,2026-09-18T00:55:28Z,2026-10-18T00:55:27Z,2210476
origin_spy_distance_sma200,"(0.0871, 0.102]",6048,0.5983796296296297,0.0049363742876415,0.004336859898812,0.0042615113084484,0.0202569630210433,10526733832,regime-analysis-121,35288873707,2026-09-18T00:55:28Z,2026-09-18T00:55:28Z,2026-10-18T00:55:27Z,2210476
origin_spy_distance_sma200,"(0.102, 0.13]",5943,0.4292444893151607,-0.0008137186704525,0.0005254679135026,0.0013065571313156,0.0187664555238028,10526733832,regime-analysis-121,35288873707,2026-09-18T00:55:28Z,2026-09-18T00:55:28Z,2026-10-18T00:55:27Z,2210476
origin_spy_trend_ma50_200,"(0.0115, 0.0452]",6090,0.641871921182266,0.0068550573180969,0.0044291576439616,0.0013568968110387,0.0210753496747088,10526733832,regime-analysis-121,35288873707,2026-09-18T00:55:28Z,2026-09-18T00:55:28Z,2026-10-18T00:55:27Z,2210476
origin_spy_trend_ma50_200,"(0.0452, 0.0634]",6001,0.5172471254790868,-0.0009660589584064,-0.0025537521816231,0.0062416607434018,0.0210335930102663,10526733832,regime-analysis-121,35288873707,2026-09-18T00:55:28Z,2026-09-18T00:55:28Z,2026-10-18T00:55:27Z,2210476
origin_spy_trend_ma50_200,"(0.0634, 0.0795]",6049,0.4552818647710365,0.0020897190646916,0.004596724008971,0.0039099926853124,0.0213560016502997,10526733832,regime-analysis-121,35288873707,2026-09-18T00:55:28Z,2026-09-18T00:55:28Z,2026-10-18T00:55:27Z,2210476
origin_spy_trend_ma50_200,"(0.0795, 0.0902]",5985,0.560233918128655,0.0048904295489004,0.0045220668082498,0.0023261252698512,0.0176509562491894,10526733832,regime-analysis-121,35288873707,2026-09-18T00:55:28Z,2026-09-18T00:55:28Z,2026-10-18T00:55:27Z,2210476
origin_spy_volatility_20d,"(0.0557, 0.103]",6043,0.4866788019195763,0.0044755180939135,0.006037348456601,0.0028909987035102,0.0208196758047573,10526733832,regime-analysis-121,35288873707,2026-09-18T00:55:28Z,2026-09-18T00:55:28Z,2026-10-18T00:55:27Z,2210476
origin_spy_volatility_20d,"(0.103, 0.125]",6080,0.5416118421052631,0.0015625029294412,-1.4091630588172609e-05,0.001013099190513,0.0221667407867443,10526733832,regime-analysis-121,35288873707,2026-09-18T00:55:28Z,2026-09-18T00:55:28Z,2026-10-18T00:55:27Z,2210476
origin_spy_volatility_20d,"(0.125, 0.14]",6017,0.5479474821339538,0.0006907685129019,-0.0006989745553931,0.0015890884429658,0.0191122217413074,10526733832,regime-analysis-121,35288873707,2026-09-18T00:55:28Z,2026-09-18T00:55:28Z,2026-10-18T00:55:27Z,2210476
origin_spy_volatility_20d,"(0.14, 0.207]",5985,0.5996658312447786,0.0062085184520716,0.0057353996454442,0.0083711979597222,0.0190158020415449,10526733832,regime-analysis-121,35288873707,2026-09-18T00:55:28Z,2026-09-18T00:55:28Z,2026-10-18T00:55:27Z,2210476
origin_spy_volatility_60d,"(0.0849, 0.112]",6048,0.4646164021164021,0.0011081000329855,0.002475992542978,0.0010919402267465,0.0193556617271138,10526733832,regime-analysis-121,35288873707,2026-09-18T00:55:28Z,2026-09-18T00:55:28Z,2026-10-18T00:55:27Z,2210476
origin_spy_volatility_60d,"(0.112, 0.127]",6048,0.597718253968254,0.0017704366275348,-0.0016417849383244,0.000281600850652,0.0205672595940865,10526733832,regime-analysis-121,35288873707,2026-09-18T00:55:28Z,2026-09-18T00:55:28Z,2026-10-18T00:55:27Z,2210476
origin_spy_volatility_60d,"(0.127, 0.14]",6002,0.538487170943019,0.0053428108991439,0.005615352216841,0.005646131596703,0.0189372096048566,10526733832,regime-analysis-121,35288873707,2026-09-18T00:55:28Z,2026-09-18T00:55:28Z,2026-10-18T00:55:27Z,2210476
origin_spy_volatility_60d,"(0.14, 0.158]",6027,0.5745810519329683,0.0047093031343641,0.004607603283395,0.0068189571784265,0.0222797308957486,10526733832,regime-analysis-121,35288873707,2026-09-18T00:55:28Z,2026-09-18T00:55:28Z,2026-10-18T00:55:27Z,2210476
origin_spy_vol_change_20d,"(-0.517, -0.303]",6075,0.525761316872428,0.0072791361188272,0.0094369130729945,0.0027438252496927,0.0208847212356999,10526733832,regime-analysis-121,35288873707,2026-09-18T00:55:28Z,2026-09-18T00:55:28Z,2026-10-18T00:55:27Z,2210476
origin_spy_vol_change_20d,"(-0.303, 0.00464]",5996,0.533689126084056,0.0023808023338192,0.0002062327677718,-0.0005112385908326,0.0198811319584457,10526733832,regime-analysis-121,35288873707,2026-09-18T00:55:28Z,2026-09-18T00:55:28Z,2026-10-18T00:55:27Z,2210476
origin_spy_vol_change_20d,"(0.00464, 0.27]",6048,0.5535714285714286,0.0010976162731536,-0.0004881004971655,0.0041914362948876,0.0196701606890662,10526733832,regime-analysis-121,35288873707,2026-09-18T00:55:28Z,2026-09-18T00:55:28Z,2026-10-18T00:55:27Z,2210476
origin_spy_vol_change_20d,"(0.27, 1.673]",6006,0.5624375624375625,0.0021187953371317,0.001815662637413,0.0073826098370235,0.0207039323560534,10526733832,regime-analysis-121,35288873707,2026-09-18T00:55:28Z,2026-09-18T00:55:28Z,2026-10-18T00:55:27Z,2210476
origin_market_breadth_20d,"(0.0466, 0.429]",6086,0.6063095629313178,0.0076905451809134,0.0058996432679122,0.002792315768279,0.0203998902419431,10526733832,regime-analysis-121,35288873707,2026-09-18T00:55:28Z,2026-09-18T00:55:28Z,2026-10-18T00:55:27Z,2210476
origin_market_breadth_20d,"(0.429, 0.667]",7959,0.525568538761151,0.0012044799712849,0.0004749258827052,0.0045407075381392,0.0199277267242423,10526733832,regime-analysis-121,35288873707,2026-09-18T00:55:28Z,2026-09-18T00:55:28Z,2026-10-18T00:55:27Z,2210476
origin_market_breadth_20d,"(0.667, 0.81]",4893,0.547925608011445,0.0012876839996179,0.0009410424622819,0.0047211209402567,0.0211560219709494,10526733832,regime-analysis-121,35288873707,2026-09-18T00:55:28Z,2026-09-18T00:55:28Z,2026-10-18T00:55:27Z,2210476
origin_market_breadth_20d,"(0.81, 1.0]",5187,0.4946982841719683,0.002924264287194,0.0042855160575548,0.0013609298961676,0.0198804653543628,10526733832,regime-analysis-121,35288873707,2026-09-18T00:55:28Z,2026-09-18T00:55:28Z,2026-10-18T00:55:27Z,2210476
origin_market_breadth_252d,"(0.713, 0.905]",7655,0.4479425212279556,0.0011100788866309,0.0029019003011559,0.0016329296475909,0.0187160031379228,10526733832,regime-analysis-121,35288873707,2026-09-18T00:55:28Z,2026-09-18T00:55:28Z,2026-10-18T00:55:27Z,2210476
origin_market_breadth_252d,"(0.905, 0.952]",5550,0.5488288288288288,0.0044778417822791,0.0036780260958826,0.0058709014270802,0.0179280557670875,10526733832,regime-analysis-121,35288873707,2026-09-18T00:55:28Z,2026-09-18T00:55:28Z,2026-10-18T00:55:27Z,2210476
origin_market_breadth_252d,"(0.952, 1.0]",10920,0.6085164835164835,0.0040760288426276,0.0021878722481639,0.0034990415587262,0.0225845407307245,10526733832,regime-analysis-121,35288873707,2026-09-18T00:55:28Z,2026-09-18T00:55:28Z,2026-10-18T00:55:27Z,2210476
origin_market_breadth_above_sma200,"(0.38, 0.714]",6065,0.4753503709810388,0.002075033128312,0.0029371670033981,0.0062706615314721,0.0204734552031369,10526733832,regime-analysis-121,35288873707,2026-09-18T00:55:28Z,2026-09-18T00:55:28Z,2026-10-18T00:55:27Z,2210476
origin_market_breadth_above_sma200,"(0.714, 0.952]",7245,0.6161490683229813,0.0031365281067301,-0.0002430159901246,0.0005873264541432,0.0219050412612414,10526733832,regime-analysis-121,35288873707,2026-09-18T00:55:28Z,2026-09-18T00:55:28Z,2026-10-18T00:55:27Z,2210476
origin_market_breadth_above_sma200,"(0.952, 1.0]",10815,0.5337956541840037,0.003934414116859,0.0046662403661849,0.0037916200504159,0.019095826959124,10526733832,regime-analysis-121,35288873707,2026-09-18T00:55:28Z,2026-09-18T00:55:28Z,2026-10-18T00:55:27Z,2210476
origin_cross_asset_daily_volatility,"(0.0015400000000000001, 0.00848]",6043,0.5232500413701804,0.0036934221725413,0.0046682477476992,0.0036254762539886,0.0195704507370719,10526733832,regime-analysis-121,35288873707,2026-09-18T00:55:28Z,2026-09-18T00:55:28Z,2026-10-18T00:55:27Z,2210476
origin_cross_asset_daily_volatility,"(0.00848, 0.0114]",6048,0.4925595238095238,0.0008129513860438,0.0008535699370682,0.0025442438249224,0.0201979257790166,10526733832,regime-analysis-121,35288873707,2026-09-18T00:55:28Z,2026-09-18T00:55:28Z,2026-10-18T00:55:27Z,2210476
origin_cross_asset_daily_volatility,"(0.0114, 0.0156]",6106,0.5776285620700949,0.0029403466710177,0.0004920196025836,0.0022511659339164,0.0198551281745976,10526733832,regime-analysis-121,35288873707,2026-09-18T00:55:28Z,2026-09-18T00:55:28Z,2026-10-18T00:55:27Z,2210476
origin_cross_asset_daily_volatility,"(0.0156, 0.0647]",5928,0.5823211875843455,0.0055111460502037,0.0050846445302523,0.005440478128444,0.0215482788053196,10526733832,regime-analysis-121,35288873707,2026-09-18T00:55:28Z,2026-09-18T00:55:28Z,2026-10-18T00:55:27Z,2210476
origin_cross_asset_return_20d_dispersion,"(0.0172, 0.046]",6096,0.5885826771653543,0.0034225398478175,0.0021750577311924,0.0044080095656119,0.0179346115822512,10526733832,regime-analysis-121,35288873707,2026-09-18T00:55:28Z,2026-09-18T00:55:28Z,2026-10-18T00:55:27Z,2210476
origin_cross_asset_return_20d_dispersion,"(0.046, 0.0577]",6022,0.5273995350381933,0.0015799993793407,0.0005740555015664,0.0010398420543251,0.0191251491974044,10526733832,regime-analysis-121,35288873707,2026-09-18T00:55:28Z,2026-09-18T00:55:28Z,2026-10-18T00:55:27Z,2210476
origin_cross_asset_return_20d_dispersion,"(0.0577, 0.0708]",6022,0.4910328794420458,0.003368512115314,0.0050661590476396,0.0034755010868538,0.0216499950003037,10526733832,regime-analysis-121,35288873707,2026-09-18T00:55:28Z,2026-09-18T00:55:28Z,2026-10-18T00:55:27Z,2210476
origin_cross_asset_return_20d_dispersion,"(0.0708, 0.157]",5985,0.5679197994987468,0.004544055404711,0.0032237481441568,0.0048839583100659,0.0224757874258387,10526733832,regime-analysis-121,35288873707,2026-09-18T00:55:28Z,2026-09-18T00:55:28Z,2026-10-18T00:55:27Z,2210476
origin_vix_market,"(13.469000000000001, 15.86]",6211,0.5081307357913379,0.0029178412440819,0.0036097864968035,0.0036398818024374,0.0182497778502327,10477550263,regime-analysis-120,35165084206,2026-09-17T01:48:37Z,2026-09-17T01:48:37Z,2026-10-17T01:48:35Z,2190765
origin_vix_market,"(15.86, 17.08]",5896,0.4592944369063772,-0.0003700866980287,0.000510576617886,0.003208250923454,0.0212904420301242,10477550263,regime-analysis-120,35165084206,2026-09-17T01:48:37Z,2026-09-17T01:48:37Z,2026-10-17T01:48:35Z,2190765
origin_vix_market,"(17.08, 19.08]",5991,0.5062593890836254,0.0018712430119051,0.0030706075545396,0.003748196905436,0.0217538016302329,10477550263,regime-analysis-120,35165084206,2026-09-17T01:48:37Z,2026-09-17T01:48:37Z,2026-10-17T01:48:35Z,2190765
origin_vix_market,"(19.08, 31.05]",6027,0.6190476190476191,0.0061166807877783,0.0052147216023746,0.0065180365297874,0.0195726079580223,10477550263,regime-analysis-120,35165084206,2026-09-17T01:48:37Z,2026-09-17T01:48:37Z,2026-10-17T01:48:35Z,2190765
origin_vix_change_1d,"(-5.361000000000001, -0.7]",6169,0.5179121413519209,0.0018799818591714,0.0018514260115581,0.0052048196020544,0.019813938296795,10477550263,regime-analysis-120,35165084206,2026-09-17T01:48:37Z,2026-09-17T01:48:37Z,2026-10-17T01:48:35Z,2190765
origin_vix_change_1d,"(-0.7, -0.12]",6185,0.5283751010509297,0.0025652127663201,0.0034500661222618,0.0033339264817116,0.0199628918838364,10477550263,regime-analysis-120,35165084206,2026-09-17T01:48:37Z,2026-09-17T01:48:37Z,2026-10-17T01:48:35Z,2190765
origin_vix_change_1d,"(-0.12, 0.65]",5812,0.5273571920165175,0.0036298206729482,0.0040446386270535,0.0039277346055785,0.020210923714229,10477550263,regime-analysis-120,35165084206,2026-09-17T01:48:37Z,2026-09-17T01:48:37Z,2026-10-17T01:48:35Z,2190765
origin_vix_change_1d,"(0.65, 6.11]",5959,0.5202215136767914,0.0025938187594538,0.0031864968779215,0.0046494287972877,0.0208089259750928,10477550263,regime-analysis-120,35165084206,2026-09-17T01:48:37Z,2026-09-17T01:48:37Z,2026-10-17T01:48:35Z,2190765
origin_vix_change_5d,"(-10.071, -1.45]",6043,0.545755419493629,0.0026467547721992,0.0020296159303314,0.0054203698925166,0.0205296184471717,10477550263,regime-analysis-120,35165084206,2026-09-17T01:48:37Z,2026-09-17T01:48:37Z,2026-10-17T01:48:35Z,2190765
origin_vix_change_5d,"(-1.45, 0.01]",6069,0.5149118470917778,0.0011621771145263,0.0016428086598601,0.0033612432617099,0.0202840336449261,10477550263,regime-analysis-120,35165084206,2026-09-17T01:48:37Z,2026-09-17T01:48:37Z,2026-10-17T01:48:35Z,2190765
origin_vix_change_5d,"(0.01, 1.09]",6059,0.4548605380425813,0.0002314325820339,0.0017734672500573,0.0036306076265973,0.0207964274868646,10477550263,regime-analysis-120,35165084206,2026-09-17T01:48:37Z,2026-09-17T01:48:37Z,2026-10-17T01:48:35Z,2190765
origin_vix_change_5d,"(1.09, 9.63]",5954,0.57927443735304,0.0066453965026327,0.0071003136942694,0.0047212420086951,0.0191466428547038,10477550263,regime-analysis-120,35165084206,2026-09-17T01:48:37Z,2026-09-17T01:48:37Z,2026-10-17T01:48:35Z,2190765
origin_vix_change_20d,"(-13.030999999999999, -2.04]",6127,0.5080789946140036,0.0021315702780997,0.0030436352357816,0.0027293827426447,0.0204959403153989,10477550263,regime-analysis-120,35165084206,2026-09-17T01:48:37Z,2026-09-17T01:48:37Z,2026-10-17T01:48:35Z,2190765
origin_vix_change_20d,"(-2.04, 0.07]",6022,0.5117901029558286,0.0022850828500158,0.0022307173559448,0.0041494662075434,0.0186753614523748,10477550263,regime-analysis-120,35165084206,2026-09-17T01:48:37Z,2026-09-17T01:48:37Z,2026-10-17T01:48:35Z,2190765
origin_vix_change_20d,"(0.07, 2.13]",5949,0.5130273995629517,0.0053116177067395,0.0068815983629087,0.0042598070600997,0.0199127279495987,10477550263,regime-analysis-120,35165084206,2026-09-17T01:48:37Z,2026-09-17T01:48:37Z,2026-10-17T01:48:35Z,2190765
origin_vix_change_20d,"(2.13, 11.19]",6027,0.5609756097560976,0.0009286243626303,0.0003709173650877,0.0060079975740129,0.0216801856008496,10477550263,regime-analysis-120,35165084206,2026-09-17T01:48:37Z,2026-09-17T01:48:37Z,2026-10-17T01:48:35Z,2190765
origin_vix_pct_change_1d,"(-0.185, -0.0417]",6064,0.5181398416886543,0.0020470372856357,0.0023041317710742,0.0050685672481488,0.0196897201230811,10477550263,regime-analysis-120,35165084206,2026-09-17T01:48:37Z,2026-09-17T01:48:37Z,2026-10-17T01:48:35Z,2190765
origin_vix_pct_change_1d,"(-0.0417, -0.00667]",6080,0.5322368421052631,0.0026955871623649,0.0033256481851319,0.0034530161166087,0.0200365763384429,10477550263,regime-analysis-120,35165084206,2026-09-17T01:48:37Z,2026-09-17T01:48:37Z,2026-10-17T01:48:35Z,2190765
origin_vix_pct_change_1d,"(-0.00667, 0.0427]",6022,0.510129525074726,0.0020035472893511,0.002443443989748,0.0036865157151373,0.0205337332222163,10477550263,regime-analysis-120,35165084206,2026-09-17T01:48:37Z,2026-09-17T01:48:37Z,2026-10-17T01:48:35Z,2190765
origin_vix_pct_change_1d,"(0.0427, 0.397]",5959,0.5333109582144655,0.0038846730934607,0.0044217595059242,0.0049223829043139,0.0205225644804245,10477550263,regime-analysis-120,35165084206,2026-09-17T01:48:37Z,2026-09-17T01:48:37Z,2026-10-17T01:48:35Z,2190765
origin_vix_pct_change_5d,"(-0.382, -0.0791]",6043,0.5318550388879696,0.0026713837617269,0.0022513683639959,0.0052630800949338,0.0202556162388851,10477550263,regime-analysis-120,35165084206,2026-09-17T01:48:37Z,2026-09-17T01:48:37Z,2026-10-17T01:48:35Z,2190765
origin_vix_pct_change_5d,"(-0.0791, 0.000614]",6069,0.5287526775416049,0.0011376536372292,0.001422006228383,0.0035178592193294,0.0205568620095125,10477550263,regime-analysis-120,35165084206,2026-09-17T01:48:37Z,2026-09-17T01:48:37Z,2026-10-17T01:48:35Z,2190765
origin_vix_pct_change_5d,"(0.000614, 0.0679]",6059,0.4490840072619244,-0.0007719499868397,0.0004115428431215,0.0032482961371396,0.0209959709509018,10477550263,regime-analysis-120,35165084206,2026-09-17T01:48:37Z,2026-09-17T01:48:37Z,2026-10-17T01:48:35Z,2190765
origin_vix_pct_change_5d,"(0.0679, 0.54]",5954,0.5851528384279476,0.0076664739270207,0.0084862559148982,0.0051102956389645,0.0189435804011261,10477550263,regime-analysis-120,35165084206,2026-09-17T01:48:37Z,2026-09-17T01:48:37Z,2026-10-17T01:48:35Z,2190765
origin_vix_pct_change_20d,"(-0.437, -0.114]",6127,0.5082422066264077,0.0026052634374799,0.003743262291515,0.0026637781761954,0.0202464310782041,10477550263,regime-analysis-120,35165084206,2026-09-17T01:48:37Z,2026-09-17T01:48:37Z,2026-10-17T01:48:35Z,2190765
origin_vix_pct_change_20d,"(-0.114, 0.00376]",6022,0.5116240451677183,0.0018031303446152,0.0015188915554668,0.004216214659658,0.018929221149534,10477550263,regime-analysis-120,35165084206,2026-09-17T01:48:37Z,2026-09-17T01:48:37Z,2026-10-17T01:48:35Z,2190765
origin_vix_pct_change_20d,"(0.00376, 0.133]",5949,0.5190788367792907,0.0058778115227371,0.0074445585261083,0.004158776806001,0.0196143140933192,10477550263,regime-analysis-120,35165084206,2026-09-17T01:48:37Z,2026-09-17T01:48:37Z,2026-10-17T01:48:35Z,2190765
origin_vix_pct_change_20d,"(0.133, 0.612]",6027,0.5550024888003982,0.0003697580922853,-0.0001847571016245,0.0061077203186011,0.0219747374560025,10477550263,regime-analysis-120,35165084206,2026-09-17T01:48:37Z,2026-09-17T01:48:37Z,2026-10-17T01:48:35Z,2190765
origin_vix_distance_ma20,"(-0.255, -0.0771]",6127,0.5354986126978946,0.003726664734047,0.0036683929832759,0.0027465824943325,0.018068928765167,10477550263,regime-analysis-120,35165084206,2026-09-17T01:48:37Z,2026-09-17T01:48:37Z,2026-10-17T01:48:35Z,2190765
origin_vix_distance_ma20,"(-0.0771, -0.0127]",6006,0.4983349983349983,0.0012613410351089,0.0019362716051124,0.0051090678329792,0.0204934040399801,10477550263,regime-analysis-120,35165084206,2026-09-17T01:48:37Z,2026-09-17T01:48:37Z,2026-10-17T01:48:35Z,2190765
origin_vix_distance_ma20,"(-0.0127, 0.056]",5996,0.5028352234823216,0.0003519864528265,0.0006509157307644,0.0044091981582776,0.0217511827650153,10477550263,regime-analysis-120,35165084206,2026-09-17T01:48:37Z,2026-09-17T01:48:37Z,2026-10-17T01:48:35Z,2190765
origin_vix_distance_ma20,"(0.056, 0.447]",5996,0.5568712474983322,0.0052530241718079,0.0062120578447233,0.0048885728219542,0.0205065288692132,10477550263,regime-analysis-120,35165084206,2026-09-17T01:48:37Z,2026-09-17T01:48:37Z,2026-10-17T01:48:35Z,2190765
origin_vix_trend_ma,"(-0.224, -0.0621]",6090,0.5333333333333333,0.0044826568160301,0.0053405796433808,0.0018061605348668,0.0192407987955288,10477550263,regime-analysis-120,35165084206,2026-09-17T01:48:37Z,2026-09-17T01:48:37Z,2026-10-17T01:48:35Z,2190765
origin_vix_trend_ma,"(-0.0621, -0.0024]",5980,0.5070234113712374,0.0015685636906649,0.0015665136825866,0.0052595037256307,0.018951701684212,10477550263,regime-analysis-120,35165084206,2026-09-17T01:48:37Z,2026-09-17T01:48:37Z,2026-10-17T01:48:35Z,2190765
origin_vix_trend_ma,"(-0.0024, 0.0604]",6075,0.4671604938271605,0.0004982541669437,0.0018379517616605,0.0037305003415874,0.0211219715930328,10477550263,regime-analysis-120,35165084206,2026-09-17T01:48:37Z,2026-09-17T01:48:37Z,2026-10-17T01:48:35Z,2190765
origin_vix_trend_ma,"(0.0604, 0.24]",5980,0.5869565217391305,0.0040652588367384,0.0037121140176113,0.0063793758584222,0.021462430100853,10477550263,regime-analysis-120,35165084206,2026-09-17T01:48:37Z,2026-09-17T01:48:37Z,2026-10-17T01:48:35Z,2190765
origin_vix_percentile_252,"(0.0029699999999999996, 0.262]",6316,0.4916086130462317,0.0017507707573755,0.0025326660997143,0.0037518750449317,0.0185560347832003,10477550263,regime-analysis-120,35165084206,2026-09-17T01:48:37Z,2026-09-17T01:48:37Z,2026-10-17T01:48:35Z,2190765
origin_vix_percentile_252,"(0.262, 0.488]",5796,0.4742926155969634,0.001500700417335,0.0025008056517989,0.0033505017815506,0.02121801726356,10477550263,regime-analysis-120,35165084206,2026-09-17T01:48:37Z,2026-09-17T01:48:37Z,2026-10-17T01:48:35Z,2190765
origin_vix_percentile_252,"(0.488, 0.706]",6007,0.5007491260196437,0.0016795556776797,0.0027780068101727,0.0034654501234398,0.0215059811738815,10477550263,regime-analysis-120,35165084206,2026-09-17T01:48:37Z,2026-09-17T01:48:37Z,2026-10-17T01:48:35Z,2190765
origin_vix_percentile_252,"(0.706, 0.968]",6006,0.627039627039627,0.0056895627887777,0.004674892619902,0.0065483678228371,0.0196142153688546,10477550263,regime-analysis-120,35165084206,2026-09-17T01:48:37Z,2026-09-17T01:48:37Z,2026-10-17T01:48:35Z,2190765
origin_spy_return_5d,"(-0.0392, -0.00697]",6127,0.6079647462053207,0.0051938238966095,0.0047287408132465,0.0046649319782318,0.019664644165692,10477550263,regime-analysis-120,35165084206,2026-09-17T01:48:37Z,2026-09-17T01:48:37Z,2026-10-17T01:48:35Z,2190765
origin_spy_return_5d,"(-0.00697, 0.00398]",6033,0.4782032156472733,0.0030968663557154,0.0050145784475001,0.0051221234406614,0.0211462100208721,10477550263,regime-analysis-120,35165084206,2026-09-17T01:48:37Z,2026-09-17T01:48:37Z,2026-10-17T01:48:35Z,2190765
origin_spy_return_5d,"(0.00398, 0.0134]",6006,0.4898434898434898,0.0021222822466894,0.00303508075982,0.0023245955461556,0.0194534002942709,10477550263,regime-analysis-120,35165084206,2026-09-17T01:48:37Z,2026-09-17T01:48:37Z,2026-10-17T01:48:35Z,2190765
origin_spy_return_5d,"(0.0134, 0.0553]",5959,0.5161939922805839,0.000128234917856,-0.0003689815661264,0.0050037719997938,0.0205187897534193,10477550263,regime-analysis-120,35165084206,2026-09-17T01:48:37Z,2026-09-17T01:48:37Z,2026-10-17T01:48:35Z,2190765
origin_spy_return_20d,"(-0.0803, -0.00265]",6127,0.5696099232903542,0.0037150316773329,0.0026492644204369,0.0072266111597491,0.0210364861857453,10477550263,regime-analysis-120,35165084206,2026-09-17T01:48:37Z,2026-09-17T01:48:37Z,2026-10-17T01:48:35Z,2190765
origin_spy_return_20d,"(-0.00265, 0.0128]",6038,0.5442199403776085,0.0042345566478485,0.0048130488523438,0.0051299082271456,0.0204093931783033,10477550263,regime-analysis-120,35165084206,2026-09-17T01:48:37Z,2026-09-17T01:48:37Z,2026-10-17T01:48:35Z,2190765
origin_spy_return_20d,"(0.0128, 0.0318]",6017,0.5167026757520359,0.0030287551433155,0.0045986899779232,0.0028972861784854,0.0180062090079662,10477550263,regime-analysis-120,35165084206,2026-09-17T01:48:37Z,2026-09-17T01:48:37Z,2026-10-17T01:48:35Z,2190765
origin_spy_return_20d,"(0.0318, 0.128]",5943,0.4615514050143025,-0.0004270131308058,0.0003857194945024,0.0017799097691206,0.0213197246669265,10477550263,regime-analysis-120,35165084206,2026-09-17T01:48:37Z,2026-09-17T01:48:37Z,2026-10-17T01:48:35Z,2190765
origin_spy_return_60d,"(-0.078, 0.0203]",6111,0.5725740468008509,0.0024335143341025,0.0014634094303628,0.0072508404953269,0.021278593422883,10477550263,regime-analysis-120,35165084206,2026-09-17T01:48:37Z,2026-09-17T01:48:37Z,2026-10-17T01:48:35Z,2190765
origin_spy_return_60d,"(0.0203, 0.0427]",6012,0.5879906852960746,0.0085726295378576,0.0090453635713878,0.003165957086088,0.0186435676873651,10477550263,regime-analysis-120,35165084206,2026-09-17T01:48:37Z,2026-09-17T01:48:37Z,2026-10-17T01:48:35Z,2190765
origin_spy_return_60d,"(0.0427, 0.0715]",6017,0.4690044872860229,0.0019481667073637,0.003656583693483,0.0031170174607799,0.0190665864543338,10477550263,regime-analysis-120,35165084206,2026-09-17T01:48:37Z,2026-09-17T01:48:37Z,2026-10-17T01:48:35Z,2190765
origin_spy_return_60d,"(0.0715, 0.162]",5985,0.4631578947368421,-0.002358469702227,-0.0016824401464255,0.0035361892757063,0.0217755532377159,10477550263,regime-analysis-120,35165084206,2026-09-17T01:48:37Z,2026-09-17T01:48:37Z,2026-10-17T01:48:35Z,2190765
origin_spy_return_120d,"(-0.06, 0.0691]",6038,0.6112951308380259,0.0061181058431943,0.005574472841085,0.0054673963645108,0.0199288557361628,10477550263,regime-analysis-120,35165084206,2026-09-17T01:48:37Z,2026-09-17T01:48:37Z,2026-10-17T01:48:35Z,2190765
origin_spy_return_120d,"(0.0691, 0.099]",6033,0.5373777556771092,0.0035476068197591,0.004120613621825,0.0070579679847496,0.0227239379771758,10477550263,regime-analysis-120,35165084206,2026-09-17T01:48:37Z,2026-09-17T01:48:37Z,2026-10-17T01:48:35Z,2190765
origin_spy_return_120d,"(0.099, 0.134]",6069,0.4938210578348986,0.0005116059984154,0.0007531293107585,0.0048061000563672,0.0201637899158216,10477550263,regime-analysis-120,35165084206,2026-09-17T01:48:37Z,2026-09-17T01:48:37Z,2026-10-17T01:48:35Z,2190765
origin_spy_return_120d,"(0.134, 0.342]",5985,0.4507936507936508,0.0004290327416009,0.0020328838505474,-0.0002503382118435,0.0179400100946967,10477550263,regime-analysis-120,35165084206,2026-09-17T01:48:37Z,2026-09-17T01:48:37Z,2026-10-17T01:48:35Z,2190765
origin_spy_distance_sma50,"(-0.0693, 0.00457]",6075,0.631440329218107,0.0067693898266181,0.0058038145105418,0.0071467554490161,0.0201320515835863,10477550263,regime-analysis-120,35165084206,2026-09-17T01:48:37Z,2026-09-17T01:48:37Z,2026-10-17T01:48:35Z,2190765
origin_spy_distance_sma50,"(0.00457, 0.0174]",6059,0.5254992573031854,0.0033857378599426,0.0033229638043438,0.0053775752716564,0.0194407695837278,10477550263,regime-analysis-120,35165084206,2026-09-17T01:48:37Z,2026-09-17T01:48:37Z,2026-10-17T01:48:35Z,2190765
origin_spy_distance_sma50,"(0.0174, 0.0326]",6048,0.4408068783068783,-0.0003667314906109,0.0019278513385817,0.0031067676580321,0.0198289062899434,10477550263,regime-analysis-120,35165084206,2026-09-17T01:48:37Z,2026-09-17T01:48:37Z,2026-10-17T01:48:35Z,2190765
origin_spy_distance_sma50,"(0.0326, 0.0861]",5943,0.4950361770149756,0.0007733965931006,0.0013804854264946,0.0014258469502948,0.0213948996546292,10477550263,regime-analysis-120,35165084206,2026-09-17T01:48:37Z,2026-09-17T01:48:37Z,2026-10-17T01:48:35Z,2190765
origin_spy_distance_sma200,"(-0.0461, 0.0655]",6059,0.6009242449249051,0.0054054118083585,0.0044419424269333,0.006121910553273,0.0205168581577949,10477550263,regime-analysis-120,35165084206,2026-09-17T01:48:37Z,2026-09-17T01:48:37Z,2026-10-17T01:48:35Z,2190765
origin_spy_distance_sma200,"(0.0655, 0.0872]",6075,0.4643621399176955,0.0005224186019759,0.0016475576898347,0.0061000588630879,0.0216307502402858,10477550263,regime-analysis-120,35165084206,2026-09-17T01:48:37Z,2026-09-17T01:48:37Z,2026-10-17T01:48:35Z,2190765
origin_spy_distance_sma200,"(0.0872, 0.102]",5964,0.5546613011401744,0.0047697548070318,0.0056073790551055,0.0051578401833863,0.0199863535827033,10477550263,regime-analysis-120,35165084206,2026-09-17T01:48:37Z,2026-09-17T01:48:37Z,2026-10-17T01:48:35Z,2190765
origin_spy_distance_sma200,"(0.102, 0.13]",6027,0.4741994358719097,-5.89626738521715e-05,0.0008114866122908,-0.0002736129656772,0.0186248359236894,10477550263,regime-analysis-120,35165084206,2026-09-17T01:48:37Z,2026-09-17T01:48:37Z,2026-10-17T01:48:35Z,2190765
origin_spy_trend_ma50_200,"(0.0115, 0.0452]",6090,0.5853858784893268,0.0043265799678161,0.0040484770214396,0.0044127204806843,0.0214726687154743,10477550263,regime-analysis-120,35165084206,2026-09-17T01:48:37Z,2026-09-17T01:48:37Z,2026-10-17T01:48:35Z,2190765
origin_spy_trend_ma50_200,"(0.0452, 0.0642]",6043,0.4789012080092669,-0.0010741790177275,-0.001359058218241,0.0073433192076823,0.0210452164814403,10477550263,regime-analysis-120,35165084206,2026-09-17T01:48:37Z,2026-09-17T01:48:37Z,2026-10-17T01:48:35Z,2190765
origin_spy_trend_ma50_200,"(0.0642, 0.0795]",6007,0.4576327617779258,0.0020703878271515,0.0046861217781052,0.0035381009866024,0.0206520514972897,10477550263,regime-analysis-120,35165084206,2026-09-17T01:48:37Z,2026-09-17T01:48:37Z,2026-10-17T01:48:35Z,2190765
origin_spy_trend_ma50_200,"(0.0795, 0.0902]",5985,0.5714285714285714,0.0053002681554063,0.0051234604609267,0.0017978761602684,0.0175718097156779,10477550263,regime-analysis-120,35165084206,2026-09-17T01:48:37Z,2026-09-17T01:48:37Z,2026-10-17T01:48:35Z,2190765
origin_spy_volatility_20d,"(0.0557, 0.103]",6106,0.473960039305601,0.00419900766968,0.0069282516679961,0.0020968905947262,0.020588094407085,10477550263,regime-analysis-120,35165084206,2026-09-17T01:48:37Z,2026-09-17T01:48:37Z,2026-10-17T01:48:35Z,2190765
origin_spy_volatility_20d,"(0.103, 0.125]",6038,0.5296455780059622,0.0004724360507932,0.0001378113469631,0.0046365633144305,0.022255110810423,10477550263,regime-analysis-120,35165084206,2026-09-17T01:48:37Z,2026-09-17T01:48:37Z,2026-10-17T01:48:35Z,2190765
origin_spy_volatility_20d,"(0.125, 0.14]",5954,0.5110849848841115,0.0007774136998124,-0.0001157996063815,0.0045354101089073,0.0190448031697704,10477550263,regime-analysis-120,35165084206,2026-09-17T01:48:37Z,2026-09-17T01:48:37Z,2026-10-17T01:48:35Z,2190765
origin_spy_volatility_20d,"(0.14, 0.207]",6027,0.5795586527293844,0.0051262820496499,0.0054437268767396,0.0058834896453883,0.0188632700466776,10477550263,regime-analysis-120,35165084206,2026-09-17T01:48:37Z,2026-09-17T01:48:37Z,2026-10-17T01:48:35Z,2190765
origin_spy_volatility_60d,"(0.0849, 0.112]",6132,0.4469993476842792,0.0007123061038683,0.0026235255882258,0.0013732311814094,0.0197725705479746,10477550263,regime-analysis-120,35165084206,2026-09-17T01:48:37Z,2026-09-17T01:48:37Z,2026-10-17T01:48:35Z,2190765
origin_spy_volatility_60d,"(0.112, 0.127]",5943,0.5924617196702002,0.0015368283384955,0.0001909000056185,0.0039386809846847,0.0196564046388761,10477550263,regime-analysis-120,35165084206,2026-09-17T01:48:37Z,2026-09-17T01:48:37Z,2026-10-17T01:48:35Z,2190765
origin_spy_volatility_60d,"(0.127, 0.14]",6065,0.5300906842539159,0.0051805366867576,0.0054957399841389,0.0062766590262389,0.0188482761926162,10477550263,regime-analysis-120,35165084206,2026-09-17T01:48:37Z,2026-09-17T01:48:37Z,2026-10-17T01:48:35Z,2190765
origin_spy_volatility_60d,"(0.14, 0.158]",5985,0.5264828738512949,0.0031905339912939,0.0041273583931942,0.0055750435178941,0.0225214268487711,10477550263,regime-analysis-120,35165084206,2026-09-17T01:48:37Z,2026-09-17T01:48:37Z,2026-10-17T01:48:35Z,2190765
origin_spy_vol_change_20d,"(-0.517, -0.297]",6075,0.5106172839506172,0.0078932530044457,0.0103263418844209,0.0029229333502079,0.0208892824631041,10477550263,regime-analysis-120,35165084206,2026-09-17T01:48:37Z,2026-09-17T01:48:37Z,2026-10-17T01:48:35Z,2190765
origin_spy_vol_change_20d,"(-0.297, 0.0182]",6080,0.5082236842105263,-8.716633038396163e-05,0.0007664037226673,0.0022849676649515,0.0200323504789405,10477550263,regime-analysis-120,35165084206,2026-09-17T01:48:37Z,2026-09-17T01:48:37Z,2026-10-17T01:48:35Z,2190765
origin_spy_vol_change_20d,"(0.0182, 0.27]",6006,0.5316350316350317,0.0009858736659832,-0.0003193802538679,0.0057640093333981,0.0196445731557007,10477550263,regime-analysis-120,35165084206,2026-09-17T01:48:37Z,2026-09-17T01:48:37Z,2026-10-17T01:48:35Z,2190765
origin_spy_vol_change_20d,"(0.27, 1.673]",5964,0.5437625754527163,0.0017897107371748,0.0016401436704423,0.0062030086491133,0.020201972152696,10477550263,regime-analysis-120,35165084206,2026-09-17T01:48:37Z,2026-09-17T01:48:37Z,2026-10-17T01:48:35Z,2190765
origin_market_breadth_20d,"(0.0466, 0.476]",6926,0.6000577533930118,0.0060269946393073,0.004985706456031,0.0065204652115295,0.0201908491063185,10477550263,regime-analysis-120,35165084206,2026-09-17T01:48:37Z,2026-09-17T01:48:37Z,2026-10-17T01:48:35Z,2190765
origin_market_breadth_20d,"(0.476, 0.667]",6909,0.5045592705167173,0.0013305003875769,0.0014818500674267,0.0046931246542473,0.01965543533151,10477550263,regime-analysis-120,35165084206,2026-09-17T01:48:37Z,2026-09-17T01:48:37Z,2026-10-17T01:48:35Z,2190765
origin_market_breadth_20d,"(0.667, 0.81]",4830,0.4985507246376812,0.0003270049459425,0.0013794221131738,0.0038244608155792,0.021090098877906,10477550263,regime-analysis-120,35165084206,2026-09-17T01:48:37Z,2026-09-17T01:48:37Z,2026-10-17T01:48:35Z,2190765
origin_market_breadth_20d,"(0.81, 1.0]",5460,0.4721611721611721,0.0021065397159643,0.0043634005110823,0.0013196192517625,0.0200847159287698,10477550263,regime-analysis-120,35165084206,2026-09-17T01:48:37Z,2026-09-17T01:48:37Z,2026-10-17T01:48:35Z,2190765
origin_market_breadth_252d,"(0.713, 0.905]",7613,0.4791803494023381,0.0023402813476431,0.0037574122940619,0.0013011942895077,0.0182871023624198,10477550263,regime-analysis-120,35165084206,2026-09-17T01:48:37Z,2026-09-17T01:48:37Z,2026-10-17T01:48:35Z,2190765
origin_market_breadth_252d,"(0.905, 0.952]",5592,0.5615164520743919,0.0043412342387532,0.0039668265051676,0.0063723270870607,0.0180538597519281,10477550263,regime-analysis-120,35165084206,2026-09-17T01:48:37Z,2026-09-17T01:48:37Z,2026-10-17T01:48:35Z,2190765
origin_market_breadth_252d,"(0.952, 1.0]",10920,0.5347985347985348,0.002007672987634,0.0022406782981566,0.0052859672113785,0.0226183201601877,10477550263,regime-analysis-120,35165084206,2026-09-17T01:48:37Z,2026-09-17T01:48:37Z,2026-10-17T01:48:35Z,2190765
origin_market_breadth_above_sma200,"(0.38, 0.762]",6674,0.5167815403056638,0.0030059304560687,0.0030804223653688,0.0072684727748011,0.0204792153459585,10477550263,regime-analysis-120,35165084206,2026-09-17T01:48:37Z,2026-09-17T01:48:37Z,2026-10-17T01:48:35Z,2190765
origin_market_breadth_above_sma200,"(0.762, 0.952]",6426,0.4940865234982882,-0.0005751059620274,-0.0007171691342182,0.0035636603589892,0.022011889970857,10477550263,regime-analysis-120,35165084206,2026-09-17T01:48:37Z,2026-09-17T01:48:37Z,2026-10-17T01:48:35Z,2190765
origin_market_breadth_above_sma200,"(0.952, 1.0]",11025,0.5445804988662132,0.0043220484204866,0.0053791991489774,0.0028891554085471,0.0189607493873451,10477550263,regime-analysis-120,35165084206,2026-09-17T01:48:37Z,2026-09-17T01:48:37Z,2026-10-17T01:48:35Z,2190765
origin_cross_asset_daily_volatility,"(0.0015400000000000001, 0.00865]",6127,0.5224416517055656,0.0036403009924047,0.0048209304939691,0.0027728503062562,0.0193048471833906,10477550263,regime-analysis-120,35165084206,2026-09-17T01:48:37Z,2026-09-17T01:48:37Z,2026-10-17T01:48:35Z,2190765
origin_cross_asset_daily_volatility,"(0.00865, 0.0115]",6006,0.4848484848484848,0.0011707900371055,0.0015201593290751,0.0031434077716944,0.0200058066489762,10477550263,regime-analysis-120,35165084206,2026-09-17T01:48:37Z,2026-09-17T01:48:37Z,2026-10-17T01:48:35Z,2190765
origin_cross_asset_daily_volatility,"(0.0115, 0.0157]",6064,0.5300131926121372,0.0007519015096113,0.000271652328018,0.005097593283447,0.0203834914502466,10477550263,regime-analysis-120,35165084206,2026-09-17T01:48:37Z,2026-09-17T01:48:37Z,2026-10-17T01:48:35Z,2190765
origin_cross_asset_daily_volatility,"(0.0157, 0.0647]",5928,0.5568488529014844,0.0050811593944122,0.0058941738939585,0.006154257856118,0.0211079258749077,10477550263,regime-analysis-120,35165084206,2026-09-17T01:48:37Z,2026-09-17T01:48:37Z,2026-10-17T01:48:35Z,2190765
origin_cross_asset_return_20d_dispersion,"(0.0172, 0.0459]",6033,0.5517984419028675,0.0031517871745869,0.0034155017307734,0.0056322130097991,0.0176470422913615,10477550263,regime-analysis-120,35165084206,2026-09-17T01:48:37Z,2026-09-17T01:48:37Z,2026-10-17T01:48:35Z,2190765
origin_cross_asset_return_20d_dispersion,"(0.0459, 0.0577]",6085,0.5308134757600658,0.001311173901704,0.0006735799889027,0.0036776167074886,0.0192232863244468,10477550263,regime-analysis-120,35165084206,2026-09-17T01:48:37Z,2026-09-17T01:48:37Z,2026-10-17T01:48:35Z,2190765
origin_cross_asset_return_20d_dispersion,"(0.0577, 0.0708]",6043,0.5161343703458547,0.003891918720368,0.004958631768746,0.0027477148658756,0.0207140335273206,10477550263,regime-analysis-120,35165084206,2026-09-17T01:48:37Z,2026-09-17T01:48:37Z,2026-10-17T01:48:35Z,2190765
origin_cross_asset_return_20d_dispersion,"(0.0708, 0.157]",5964,0.4946344735077129,0.0022643264158857,0.0034517794558517,0.0050806384066812,0.0232320157836171,10477550263,regime-analysis-120,35165084206,2026-09-17T01:48:37Z,2026-09-17T01:48:37Z,2026-10-17T01:48:35Z,2190765
origin_vix_market,"(13.469000000000001, 15.86]",6175,0.5353846153846153,0.0033649998258065,0.0036911120545755,0.0039882661141283,0.0184524663785397,10425779034,regime-analysis-119,35037919242,2026-09-16T01:19:20Z,2026-09-16T01:19:20Z,2026-10-16T01:19:19Z,2197911
origin_vix_market,"(15.86, 17.08]",5887,0.4606760659079327,-0.0008690973764729,0.0005149347270381,0.0027824293897432,0.0207236459694783,10425779034,regime-analysis-119,35037919242,2026-09-16T01:19:20Z,2026-09-16T01:19:20Z,2026-10-16T01:19:19Z,2197911
origin_vix_market,"(17.08, 19.09]",6096,0.5055774278215223,0.0018576942042705,0.0031403986017107,0.0029164294000736,0.021823527522823,10425779034,regime-analysis-119,35037919242,2026-09-16T01:19:20Z,2026-09-16T01:19:20Z,2026-10-16T01:19:19Z,2197911
origin_vix_market,"(19.09, 31.05]",5922,0.5373184734886862,0.0048014250217834,0.0051808961635816,0.0035459132739487,0.0218202737318342,10425779034,regime-analysis-119,35037919242,2026-09-16T01:19:20Z,2026-09-16T01:19:20Z,2026-10-16T01:19:19Z,2197911
origin_vix_change_1d,"(-5.361000000000001, -0.7]",6151,0.5039830921801333,0.0011251941191092,0.0019098997025874,0.0043183480011894,0.0205580141053927,10425779034,regime-analysis-119,35037919242,2026-09-16T01:19:20Z,2026-09-16T01:19:20Z,2026-10-16T01:19:19Z,2197911
origin_vix_change_1d,"(-0.7, -0.12]",6185,0.5083265966046888,0.0022025527732528,0.0034500661222618,0.0022387181384696,0.0202288221941845,10425779034,regime-analysis-119,35037919242,2026-09-16T01:19:20Z,2026-09-16T01:19:20Z,2026-10-16T01:19:19Z,2197911
origin_vix_change_1d,"(-0.12, 0.65]",5794,0.5305488436313428,0.0033999386755267,0.0040651236970105,0.0036917746766141,0.0204689999584743,10425779034,regime-analysis-119,35037919242,2026-09-16T01:19:20Z,2026-09-16T01:19:20Z,2026-10-16T01:19:19Z,2197911
origin_vix_change_1d,"(0.65, 6.11]",5950,0.4981512605042016,0.0025509139331229,0.0031948564528658,0.0030229217454255,0.0215184828127984,10425779034,regime-analysis-119,35037919242,2026-09-16T01:19:20Z,2026-09-16T01:19:20Z,2026-10-16T01:19:19Z,2197911
origin_vix_change_5d,"(-10.071, -1.45]",6043,0.502895912626179,0.0013147089213963,0.0020296159303314,0.004070567142727,0.0214735691191386,10425779034,regime-analysis-119,35037919242,2026-09-16T01:19:20Z,2026-09-16T01:19:20Z,2026-10-16T01:19:19Z,2197911
origin_vix_change_5d,"(-1.45, 0.01]",6042,0.5278053624627607,0.0010830093981413,0.0016800873487085,0.003131445182037,0.0204729835498175,10425779034,regime-analysis-119,35037919242,2026-09-16T01:19:20Z,2026-09-16T01:19:20Z,2026-10-16T01:19:19Z,2197911
origin_vix_change_5d,"(0.01, 1.09]",6041,0.4891574242675053,0.0011748745285401,0.0018139132706945,0.0027589668886418,0.0204884929796403,10425779034,regime-analysis-119,35037919242,2026-09-16T01:19:20Z,2026-09-16T01:19:20Z,2026-10-16T01:19:19Z,2197911
origin_vix_change_5d,"(1.09, 9.63]",5954,0.5204904266039637,0.0056827837915375,0.0071003136942694,0.0032918389478806,0.0203168353449603,10425779034,regime-analysis-119,35037919242,2026-09-16T01:19:20Z,2026-09-16T01:19:20Z,2026-10-16T01:19:19Z,2197911
origin_vix_change_20d,"(-13.030999999999999, -2.1]",6022,0.5089671205579541,0.0019487301545477,0.0035797472732268,0.0013113267334865,0.0210426707053253,10425779034,regime-analysis-119,35037919242,2026-09-16T01:19:20Z,2026-09-16T01:19:20Z,2026-10-16T01:19:19Z,2197911
origin_vix_change_20d,"(-2.1, 0.07]",6082,0.5516277540282801,0.0023496852891911,0.0017950984761815,0.003531664707402,0.0186710513617466,10425779034,regime-analysis-119,35037919242,2026-09-16T01:19:20Z,2026-09-16T01:19:20Z,2026-10-16T01:19:19Z,2197911
origin_vix_change_20d,"(0.07, 2.14]",6054,0.4991740997687479,0.0051478321207306,0.006941568986877,0.0037673189590565,0.0200670212610574,10425779034,regime-analysis-119,35037919242,2026-09-16T01:19:20Z,2026-09-16T01:19:20Z,2026-10-16T01:19:19Z,2197911
origin_vix_change_20d,"(2.14, 11.19]",5922,0.4795677136102668,-0.0002988811315699,0.0001941724035417,0.0046608263738147,0.0230391631956769,10425779034,regime-analysis-119,35037919242,2026-09-16T01:19:20Z,2026-09-16T01:19:20Z,2026-10-16T01:19:19Z,2197911
origin_vix_pct_change_1d,"(-0.185, -0.0417]",6046,0.5082699305325835,0.0014049354973771,0.0023649687504312,0.0043917441085011,0.0202770196551873,10425779034,regime-analysis-119,35037919242,2026-09-16T01:19:20Z,2026-09-16T01:19:20Z,2026-10-16T01:19:19Z,2197911
origin_vix_pct_change_1d,"(-0.0417, -0.00667]",6080,0.5083881578947368,0.0022051641300286,0.0033256481851319,0.0021351887075522,0.0204812105027961,10425779034,regime-analysis-119,35037919242,2026-09-16T01:19:20Z,2026-09-16T01:19:20Z,2026-10-16T01:19:19Z,2197911
origin_vix_pct_change_1d,"(-0.00667, 0.0427]",6004,0.5066622251832112,0.0017108149064111,0.0024584121762668,0.0034235408605118,0.0207940235168396,10425779034,regime-analysis-119,35037919242,2026-09-16T01:19:20Z,2026-09-16T01:19:20Z,2026-10-16T01:19:19Z,2197911
origin_vix_pct_change_1d,"(0.0427, 0.397]",5950,0.5169747899159663,0.0039071714103334,0.0044319875453478,0.0033102160596481,0.0212154673347033,10425779034,regime-analysis-119,35037919242,2026-09-16T01:19:20Z,2026-09-16T01:19:20Z,2026-10-16T01:19:19Z,2197911
origin_vix_pct_change_5d,"(-0.382, -0.0791]",6043,0.4946218765513818,0.0013853119309268,0.0022513683639959,0.0040636292292413,0.021112737933628,10425779034,regime-analysis-119,35037919242,2026-09-16T01:19:20Z,2026-09-16T01:19:20Z,2026-10-16T01:19:19Z,2197911
origin_vix_pct_change_5d,"(-0.0791, 0.000614]",6042,0.5360807679576299,0.0010123947032401,0.0014582982132179,0.0031383842438037,0.0208338744558155,10425779034,regime-analysis-119,35037919242,2026-09-16T01:19:20Z,2026-09-16T01:19:20Z,2026-10-16T01:19:19Z,2197911
origin_vix_pct_change_5d,"(0.000614, 0.0679]",6041,0.4747558351266346,4.077653424259766e-05,0.0004479308205001,0.0024354422022662,0.020688829593492,10425779034,regime-analysis-119,35037919242,2026-09-16T01:19:20Z,2026-09-16T01:19:20Z,2026-10-16T01:19:19Z,2197911
origin_vix_pct_change_5d,"(0.0679, 0.54]",5954,0.5351024521330198,0.0068334532546801,0.0084862559148982,0.0036200909852329,0.0201135714073926,10425779034,regime-analysis-119,35037919242,2026-09-16T01:19:20Z,2026-09-16T01:19:20Z,2026-10-16T01:19:19Z,2197911
origin_vix_pct_change_20d,"(-0.437, -0.117]",6022,0.5089671205579541,0.0019487301545477,0.0035797472732268,0.0013113267334865,0.0210426707053253,10425779034,regime-analysis-119,35037919242,2026-09-16T01:19:20Z,2026-09-16T01:19:20Z,2026-10-16T01:19:19Z,2197911
origin_vix_pct_change_20d,"(-0.117, 0.00376]",6082,0.5516277540282801,0.0023496852891911,0.0017950984761815,0.003531664707402,0.0186710513617466,10425779034,regime-analysis-119,35037919242,2026-09-16T01:19:20Z,2026-09-16T01:19:20Z,2026-10-16T01:19:19Z,2197911
origin_vix_pct_change_20d,"(0.00376, 0.137]",6054,0.5,0.0052809845857489,0.0070778309662911,0.0037396655686669,0.0200935597361494,10425779034,regime-analysis-119,35037919242,2026-09-16T01:19:20Z,2026-09-16T01:19:20Z,2026-10-16T01:19:19Z,2197911
origin_vix_pct_change_20d,"(0.137, 0.612]",5922,0.4787234042553192,-0.000435001534005,5.4873176359540105e-05,0.004689096151832,0.0230120331841593,10425779034,regime-analysis-119,35037919242,2026-09-16T01:19:20Z,2026-09-16T01:19:20Z,2026-10-16T01:19:19Z,2197911
origin_vix_distance_ma20,"(-0.255, -0.0776]",6022,0.516439721022916,0.0024857689782262,0.0036474815396438,0.0018730443712363,0.0189670551811555,10425779034,regime-analysis-119,35037919242,2026-09-16T01:19:20Z,2026-09-16T01:19:20Z,2026-10-16T01:19:19Z,2197911
origin_vix_distance_ma20,"(-0.0776, -0.0127]",6084,0.5192307692307693,0.0017313228442015,0.0020342008943809,0.0037912952468778,0.0207090205782226,10425779034,regime-analysis-119,35037919242,2026-09-16T01:19:20Z,2026-09-16T01:19:20Z,2026-10-16T01:19:19Z,2197911
origin_vix_distance_ma20,"(-0.0127, 0.056]",5987,0.4932353432436946,8.545159826352518e-05,0.0006746956276446,0.0036730543576361,0.0217199717782947,10425779034,regime-analysis-119,35037919242,2026-09-16T01:19:20Z,2026-09-16T01:19:20Z,2026-10-16T01:19:19Z,2197911
origin_vix_distance_ma20,"(0.056, 0.447]",5987,0.5111073993652915,0.0049117709750274,0.0062249139528943,0.0039166305626485,0.0213711725393983,10425779034,regime-analysis-119,35037919242,2026-09-16T01:19:20Z,2026-09-16T01:19:20Z,2026-10-16T01:19:19Z,2197911
origin_vix_trend_ma,"(-0.224, -0.0621]",6090,0.5369458128078818,0.0036046214993441,0.0053405796433808,0.0010502742503319,0.0199912679520532,10425779034,regime-analysis-119,35037919242,2026-09-16T01:19:20Z,2026-09-16T01:19:20Z,2026-10-16T01:19:19Z,2197911
origin_vix_trend_ma,"(-0.0621, -0.00232]",6040,0.5327814569536424,0.0023480741429999,0.0018081797693153,0.0036692954608175,0.0187278605180438,10425779034,regime-analysis-119,35037919242,2026-09-16T01:19:20Z,2026-09-16T01:19:20Z,2026-10-16T01:19:19Z,2197911
origin_vix_trend_ma,"(-0.00232, 0.0604]",5970,0.4360134003350083,8.127142584448216e-06,0.0016759123905638,0.0035009961735029,0.0214854699700281,10425779034,regime-analysis-119,35037919242,2026-09-16T01:19:20Z,2026-09-16T01:19:20Z,2026-10-16T01:19:19Z,2197911
origin_vix_trend_ma,"(0.0604, 0.24]",5980,0.5336120401337793,0.0032170583146051,0.0037121140176113,0.0050711530400773,0.0225867246573237,10425779034,regime-analysis-119,35037919242,2026-09-16T01:19:20Z,2026-09-16T01:19:20Z,2026-10-16T01:19:19Z,2197911
origin_vix_percentile_252,"(0.0029699999999999996, 0.262]",6280,0.5299363057324841,0.0024292466676192,0.0026064573393555,0.0037674550200269,0.018653697019324,10425779034,regime-analysis-119,35037919242,2026-09-16T01:19:20Z,2026-09-16T01:19:20Z,2026-10-16T01:19:19Z,2197911
origin_vix_percentile_252,"(0.262, 0.488]",5787,0.4821150855365474,0.0013076954524637,0.002508334293562,0.0030807305463073,0.0206431732835954,10425779034,regime-analysis-119,35037919242,2026-09-16T01:19:20Z,2026-09-16T01:19:20Z,2026-10-16T01:19:19Z,2197911
origin_vix_percentile_252,"(0.488, 0.706]",6007,0.4817712668553354,0.0008041957497073,0.0027780068101727,0.0023999407829899,0.0219583508538738,10425779034,regime-analysis-119,35037919242,2026-09-16T01:19:20Z,2026-09-16T01:19:20Z,2026-10-16T01:19:19Z,2197911
origin_vix_percentile_252,"(0.706, 0.968]",6006,0.5444555444555444,0.0046231991329912,0.004674892619902,0.0039761750953487,0.0215932224235949,10425779034,regime-analysis-119,35037919242,2026-09-16T01:19:20Z,2026-09-16T01:19:20Z,2026-10-16T01:19:19Z,2197911
origin_spy_return_5d,"(-0.0392, -0.00728]",6022,0.5469943540352042,0.0043763309358375,0.0044137670120271,0.0031504199185329,0.020798747291157,10425779034,regime-analysis-119,35037919242,2026-09-16T01:19:20Z,2026-09-16T01:19:20Z,2026-10-16T01:19:19Z,2197911
origin_spy_return_5d,"(-0.00728, 0.00398]",6102,0.48656178302196,0.0032515691132864,0.005438380825235,0.0042602094873463,0.0216508081979909,10425779034,regime-analysis-119,35037919242,2026-09-16T01:19:20Z,2026-09-16T01:19:20Z,2026-10-16T01:19:19Z,2197911
origin_spy_return_5d,"(0.00398, 0.0134]",5997,0.4907453726863431,0.0016353942109412,0.0030153795301604,0.0028542111859267,0.0195628644365136,10425779034,regime-analysis-119,35037919242,2026-09-16T01:19:20Z,2026-09-16T01:19:20Z,2026-10-16T01:19:19Z,2197911
origin_spy_return_5d,"(0.0134, 0.0553]",5959,0.5161939922805839,-9.762681500394784e-05,-0.0003689815661264,0.0029704355731061,0.0207280051504601,10425779034,regime-analysis-119,35037919242,2026-09-16T01:19:20Z,2026-09-16T01:19:20Z,2026-10-16T01:19:19Z,2197911
origin_spy_return_20d,"(-0.0803, -0.00265]",6100,0.4865573770491803,0.0025843564009357,0.0027181913287262,0.0047190364271448,0.0228177012308807,10425779034,regime-analysis-119,35037919242,2026-09-16T01:19:20Z,2026-09-16T01:19:20Z,2026-10-16T01:19:19Z,2197911
origin_spy_return_20d,"(-0.00265, 0.0128]",6020,0.5780730897009967,0.0046069209253435,0.0048348104607331,0.0051991377663066,0.0203973134069896,10425779034,regime-analysis-119,35037919242,2026-09-16T01:19:20Z,2026-09-16T01:19:20Z,2026-10-16T01:19:19Z,2197911
origin_spy_return_20d,"(0.0128, 0.0318]",6017,0.4904437427289347,0.0025336499310062,0.0045986899779232,0.003237050510788,0.0185904380801124,10425779034,regime-analysis-119,35037919242,2026-09-16T01:19:20Z,2026-09-16T01:19:20Z,2026-10-16T01:19:19Z,2197911
origin_spy_return_20d,"(0.0318, 0.128]",5943,0.4851085310449268,-0.0005590054070078,0.0003857194945024,3.750506834490016e-05,0.0209257106482191,10425779034,regime-analysis-119,35037919242,2026-09-16T01:19:20Z,2026-09-16T01:19:20Z,2026-10-16T01:19:19Z,2197911
origin_spy_return_60d,"(-0.078, 0.0203]",6102,0.4814814814814814,0.0010286052059273,0.0014417291097739,0.0042422792759566,0.0234263822721136,10425779034,regime-analysis-119,35037919242,2026-09-16T01:19:20Z,2026-09-16T01:19:20Z,2026-10-16T01:19:19Z,2197911
origin_spy_return_60d,"(0.0203, 0.0427]",5994,0.6022689356022689,0.0083660298214507,0.0090988152804881,0.0031434771279951,0.018993533168428,10425779034,regime-analysis-119,35037919242,2026-09-16T01:19:20Z,2026-09-16T01:19:20Z,2026-10-16T01:19:19Z,2197911
origin_spy_return_60d,"(0.0427, 0.0715]",5999,0.4877479579929988,0.0021390188497985,0.003731096697634,0.0033528326555249,0.0189927607289044,10425779034,regime-analysis-119,35037919242,2026-09-16T01:19:20Z,2026-09-16T01:19:20Z,2026-10-16T01:19:19Z,2197911
origin_spy_return_60d,"(0.0715, 0.162]",5985,0.4691729323308271,-0.0023113559363396,-0.0016824401464255,0.0024967625657059,0.0212978069306868,10425779034,regime-analysis-119,35037919242,2026-09-16T01:19:20Z,2026-09-16T01:19:20Z,2026-10-16T01:19:19Z,2197911
origin_spy_return_120d,"(-0.06, 0.0691]",6038,0.5081152699569393,0.0039793860449219,0.005574472841085,0.00208405699323,0.0223167811630974,10425779034,regime-analysis-119,35037919242,2026-09-16T01:19:20Z,2026-09-16T01:19:20Z,2026-10-16T01:19:19Z,2197911
origin_spy_return_120d,"(0.0691, 0.099]",6033,0.5527929719874026,0.0037340255128487,0.004120613621825,0.0057422780498579,0.0227247482747132,10425779034,regime-analysis-119,35037919242,2026-09-16T01:19:20Z,2026-09-16T01:19:20Z,2026-10-16T01:19:19Z,2197911
origin_spy_return_120d,"(0.099, 0.134]",6051,0.5308213518426707,0.0012413780772853,0.0007348105742693,0.003854639585702,0.0197616864223776,10425779034,regime-analysis-119,35037919242,2026-09-16T01:19:20Z,2026-09-16T01:19:20Z,2026-10-16T01:19:19Z,2197911
origin_spy_return_120d,"(0.134, 0.342]",5958,0.4476334340382679,0.0002273502707929,0.002128987387041,0.0015498545435272,0.017921260990755,10425779034,regime-analysis-119,35037919242,2026-09-16T01:19:20Z,2026-09-16T01:19:20Z,2026-10-16T01:19:19Z,2197911
origin_spy_distance_sma50,"(-0.0693, 0.00457]",6075,0.548641975308642,0.0056801277502351,0.0058038145105418,0.0044145547057454,0.0221509617552642,10425779034,regime-analysis-119,35037919242,2026-09-16T01:19:20Z,2026-09-16T01:19:20Z,2026-10-16T01:19:19Z,2197911
origin_spy_distance_sma50,"(0.00457, 0.0174]",6032,0.5386273209549072,0.0033928956712656,0.003339845273454,0.0055375960196088,0.0196709876817967,10425779034,regime-analysis-119,35037919242,2026-09-16T01:19:20Z,2026-09-16T01:19:20Z,2026-10-16T01:19:19Z,2197911
origin_spy_distance_sma50,"(0.0174, 0.0326]",6030,0.456882255389718,-9.372903618677388e-05,0.0019968208791312,0.0032899919933193,0.0195837184161423,10425779034,regime-analysis-119,35037919242,2026-09-16T01:19:20Z,2026-09-16T01:19:20Z,2026-10-16T01:19:19Z,2197911
origin_spy_distance_sma50,"(0.0326, 0.0861]",5943,0.4955409725727747,0.0001705374110292,0.0013804854264946,-4.622137709327564e-05,0.0213507750495855,10425779034,regime-analysis-119,35037919242,2026-09-16T01:19:20Z,2026-09-16T01:19:20Z,2026-10-16T01:19:19Z,2197911
origin_spy_distance_sma200,"(-0.0461, 0.0655]",6059,0.4994223469219343,0.0034273393436962,0.0044419424269333,0.0028199199244377,0.0228920122363364,10425779034,regime-analysis-119,35037919242,2026-09-16T01:19:20Z,2026-09-16T01:19:20Z,2026-10-16T01:19:19Z,2197911
origin_spy_distance_sma200,"(0.0655, 0.0872]",6030,0.4640132669983416,0.0003356135835675,0.0017250757827728,0.004917865011977,0.0213583356319803,10425779034,regime-analysis-119,35037919242,2026-09-16T01:19:20Z,2026-09-16T01:19:20Z,2026-10-16T01:19:19Z,2197911
origin_spy_distance_sma200,"(0.0872, 0.102]",6027,0.6137381781981085,0.0057180573457623,0.0057026822089803,0.0044534418758259,0.0198722283136027,10425779034,regime-analysis-119,35037919242,2026-09-16T01:19:20Z,2026-09-16T01:19:20Z,2026-10-16T01:19:19Z,2197911
origin_spy_distance_sma200,"(0.102, 0.13]",5964,0.4626089872568746,-0.0003071244295748,0.000664515899296,0.0010401814341619,0.0186010366334617,10425779034,regime-analysis-119,35037919242,2026-09-16T01:19:20Z,2026-09-16T01:19:20Z,2026-10-16T01:19:19Z,2197911
origin_spy_trend_ma50_200,"(0.0115, 0.0452]",6090,0.5402298850574713,0.0027632875012815,0.0040484770214396,-0.0008831267579043,0.0233902772676821,10425779034,regime-analysis-119,35037919242,2026-09-16T01:19:20Z,2026-09-16T01:19:20Z,2026-10-16T01:19:19Z,2197911
origin_spy_trend_ma50_200,"(0.0452, 0.0642]",5998,0.4549849949983328,-0.0013474371161236,-0.0013036836959747,0.0073643552655295,0.0211386379529178,10425779034,regime-analysis-119,35037919242,2026-09-16T01:19:20Z,2026-09-16T01:19:20Z,2026-10-16T01:19:19Z,2197911
origin_spy_trend_ma50_200,"(0.0642, 0.0795]",6007,0.4649575495255535,0.002362984448411,0.0046861217781052,0.0036447781515647,0.0202733865941465,10425779034,regime-analysis-119,35037919242,2026-09-16T01:19:20Z,2026-09-16T01:19:20Z,2026-10-16T01:19:19Z,2197911
origin_spy_trend_ma50_200,"(0.0795, 0.0902]",5985,0.5797827903091061,0.0054269172724132,0.0051234604609267,0.0031909463358189,0.0179083368848838,10425779034,regime-analysis-119,35037919242,2026-09-16T01:19:20Z,2026-09-16T01:19:20Z,2026-10-16T01:19:19Z,2197911
origin_spy_volatility_20d,"(0.0557, 0.103]",6061,0.532090414123082,0.0055043192023698,0.0070445798860185,0.0020963125309827,0.0200827263285343,10425779034,regime-analysis-119,35037919242,2026-09-16T01:19:20Z,2026-09-16T01:19:20Z,2026-10-16T01:19:19Z,2197911
origin_spy_volatility_20d,"(0.103, 0.125]",6038,0.4971844981782047,-0.0002526850244741,0.0001378113469631,0.0037318321560243,0.0224409805266087,10425779034,regime-analysis-119,35037919242,2026-09-16T01:19:20Z,2026-09-16T01:19:20Z,2026-10-16T01:19:19Z,2197911
origin_spy_volatility_20d,"(0.125, 0.14]",6059,0.4979369532926225,0.000531127923587,-0.0003772208084137,0.004642674368088,0.0196852210287929,10425779034,regime-analysis-119,35037919242,2026-09-16T01:19:20Z,2026-09-16T01:19:20Z,2026-10-16T01:19:19Z,2197911
origin_spy_volatility_20d,"(0.14, 0.207]",5922,0.5130023640661938,0.0034392046471616,0.005809768981407,0.0027721445962053,0.0205517003746178,10425779034,regime-analysis-119,35037919242,2026-09-16T01:19:20Z,2026-09-16T01:19:20Z,2026-10-16T01:19:19Z,2197911
origin_spy_volatility_60d,"(0.0849, 0.112]",6027,0.4245893479342956,0.000148683089926,0.0024199799140697,0.0029244386452908,0.0196680270363277,10425779034,regime-analysis-119,35037919242,2026-09-16T01:19:20Z,2026-09-16T01:19:20Z,2026-10-16T01:19:19Z,2197911
origin_spy_volatility_60d,"(0.112, 0.127]",6030,0.5706467661691542,0.001936548374501,0.0004724992866436,0.0039837195333913,0.0202299958883785,10425779034,regime-analysis-119,35037919242,2026-09-16T01:19:20Z,2026-09-16T01:19:20Z,2026-10-16T01:19:19Z,2197911
origin_spy_volatility_60d,"(0.127, 0.14]",6038,0.5001656177542233,0.004345956937827,0.005550272442532,0.0048085019267545,0.0198083415436534,10425779034,regime-analysis-119,35037919242,2026-09-16T01:19:20Z,2026-09-16T01:19:20Z,2026-10-16T01:19:19Z,2197911
origin_spy_volatility_60d,"(0.14, 0.158]",5985,0.5450292397660819,0.0027747122548819,0.0041273583931942,0.001521136502602,0.0230695285101761,10425779034,regime-analysis-119,35037919242,2026-09-16T01:19:20Z,2026-09-16T01:19:20Z,2026-10-16T01:19:19Z,2197911
origin_spy_vol_change_20d,"(-0.517, -0.297]",6039,0.5399900645802285,0.0083069022861608,0.0104771129248779,0.0022262435005586,0.0206783821539675,10425779034,regime-analysis-119,35037919242,2026-09-16T01:19:20Z,2026-09-16T01:19:20Z,2026-10-16T01:19:19Z,2197911
origin_spy_vol_change_20d,"(-0.297, 0.0182]",6071,0.5170482622302751,0.0002502488319557,0.0007435794156993,0.0025411301674648,0.0201300307036391,10425779034,regime-analysis-119,35037919242,2026-09-16T01:19:20Z,2026-09-16T01:19:20Z,2026-10-16T01:19:19Z,2197911
origin_spy_vol_change_20d,"(0.0182, 0.27]",6006,0.4578754578754578,-0.0005166581481957,-0.0003193802538679,0.003896106762732,0.0210611459527747,10425779034,regime-analysis-119,35037919242,2026-09-16T01:19:20Z,2026-09-16T01:19:20Z,2026-10-16T01:19:19Z,2197911
origin_spy_vol_change_20d,"(0.27, 1.673]",5964,0.5251509054325956,0.0011467883619095,0.0016401436704423,0.0046132887558371,0.0208954660809665,10425779034,regime-analysis-119,35037919242,2026-09-16T01:19:20Z,2026-09-16T01:19:20Z,2026-10-16T01:19:19Z,2197911
origin_market_breadth_20d,"(0.0466, 0.476]",6890,0.534978229317852,0.0049507507823129,0.0050899507866404,0.0032583884234309,0.0220594865857891,10425779034,regime-analysis-119,35037919242,2026-09-16T01:19:20Z,2026-09-16T01:19:20Z,2026-10-16T01:19:19Z,2197911
origin_market_breadth_20d,"(0.476, 0.667]",6900,0.4859420289855072,0.001012155228694,0.0014627011760499,0.0046112850815275,0.0200389229482529,10425779034,regime-analysis-119,35037919242,2026-09-16T01:19:20Z,2026-09-16T01:19:20Z,2026-10-16T01:19:19Z,2197911
origin_market_breadth_20d,"(0.667, 0.81]",4830,0.5436853002070393,0.0008021386585458,0.0013794221131738,0.0034199724696433,0.0205064623327775,10425779034,regime-analysis-119,35037919242,2026-09-16T01:19:20Z,2026-09-16T01:19:20Z,2026-10-16T01:19:19Z,2197911
origin_market_breadth_20d,"(0.81, 1.0]",5460,0.4793040293040293,0.0019143162689363,0.0043634005110823,0.001648081826919,0.0199441986341585,10425779034,regime-analysis-119,35037919242,2026-09-16T01:19:20Z,2026-09-16T01:19:20Z,2026-10-16T01:19:19Z,2197911
origin_market_breadth_252d,"(0.713, 0.905]",7568,0.4863900634249471,0.0024348765645893,0.0038317222250354,0.002181822434215,0.0181918339086767,10425779034,regime-analysis-119,35037919242,2026-09-16T01:19:20Z,2026-09-16T01:19:20Z,2026-10-16T01:19:19Z,2197911
origin_market_breadth_252d,"(0.905, 0.952]",5592,0.5541845493562232,0.0043278234670404,0.0039668265051676,0.0043187906548144,0.018664502041056,10425779034,regime-analysis-119,35037919242,2026-09-16T01:19:20Z,2026-09-16T01:19:20Z,2026-10-16T01:19:19Z,2197911
origin_market_breadth_252d,"(0.952, 1.0]",10920,0.5038461538461538,0.0011714932095962,0.0022406782981566,0.0035826417197319,0.0234571679573628,10425779034,regime-analysis-119,35037919242,2026-09-16T01:19:20Z,2026-09-16T01:19:20Z,2026-10-16T01:19:19Z,2197911
origin_market_breadth_above_sma200,"(0.38, 0.762]",6629,0.4653793935736913,0.0017667195427642,0.0031606626747391,0.0050585975576838,0.021396990823211,10425779034,regime-analysis-119,35037919242,2026-09-16T01:19:20Z,2026-09-16T01:19:20Z,2026-10-16T01:19:19Z,2197911
origin_market_breadth_above_sma200,"(0.762, 0.952]",6426,0.4796140678493619,-0.0011197714027686,-0.0007171691342182,0.0003343223453929,0.0229299582628721,10425779034,regime-analysis-119,35037919242,2026-09-16T01:19:20Z,2026-09-16T01:19:20Z,2026-10-16T01:19:19Z,2197911
origin_market_breadth_above_sma200,"(0.952, 1.0]",11025,0.5546485260770975,0.0046172433290249,0.0053791991489774,0.0040003046260275,0.0189579505273987,10425779034,regime-analysis-119,35037919242,2026-09-16T01:19:20Z,2026-09-16T01:19:20Z,2026-10-16T01:19:19Z,2197911
origin_cross_asset_daily_volatility,"(0.0015400000000000001, 0.00865]",6109,0.5084301849729906,0.0029974590171409,0.0048336698537382,0.0024890529574008,0.0198731855505327,10425779034,regime-analysis-119,35037919242,2026-09-16T01:19:20Z,2026-09-16T01:19:20Z,2026-10-16T01:19:19Z,2197911
origin_cross_asset_daily_volatility,"(0.00865, 0.0115]",5988,0.4819639278557114,0.001039186354415,0.0015883870968343,0.0032602414733944,0.0203772932968777,10425779034,regime-analysis-119,35037919242,2026-09-16T01:19:20Z,2026-09-16T01:19:20Z,2026-10-16T01:19:19Z,2197911
origin_cross_asset_daily_volatility,"(0.0115, 0.0157]",6055,0.5146160198183319,0.0002000286910962,0.0002755343874679,0.0033812481036761,0.020586413485795,10425779034,regime-analysis-119,35037919242,2026-09-16T01:19:20Z,2026-09-16T01:19:20Z,2026-10-16T01:19:19Z,2197911
origin_cross_asset_daily_volatility,"(0.0157, 0.0647]",5928,0.5354251012145749,0.0050060293128802,0.0058941738939585,0.0041470562375385,0.0219508623620876,10425779034,regime-analysis-119,35037919242,2026-09-16T01:19:20Z,2026-09-16T01:19:20Z,2026-10-16T01:19:19Z,2197911
origin_cross_asset_return_20d_dispersion,"(0.0172, 0.0459]",6120,0.517483660130719,0.0026335395393758,0.0031787854494848,0.0055975371158684,0.0187835772893409,10425779034,regime-analysis-119,35037919242,2026-09-16T01:19:20Z,2026-09-16T01:19:20Z,2026-10-16T01:19:19Z,2197911
origin_cross_asset_return_20d_dispersion,"(0.0459, 0.0577]",5953,0.5266252309759785,0.0012489647528651,0.0009480233878307,0.0036808449139598,0.0195267943627096,10425779034,regime-analysis-119,35037919242,2026-09-16T01:19:20Z,2026-09-16T01:19:20Z,2026-10-16T01:19:19Z,2197911
origin_cross_asset_return_20d_dispersion,"(0.0577, 0.0708]",6043,0.4934635115009101,0.0033836521330337,0.004958631768746,0.0012818032649429,0.0211719609300126,10425779034,regime-analysis-119,35037919242,2026-09-16T01:19:20Z,2026-09-16T01:19:20Z,2026-10-16T01:19:19Z,2197911
origin_cross_asset_return_20d_dispersion,"(0.0708, 0.157]",5964,0.5026827632461436,0.0019150371432903,0.0034517794558517,0.002661003194394,0.0233164501637844,10425779034,regime-analysis-119,35037919242,2026-09-16T01:19:20Z,2026-09-16T01:19:20Z,2026-10-16T01:19:19Z,2197911
origin_vix_market,"(13.469000000000001, 15.85]",6048,0.5254629629629629,0.0032420973852485,0.0037625143762583,0.0061104406598069,0.0181765553950702,10376338946,regime-analysis-118,34912551669,2026-09-15T01:48:02Z,2026-09-15T01:48:02Z,2026-10-15T01:48:01Z,2155198
origin_vix_market,"(15.85, 17.09]",6059,0.4773064862188479,0.0015749293282842,0.0026627546966548,0.0034410469270195,0.0206885551096119,10376338946,regime-analysis-118,34912551669,2026-09-15T01:48:02Z,2026-09-15T01:48:02Z,2026-10-15T01:48:01Z,2155198
origin_vix_market,"(17.09, 19.08]",6075,0.4520164609053498,0.0008656024738656,0.0031060836128736,0.0025623883169557,0.0223229303947234,10376338946,regime-analysis-118,34912551669,2026-09-15T01:48:02Z,2026-09-15T01:48:02Z,2026-10-15T01:48:01Z,2155198
origin_vix_market,"(19.08, 31.05]",5943,0.530203600874979,0.0049402140464032,0.0054700854992753,0.0100979852471733,0.0219998651110443,10376338946,regime-analysis-118,34912551669,2026-09-15T01:48:02Z,2026-09-15T01:48:02Z,2026-10-15T01:48:01Z,2155198
origin_vix_change_1d,"(-5.361000000000001, -0.7]",6127,0.4883303411131059,0.0010955157706047,0.0022205297993655,0.0079942214706371,0.0210834499981611,10376338946,regime-analysis-118,34912551669,2026-09-15T01:48:02Z,2026-09-15T01:48:02Z,2026-10-15T01:48:01Z,2155198
origin_vix_change_1d,"(-0.7, -0.13]",5975,0.4948953974895397,0.0028897429160322,0.0040655862765664,0.0034819309316087,0.0204071868985546,10376338946,regime-analysis-118,34912551669,2026-09-15T01:48:02Z,2026-09-15T01:48:02Z,2026-10-15T01:48:01Z,2155198
origin_vix_change_1d,"(-0.13, 0.65]",6085,0.524075595727198,0.0041134180578598,0.0049348486000234,0.0043633458858853,0.0198180373059191,10376338946,regime-analysis-118,34912551669,2026-09-15T01:48:02Z,2026-09-15T01:48:02Z,2026-10-15T01:48:01Z,2155198
origin_vix_change_1d,"(0.65, 6.11]",5938,0.4764230380599528,0.0024857428360897,0.003762525414399,0.0062391363772672,0.0218822442029791,10376338946,regime-analysis-118,34912551669,2026-09-15T01:48:02Z,2026-09-15T01:48:02Z,2026-10-15T01:48:01Z,2155198
origin_vix_change_5d,"(-10.071, -1.44]",6085,0.4660640920295809,0.0012099660065785,0.0017729102843443,0.0074821589743653,0.0217618470757835,10376338946,regime-analysis-118,34912551669,2026-09-15T01:48:02Z,2026-09-15T01:48:02Z,2026-10-15T01:48:01Z,2155198
origin_vix_change_5d,"(-1.44, 0.02]",6064,0.4975263852242744,0.0019308103375776,0.0035587461726212,0.0034526267136405,0.0206949053141906,10376338946,regime-analysis-118,34912551669,2026-09-15T01:48:02Z,2026-09-15T01:48:02Z,2026-10-15T01:48:01Z,2155198
origin_vix_change_5d,"(0.02, 1.16]",5975,0.4965690376569037,0.0017919477842583,0.0021272846888274,0.0043391257965602,0.0207138505172371,10376338946,regime-analysis-118,34912551669,2026-09-15T01:48:02Z,2026-09-15T01:48:02Z,2026-10-15T01:48:01Z,2155198
origin_vix_change_5d,"(1.16, 9.63]",6001,0.52441259790035,0.0056642166046526,0.0075301736107794,0.0068308850867862,0.0199901284485116,10376338946,regime-analysis-118,34912551669,2026-09-15T01:48:02Z,2026-09-15T01:48:02Z,2026-10-15T01:48:01Z,2155198
origin_vix_change_20d,"(-13.030999999999999, -2.02]",6127,0.5012240900930308,0.002190805130509,0.0027158909952652,0.0037046574486844,0.021256247283319,10376338946,regime-analysis-118,34912551669,2026-09-15T01:48:02Z,2026-09-15T01:48:02Z,2026-10-15T01:48:01Z,2155198
origin_vix_change_20d,"(-2.02, 0.12]",5959,0.5348212787380433,0.0036959729758568,0.0034644465280509,0.0047848910152157,0.0180407398320732,10376338946,regime-analysis-118,34912551669,2026-09-15T01:48:02Z,2026-09-15T01:48:02Z,2026-10-15T01:48:01Z,2155198
origin_vix_change_20d,"(0.12, 2.2]",6033,0.4545002486325211,0.0032519041584228,0.0069928255627731,0.003439153540219,0.020834000651823,10376338946,regime-analysis-118,34912551669,2026-09-15T01:48:02Z,2026-09-15T01:48:02Z,2026-10-15T01:48:01Z,2155198
origin_vix_change_20d,"(2.2, 11.19]",6006,0.494005994005994,0.001449021829344,0.0017973486706936,0.010227117671475,0.0230115619788105,10376338946,regime-analysis-118,34912551669,2026-09-15T01:48:02Z,2026-09-15T01:48:02Z,2026-10-15T01:48:01Z,2155198
origin_vix_pct_change_1d,"(-0.185, -0.0413]",6085,0.4948233360723089,0.0013093007614529,0.0026519235941764,0.0074734037465741,0.0206879223372709,10376338946,regime-analysis-118,34912551669,2026-09-15T01:48:02Z,2026-09-15T01:48:02Z,2026-10-15T01:48:01Z,2155198
origin_vix_pct_change_1d,"(-0.0413, -0.00787]",6017,0.4882831976067808,0.0026610177690455,0.0036164382603678,0.0040401313726195,0.0208119050083601,10376338946,regime-analysis-118,34912551669,2026-09-15T01:48:02Z,2026-09-15T01:48:02Z,2026-10-15T01:48:01Z,2155198
origin_vix_pct_change_1d,"(-0.00787, 0.0427]",6085,0.505505341002465,0.0027519556116863,0.0037251641299712,0.0041257639490067,0.0204861383792602,10376338946,regime-analysis-118,34912551669,2026-09-15T01:48:02Z,2026-09-15T01:48:02Z,2026-10-15T01:48:01Z,2155198
origin_vix_pct_change_1d,"(0.0427, 0.397]",5938,0.4954530144829909,0.0038809093879532,0.0050021566033967,0.0064825998474434,0.0211976037463808,10376338946,regime-analysis-118,34912551669,2026-09-15T01:48:02Z,2026-09-15T01:48:02Z,2026-10-15T01:48:01Z,2155198
origin_vix_pct_change_5d,"(-0.382, -0.078]",6085,0.4617912900575185,0.0012385377406231,0.0017893474247506,0.0071375674893484,0.0214349035343542,10376338946,regime-analysis-118,34912551669,2026-09-15T01:48:02Z,2026-09-15T01:48:02Z,2026-10-15T01:48:01Z,2155198
origin_vix_pct_change_5d,"(-0.078, 0.00124]",6064,0.5018139841688655,0.0019021396578841,0.0035422521094002,0.0037984115398819,0.0210229810809448,10376338946,regime-analysis-118,34912551669,2026-09-15T01:48:02Z,2026-09-15T01:48:02Z,2026-10-15T01:48:01Z,2155198
origin_vix_pct_change_5d,"(0.00124, 0.0704]",5975,0.4723012552301255,0.0005601377470153,0.0009698077075668,0.0039500396317026,0.0210465087117945,10376338946,regime-analysis-118,34912551669,2026-09-15T01:48:02Z,2026-09-15T01:48:02Z,2026-10-15T01:48:01Z,2155198
origin_vix_pct_change_5d,"(0.0704, 0.54]",6001,0.5485752374604232,0.0068906896878932,0.0086826356942708,0.0072182854925559,0.0196589115325842,10376338946,regime-analysis-118,34912551669,2026-09-15T01:48:02Z,2026-09-15T01:48:02Z,2026-10-15T01:48:01Z,2155198
origin_vix_pct_change_20d,"(-0.437, -0.107]",6127,0.4901256732495511,0.0025304419838974,0.0037714238755247,0.0035070401560281,0.0208832810188567,10376338946,regime-analysis-118,34912551669,2026-09-15T01:48:02Z,2026-09-15T01:48:02Z,2026-10-15T01:48:01Z,2155198
origin_vix_pct_change_20d,"(-0.107, 0.0056]",5959,0.546232589360631,0.0033467608596107,0.0023791553789739,0.004988079662993,0.0184242210038068,10376338946,regime-analysis-118,34912551669,2026-09-15T01:48:02Z,2026-09-15T01:48:02Z,2026-10-15T01:48:01Z,2155198
origin_vix_pct_change_20d,"(0.0056, 0.139]",6033,0.4500248632521134,0.0030013659623942,0.0066001947146955,0.0036827161296693,0.0211071102960915,10376338946,regime-analysis-118,34912551669,2026-09-15T01:48:02Z,2026-09-15T01:48:02Z,2026-10-15T01:48:01Z,2155198
origin_vix_pct_change_20d,"(0.139, 0.612]",6006,0.4985014985014985,0.0017006863209592,0.0021917445925137,0.009982460145309,0.0227372245689085,10376338946,regime-analysis-118,34912551669,2026-09-15T01:48:02Z,2026-09-15T01:48:02Z,2026-10-15T01:48:01Z,2155198
origin_vix_distance_ma20,"(-0.255, -0.0776]",6106,0.5058958401572224,0.0027206763648871,0.0031396915902346,0.0045829951559271,0.0190229784403253,10376338946,regime-analysis-118,34912551669,2026-09-15T01:48:02Z,2026-09-15T01:48:02Z,2026-10-15T01:48:01Z,2155198
origin_vix_distance_ma20,"(-0.0776, -0.0119]",6006,0.518981018981019,0.0029899657282843,0.0028388560152158,0.0050423110807694,0.0202551259691101,10376338946,regime-analysis-118,34912551669,2026-09-15T01:48:02Z,2026-09-15T01:48:02Z,2026-10-15T01:48:01Z,2155198
origin_vix_distance_ma20,"(-0.0119, 0.0597]",6080,0.4521381578947368,-7.387254413994302e-05,0.0023814734760638,0.0045372546103049,0.0219384587334329,10376338946,regime-analysis-118,34912551669,2026-09-15T01:48:02Z,2026-09-15T01:48:02Z,2026-10-15T01:48:01Z,2155198
origin_vix_distance_ma20,"(0.0597, 0.447]",5933,0.5076689701668633,0.0049971161154322,0.0066689716691748,0.0080110714624868,0.0219869106548172,10376338946,regime-analysis-118,34912551669,2026-09-15T01:48:02Z,2026-09-15T01:48:02Z,2026-10-15T01:48:01Z,2155198
origin_vix_trend_ma,"(-0.224, -0.0621]",6111,0.5308460153820979,0.0043981940841523,0.0048493236870211,0.0027249681665505,0.0195976304604699,10376338946,regime-analysis-118,34912551669,2026-09-15T01:48:02Z,2026-09-15T01:48:02Z,2026-10-15T01:48:01Z,2155198
origin_vix_trend_ma,"(-0.0621, -0.00196]",6043,0.5009101439682278,0.002281281634574,0.0024945526703631,0.0045775443117308,0.0186532187084034,10376338946,regime-analysis-118,34912551669,2026-09-15T01:48:02Z,2026-09-15T01:48:02Z,2026-10-15T01:48:01Z,2155198
origin_vix_trend_ma,"(-0.00196, 0.0612]",5970,0.4214405360134003,-0.0001758542487092,0.0034012509283927,0.0042989554820259,0.0222057273571317,10376338946,regime-analysis-118,34912551669,2026-09-15T01:48:02Z,2026-09-15T01:48:02Z,2026-10-15T01:48:01Z,2155198
origin_vix_trend_ma,"(0.0612, 0.24]",6001,0.5299116813864356,0.0040252674206588,0.0042081697790612,0.0105657288487762,0.0227612148342801,10376338946,regime-analysis-118,34912551669,2026-09-15T01:48:02Z,2026-09-15T01:48:02Z,2026-10-15T01:48:01Z,2155198
origin_vix_percentile_252,"(0.0029699999999999996, 0.258]",6043,0.5250703293066358,0.0037223180640164,0.0033478573609287,0.0061670176432103,0.0186637078278147,10376338946,regime-analysis-118,34912551669,2026-09-15T01:48:02Z,2026-09-15T01:48:02Z,2026-10-15T01:48:01Z,2155198
origin_vix_percentile_252,"(0.258, 0.496]",6064,0.4767480211081794,0.0011584445435245,0.0031485480983491,0.0036842856198088,0.020387569420027,10376338946,regime-analysis-118,34912551669,2026-09-15T01:48:02Z,2026-09-15T01:48:02Z,2026-10-15T01:48:01Z,2155198
origin_vix_percentile_252,"(0.496, 0.706]",5991,0.457185778668002,0.0011745263010049,0.0032517374276645,0.0019967560180152,0.0220689368057117,10376338946,regime-analysis-118,34912551669,2026-09-15T01:48:02Z,2026-09-15T01:48:02Z,2026-10-15T01:48:01Z,2155198
origin_vix_percentile_252,"(0.706, 0.968]",6027,0.5249709639953543,0.0045152756015365,0.0052202483981122,0.0102559686196135,0.0220691480291782,10376338946,regime-analysis-118,34912551669,2026-09-15T01:48:02Z,2026-09-15T01:48:02Z,2026-10-15T01:48:01Z,2155198
origin_spy_return_5d,"(-0.0392, -0.00857]",6085,0.5114215283483977,0.0039421753400883,0.0048464119889752,0.008281961443685,0.0216978433731433,10376338946,regime-analysis-118,34912551669,2026-09-15T01:48:02Z,2026-09-15T01:48:02Z,2026-10-15T01:48:01Z,2155198
origin_spy_return_5d,"(-0.00857, 0.00397]",5991,0.4563511934568519,0.0031386734737872,0.0065512618636892,0.0063991625341545,0.021561289819975,10376338946,regime-analysis-118,34912551669,2026-09-15T01:48:02Z,2026-09-15T01:48:02Z,2026-10-15T01:48:01Z,2155198
origin_spy_return_5d,"(0.00397, 0.0134]",6069,0.4686109738012852,0.0016722213327193,0.0036805809907166,0.0034211944176919,0.02004914081493,10376338946,regime-analysis-118,34912551669,2026-09-15T01:48:02Z,2026-09-15T01:48:02Z,2026-10-15T01:48:01Z,2155198
origin_spy_return_5d,"(0.0134, 0.0553]",5980,0.5479933110367893,0.0018107504846815,-0.0001352807835943,0.0039946048064991,0.019859107541563,10376338946,regime-analysis-118,34912551669,2026-09-15T01:48:02Z,2026-09-15T01:48:02Z,2026-10-15T01:48:01Z,2155198
origin_spy_return_20d,"(-0.0803, -0.00336]",6127,0.4929002774604211,0.0027949921779179,0.0029824021672795,0.0123201740023131,0.0230993835452826,10376338946,regime-analysis-118,34912551669,2026-09-15T01:48:02Z,2026-09-15T01:48:02Z,2026-10-15T01:48:01Z,2155198
origin_spy_return_20d,"(-0.00336, 0.0131]",6038,0.5546538588936734,0.0058253666818166,0.006678790832971,0.007189401745629,0.0194941763049966,10376338946,regime-analysis-118,34912551669,2026-09-15T01:48:02Z,2026-09-15T01:48:02Z,2026-10-15T01:48:01Z,2155198
origin_spy_return_20d,"(0.0131, 0.032]",5975,0.4721338912133891,0.0023861946026277,0.0051175289666309,0.0039599441874077,0.0191829868285964,10376338946,regime-analysis-118,34912551669,2026-09-15T01:48:02Z,2026-09-15T01:48:02Z,2026-10-15T01:48:01Z,2155198
origin_spy_return_20d,"(0.032, 0.128]",5985,0.4639933166248955,-0.0004656750137087,0.0001822123677563,-0.0015324806317897,0.0213511540733542,10376338946,regime-analysis-118,34912551669,2026-09-15T01:48:02Z,2026-09-15T01:48:02Z,2026-10-15T01:48:01Z,2155198
origin_spy_return_60d,"(-0.078, 0.0203]",6069,0.4910199373867194,0.0014408273284698,0.0017178411700169,0.0113959608112206,0.0231150919877549,10376338946,regime-analysis-118,34912551669,2026-09-15T01:48:02Z,2026-09-15T01:48:02Z,2026-10-15T01:48:01Z,2155198
origin_spy_return_60d,"(0.0203, 0.0427]",6075,0.5983539094650205,0.008878076191699,0.0100255354512374,0.0068333762254395,0.0186222023599448,10376338946,regime-analysis-118,34912551669,2026-09-15T01:48:02Z,2026-09-15T01:48:02Z,2026-10-15T01:48:01Z,2155198
origin_spy_return_60d,"(0.0427, 0.0724]",5996,0.4539693128752501,0.0028312389994637,0.0044220126936645,0.0035282185479007,0.0195168004259111,10376338946,regime-analysis-118,34912551669,2026-09-15T01:48:02Z,2026-09-15T01:48:02Z,2026-10-15T01:48:01Z,2155198
origin_spy_return_60d,"(0.0724, 0.162]",5985,0.4394319131161236,-0.0026542813816664,-0.0012660986321254,0.0002596555797367,0.0219219139477514,10376338946,regime-analysis-118,34912551669,2026-09-15T01:48:02Z,2026-09-15T01:48:02Z,2026-10-15T01:48:01Z,2155198
origin_spy_return_120d,"(-0.06, 0.0691]",6080,0.4980263157894737,0.0035172301023659,0.0050540861914316,0.0083864878994578,0.022702411237982,10376338946,regime-analysis-118,34912551669,2026-09-15T01:48:02Z,2026-09-15T01:48:02Z,2026-10-15T01:48:01Z,2155198
origin_spy_return_120d,"(0.0691, 0.0988]",6033,0.5261064147190453,0.0038702822782641,0.0050532030599684,0.0082151265127875,0.0223237437332119,10376338946,regime-analysis-118,34912551669,2026-09-15T01:48:02Z,2026-09-15T01:48:02Z,2026-10-15T01:48:01Z,2155198
origin_spy_return_120d,"(0.0988, 0.133]",6006,0.5376290376290376,0.003356238241132,0.0014764343633027,0.006148560873602,0.0193283626368848,10376338946,regime-analysis-118,34912551669,2026-09-15T01:48:02Z,2026-09-15T01:48:02Z,2026-10-15T01:48:01Z,2155198
origin_spy_return_120d,"(0.133, 0.342]",6006,0.4222444222444222,-0.0001869480504205,0.0033608409647605,-0.0006819642851188,0.0187886797660467,10376338946,regime-analysis-118,34912551669,2026-09-15T01:48:02Z,2026-09-15T01:48:02Z,2026-10-15T01:48:01Z,2155198
origin_spy_distance_sma50,"(-0.0693, 0.00286]",6038,0.5551507121563432,0.0065089813065132,0.0066894215191175,0.0120877148726664,0.0220378490808899,10376338946,regime-analysis-118,34912551669,2026-09-15T01:48:02Z,2026-09-15T01:48:02Z,2026-10-15T01:48:01Z,2155198
origin_spy_distance_sma50,"(0.00286, 0.0174]",6117,0.5350662089259441,0.0033732690432793,0.0031621387536613,0.0090867461773571,0.0195559840375496,10376338946,regime-analysis-118,34912551669,2026-09-15T01:48:02Z,2026-09-15T01:48:02Z,2026-10-15T01:48:01Z,2155198
origin_spy_distance_sma50,"(0.0174, 0.0327]",5943,0.4248695944809019,0.000565699479067,0.0037339094614584,0.0032676219528547,0.0198234407039578,10376338946,regime-analysis-118,34912551669,2026-09-15T01:48:02Z,2026-09-15T01:48:02Z,2026-10-15T01:48:01Z,2155198
origin_spy_distance_sma50,"(0.0327, 0.0861]",6027,0.4673967147834744,7.822482528679203e-05,0.0013843271788645,-0.0024232026286856,0.0217590123991503,10376338946,regime-analysis-118,34912551669,2026-09-15T01:48:02Z,2026-09-15T01:48:02Z,2026-10-15T01:48:01Z,2155198
origin_spy_distance_sma200,"(-0.0461, 0.0655]",6122,0.4952629859523031,0.0030999353449126,0.0040189106815663,0.0094105201678924,0.0232147027655598,10376338946,regime-analysis-118,34912551669,2026-09-15T01:48:02Z,2026-09-15T01:48:02Z,2026-10-15T01:48:01Z,2155198
origin_spy_distance_sma200,"(0.0655, 0.0871]",5949,0.4535216002689528,0.0011084276259209,0.0034281033738141,0.0069263932275278,0.0218286082157899,10376338946,regime-analysis-118,34912551669,2026-09-15T01:48:02Z,2026-09-15T01:48:02Z,2026-10-15T01:48:01Z,2155198
origin_spy_distance_sma200,"(0.0871, 0.102]",6090,0.5781609195402299,0.0061446172098374,0.0061563993028808,0.0057338255432179,0.018844348250162,10376338946,regime-analysis-118,34912551669,2026-09-15T01:48:02Z,2026-09-15T01:48:02Z,2026-10-15T01:48:01Z,2155198
origin_spy_distance_sma200,"(0.102, 0.13]",5964,0.4553990610328638,0.0001301760490437,0.0013040683781233,-5.889194262532312e-05,0.0192655736907154,10376338946,regime-analysis-118,34912551669,2026-09-15T01:48:02Z,2026-09-15T01:48:02Z,2026-10-15T01:48:01Z,2155198
origin_spy_trend_ma50_200,"(0.0115, 0.0452]",6090,0.5050903119868637,0.0027175325231794,0.0035007259571253,0.0027618263051522,0.0232864107865689,10376338946,regime-analysis-118,34912551669,2026-09-15T01:48:02Z,2026-09-15T01:48:02Z,2026-10-15T01:48:01Z,2155198
origin_spy_trend_ma50_200,"(0.0452, 0.0645]",6043,0.4520933311269237,-0.0008199066358634,-0.0005426352470744,0.0092942456186399,0.0219507491490159,10376338946,regime-analysis-118,34912551669,2026-09-15T01:48:02Z,2026-09-15T01:48:02Z,2026-10-15T01:48:01Z,2155198
origin_spy_trend_ma50_200,"(0.0645, 0.0795]",6007,0.4529715332112535,0.0020672315118572,0.0058016699778321,0.0041227126501898,0.0205588124726878,10376338946,regime-analysis-118,34912551669,2026-09-15T01:48:02Z,2026-09-15T01:48:02Z,2026-10-15T01:48:01Z,2155198
origin_spy_trend_ma50_200,"(0.0795, 0.0902]",5985,0.5744360902255639,0.0066426051687885,0.0062450435902058,0.0059539349088173,0.017323535107813,10376338946,regime-analysis-118,34912551669,2026-09-15T01:48:02Z,2026-09-15T01:48:02Z,2026-10-15T01:48:01Z,2155198
origin_spy_volatility_20d,"(0.0557, 0.103]",6043,0.5345027304319047,0.0061866819173809,0.0077146557439634,0.0021686820366595,0.0197999184070986,10376338946,regime-analysis-118,34912551669,2026-09-15T01:48:02Z,2026-09-15T01:48:02Z,2026-10-15T01:48:01Z,2155198
origin_spy_volatility_20d,"(0.103, 0.125]",6101,0.4473037207015243,-0.0001384291146895,0.0014645448286761,0.0061164597966508,0.022648119012481,10376338946,regime-analysis-118,34912551669,2026-09-15T01:48:02Z,2026-09-15T01:48:02Z,2026-10-15T01:48:01Z,2155198
origin_spy_volatility_20d,"(0.125, 0.14]",5996,0.4631420947298199,0.0001736833034608,0.0003357616951246,0.0073717429508083,0.0210363822088541,10376338946,regime-analysis-118,34912551669,2026-09-15T01:48:02Z,2026-09-15T01:48:02Z,2026-10-15T01:48:01Z,2155198
origin_spy_volatility_20d,"(0.14, 0.207]",5985,0.5398496240601504,0.0043752649969928,0.0054635612264913,0.0064763987119185,0.0196624117272968,10376338946,regime-analysis-118,34912551669,2026-09-15T01:48:02Z,2026-09-15T01:48:02Z,2026-10-15T01:48:01Z,2155198
origin_spy_volatility_60d,"(0.0849, 0.111]",6132,0.3954664057403783,-0.0007824934587845,0.0029098272883766,0.0002960909781559,0.0209925722155568,10376338946,regime-analysis-118,34912551669,2026-09-15T01:48:02Z,2026-09-15T01:48:02Z,2026-10-15T01:48:01Z,2155198
origin_spy_volatility_60d,"(0.111, 0.126]",5943,0.5397947164731617,0.0027175838482971,0.0024634209659026,0.01127949674227,0.0205598419581802,10376338946,regime-analysis-118,34912551669,2026-09-15T01:48:02Z,2026-09-15T01:48:02Z,2026-10-15T01:48:01Z,2155198
origin_spy_volatility_60d,"(0.126, 0.14]",6107,0.5387260520713935,0.0058246109374489,0.0057604394938471,0.0094630136301153,0.0189225841174626,10376338946,regime-analysis-118,34912551669,2026-09-15T01:48:02Z,2026-09-15T01:48:02Z,2026-10-15T01:48:01Z,2155198
origin_spy_volatility_60d,"(0.14, 0.158]",5943,0.5121992259801447,0.0028345413051324,0.0038036880369228,0.0011347434854961,0.0227438916629312,10376338946,regime-analysis-118,34912551669,2026-09-15T01:48:02Z,2026-09-15T01:48:02Z,2026-10-15T01:48:01Z,2155198
origin_spy_vol_change_20d,"(-0.517, -0.286]",6033,0.5048897729156308,0.0075957664535268,0.0106172714972686,0.0027870624118443,0.0203074052345943,10376338946,regime-analysis-118,34912551669,2026-09-15T01:48:02Z,2026-09-15T01:48:02Z,2026-10-15T01:48:01Z,2155198
origin_spy_vol_change_20d,"(-0.286, 0.0182]",6101,0.4889362399606622,0.0012034356230544,0.0020614582225343,0.0047146759719334,0.0208708175500491,10376338946,regime-analysis-118,34912551669,2026-09-15T01:48:02Z,2026-09-15T01:48:02Z,2026-10-15T01:48:01Z,2155198
origin_spy_vol_change_20d,"(0.0182, 0.255]",6027,0.47121287539406,-1.186491238777484e-05,0.0005107908080303,0.0096095042528151,0.0213249963195844,10376338946,regime-analysis-118,34912551669,2026-09-15T01:48:02Z,2026-09-15T01:48:02Z,2026-10-15T01:48:01Z,2155198
origin_spy_vol_change_20d,"(0.255, 1.673]",5964,0.5194500335345406,0.0017895739384883,0.0017702887267503,0.0050115721032261,0.0206686077247002,10376338946,regime-analysis-118,34912551669,2026-09-15T01:48:02Z,2026-09-15T01:48:02Z,2026-10-15T01:48:01Z,2155198
origin_market_breadth_20d,"(0.0466, 0.476]",6926,0.5046202714409471,0.0048188867945167,0.0056882595920067,0.009420536976951,0.0220000692228229,10376338946,regime-analysis-118,34912551669,2026-09-15T01:48:02Z,2026-09-15T01:48:02Z,2026-10-15T01:48:01Z,2155198
origin_market_breadth_20d,"(0.476, 0.667]",6657,0.4790446146913024,0.0012230912040733,0.0017409277671215,0.0065154780391704,0.0203063470796294,10376338946,regime-analysis-118,34912551669,2026-09-15T01:48:02Z,2026-09-15T01:48:02Z,2026-10-15T01:48:01Z,2155198
origin_market_breadth_20d,"(0.667, 0.81]",4872,0.5472085385878489,0.0024689712444758,0.0019208749690696,0.0036531531771225,0.0202991784432965,10376338946,regime-analysis-118,34912551669,2026-09-15T01:48:02Z,2026-09-15T01:48:02Z,2026-10-15T01:48:01Z,2155198
origin_market_breadth_20d,"(0.81, 1.0]",5670,0.4615520282186949,0.0018028876375908,0.0052773807399944,0.0012285264731427,0.0203159318552556,10376338946,regime-analysis-118,34912551669,2026-09-15T01:48:02Z,2026-09-15T01:48:02Z,2026-10-15T01:48:01Z,2155198
origin_market_breadth_252d,"(0.713, 0.905]",7571,0.4539690925901466,0.0017934926569665,0.0044664099550891,0.0011769109893886,0.0188417870679332,10376338946,regime-analysis-118,34912551669,2026-09-15T01:48:02Z,2026-09-15T01:48:02Z,2026-10-15T01:48:01Z,2155198
origin_market_breadth_252d,"(0.905, 0.952]",5634,0.5204117855875044,0.0041788643769008,0.0045864151298776,0.0094198593722807,0.0191701065264312,10376338946,regime-analysis-118,34912551669,2026-09-15T01:48:02Z,2026-09-15T01:48:02Z,2026-10-15T01:48:01Z,2155198
origin_market_breadth_252d,"(0.952, 1.0]",10920,0.5126373626373626,0.0024401716197081,0.0028033370982904,0.0065386632771694,0.0229839938534952,10376338946,regime-analysis-118,34912551669,2026-09-15T01:48:02Z,2026-09-15T01:48:02Z,2026-10-15T01:48:01Z,2155198
origin_market_breadth_above_sma200,"(0.38, 0.762]",6380,0.4584639498432601,0.0017968285085244,0.0036244858726105,0.0073467398888346,0.021163720991546,10376338946,regime-analysis-118,34912551669,2026-09-15T01:48:02Z,2026-09-15T01:48:02Z,2026-10-15T01:48:01Z,2155198
origin_market_breadth_above_sma200,"(0.762, 0.952]",6510,0.4500768049155146,-0.0008901926089913,-0.0013116194825445,0.0038278018332062,0.0240600828366607,10376338946,regime-analysis-118,34912551669,2026-09-15T01:48:02Z,2026-09-15T01:48:02Z,2026-10-15T01:48:01Z,2155198
origin_market_breadth_above_sma200,"(0.952, 1.0]",11235,0.5440142412105029,0.0051713677697119,0.0067362631677037,0.0054822334994075,0.0186902611258282,10376338946,regime-analysis-118,34912551669,2026-09-15T01:48:02Z,2026-09-15T01:48:02Z,2026-10-15T01:48:01Z,2155198
origin_cross_asset_daily_volatility,"(0.0015400000000000001, 0.00848]",6106,0.4698657058630855,0.002393875244052,0.0047660044392563,0.0039894272831517,0.0204130097011663,10376338946,regime-analysis-118,34912551669,2026-09-15T01:48:02Z,2026-09-15T01:48:02Z,2026-10-15T01:48:01Z,2155198
origin_cross_asset_daily_volatility,"(0.00848, 0.0115]",6048,0.4998346560846561,0.002622575393948,0.0026332526373091,0.0048535155623023,0.020544419420249,10376338946,regime-analysis-118,34912551669,2026-09-15T01:48:02Z,2026-09-15T01:48:02Z,2026-10-15T01:48:01Z,2155198
origin_cross_asset_daily_volatility,"(0.0115, 0.0157]",5959,0.4406779661016949,-0.0006817515104789,0.0011050392260157,0.0062888150825956,0.0215851252537776,10376338946,regime-analysis-118,34912551669,2026-09-15T01:48:02Z,2026-09-15T01:48:02Z,2026-10-15T01:48:01Z,2155198
origin_cross_asset_daily_volatility,"(0.0157, 0.0647]",6012,0.5736859614105123,0.0062130984565419,0.0064297122289868,0.007018551164648,0.0206454616874843,10376338946,regime-analysis-118,34912551669,2026-09-15T01:48:02Z,2026-09-15T01:48:02Z,2026-10-15T01:48:01Z,2155198
origin_cross_asset_return_20d_dispersion,"(0.0172, 0.0446]",6054,0.513214403700033,0.0036576765854415,0.0050556800383381,0.0068996715259747,0.0185218669639024,10376338946,regime-analysis-118,34912551669,2026-09-15T01:48:02Z,2026-09-15T01:48:02Z,2026-10-15T01:48:01Z,2155198
origin_cross_asset_return_20d_dispersion,"(0.0446, 0.0577]",6043,0.4825417838821777,0.0002846190999948,0.0011299325234296,0.0065131452705985,0.020582247083375,10376338946,regime-analysis-118,34912551669,2026-09-15T01:48:02Z,2026-09-15T01:48:02Z,2026-10-15T01:48:01Z,2155198
origin_cross_asset_return_20d_dispersion,"(0.0577, 0.0705]",6085,0.4529170090386195,0.002315873120615,0.0042925242042246,0.0031003191126491,0.0219934697103503,10376338946,regime-analysis-118,34912551669,2026-09-15T01:48:02Z,2026-09-15T01:48:02Z,2026-10-15T01:48:01Z,2155198
origin_cross_asset_return_20d_dispersion,"(0.0705, 0.157]",5943,0.5364294127545011,0.0043434820266013,0.0044947357817854,0.0056182220598743,0.0220933195405724,10376338946,regime-analysis-118,34912551669,2026-09-15T01:48:02Z,2026-09-15T01:48:02Z,2026-10-15T01:48:01Z,2155198
origin_vix_market,"(13.469000000000001, 15.85]",6048,0.5254629629629629,0.0032420973852485,0.0037625143762583,0.0061104406598069,0.0181765553950702,10288715712,regime-analysis-117,34659664734,2026-09-12T01:24:39Z,2026-09-12T01:24:39Z,2026-10-12T01:24:38Z,2185150
origin_vix_market,"(15.85, 17.09]",6059,0.4773064862188479,0.0015749293282842,0.0026627546966548,0.0034410469270195,0.0206885551096119,10288715712,regime-analysis-117,34659664734,2026-09-12T01:24:39Z,2026-09-12T01:24:39Z,2026-10-12T01:24:38Z,2185150
origin_vix_market,"(17.09, 19.08]",6075,0.4520164609053498,0.0008656024738656,0.0031060836128736,0.0025623883169557,0.0223229303947234,10288715712,regime-analysis-117,34659664734,2026-09-12T01:24:39Z,2026-09-12T01:24:39Z,2026-10-12T01:24:38Z,2185150
origin_vix_market,"(19.08, 31.05]",5943,0.530203600874979,0.0049402140464032,0.0054700854992753,0.0100979852471733,0.0219998651110443,10288715712,regime-analysis-117,34659664734,2026-09-12T01:24:39Z,2026-09-12T01:24:39Z,2026-10-12T01:24:38Z,2185150
origin_vix_change_1d,"(-5.361000000000001, -0.7]",6127,0.4883303411131059,0.0010955157706047,0.0022205297993655,0.0079942214706371,0.0210834499981611,10288715712,regime-analysis-117,34659664734,2026-09-12T01:24:39Z,2026-09-12T01:24:39Z,2026-10-12T01:24:38Z,2185150
origin_vix_change_1d,"(-0.7, -0.13]",5975,0.4948953974895397,0.0028897429160322,0.0040655862765664,0.0034819309316087,0.0204071868985546,10288715712,regime-analysis-117,34659664734,2026-09-12T01:24:39Z,2026-09-12T01:24:39Z,2026-10-12T01:24:38Z,2185150
origin_vix_change_1d,"(-0.13, 0.65]",6085,0.524075595727198,0.0041134180578598,0.0049348486000234,0.0043633458858853,0.0198180373059191,10288715712,regime-analysis-117,34659664734,2026-09-12T01:24:39Z,2026-09-12T01:24:39Z,2026-10-12T01:24:38Z,2185150
origin_vix_change_1d,"(0.65, 6.11]",5938,0.4764230380599528,0.0024857428360897,0.003762525414399,0.0062391363772672,0.0218822442029791,10288715712,regime-analysis-117,34659664734,2026-09-12T01:24:39Z,2026-09-12T01:24:39Z,2026-10-12T01:24:38Z,2185150
origin_vix_change_5d,"(-10.071, -1.44]",6085,0.4660640920295809,0.0012099660065785,0.0017729102843443,0.0074821589743653,0.0217618470757835,10288715712,regime-analysis-117,34659664734,2026-09-12T01:24:39Z,2026-09-12T01:24:39Z,2026-10-12T01:24:38Z,2185150
origin_vix_change_5d,"(-1.44, 0.02]",6064,0.4975263852242744,0.0019308103375776,0.0035587461726212,0.0034526267136405,0.0206949053141906,10288715712,regime-analysis-117,34659664734,2026-09-12T01:24:39Z,2026-09-12T01:24:39Z,2026-10-12T01:24:38Z,2185150
origin_vix_change_5d,"(0.02, 1.16]",5975,0.4965690376569037,0.0017919477842583,0.0021272846888274,0.0043391257965602,0.0207138505172371,10288715712,regime-analysis-117,34659664734,2026-09-12T01:24:39Z,2026-09-12T01:24:39Z,2026-10-12T01:24:38Z,2185150
origin_vix_change_5d,"(1.16, 9.63]",6001,0.52441259790035,0.0056642166046526,0.0075301736107794,0.0068308850867862,0.0199901284485116,10288715712,regime-analysis-117,34659664734,2026-09-12T01:24:39Z,2026-09-12T01:24:39Z,2026-10-12T01:24:38Z,2185150
origin_vix_change_20d,"(-13.030999999999999, -2.02]",6127,0.5012240900930308,0.002190805130509,0.0027158909952652,0.0037046574486844,0.021256247283319,10288715712,regime-analysis-117,34659664734,2026-09-12T01:24:39Z,2026-09-12T01:24:39Z,2026-10-12T01:24:38Z,2185150
origin_vix_change_20d,"(-2.02, 0.12]",5959,0.5348212787380433,0.0036959729758568,0.0034644465280509,0.0047848910152157,0.0180407398320732,10288715712,regime-analysis-117,34659664734,2026-09-12T01:24:39Z,2026-09-12T01:24:39Z,2026-10-12T01:24:38Z,2185150
origin_vix_change_20d,"(0.12, 2.2]",6033,0.4545002486325211,0.0032519041584228,0.0069928255627731,0.003439153540219,0.020834000651823,10288715712,regime-analysis-117,34659664734,2026-09-12T01:24:39Z,2026-09-12T01:24:39Z,2026-10-12T01:24:38Z,2185150
origin_vix_change_20d,"(2.2, 11.19]",6006,0.494005994005994,0.001449021829344,0.0017973486706936,0.010227117671475,0.0230115619788105,10288715712,regime-analysis-117,34659664734,2026-09-12T01:24:39Z,2026-09-12T01:24:39Z,2026-10-12T01:24:38Z,2185150
origin_vix_pct_change_1d,"(-0.185, -0.0413]",6085,0.4948233360723089,0.0013093007614529,0.0026519235941764,0.0074734037465741,0.0206879223372709,10288715712,regime-analysis-117,34659664734,2026-09-12T01:24:39Z,2026-09-12T01:24:39Z,2026-10-12T01:24:38Z,2185150
origin_vix_pct_change_1d,"(-0.0413, -0.00787]",6017,0.4882831976067808,0.0026610177690455,0.0036164382603678,0.0040401313726195,0.0208119050083601,10288715712,regime-analysis-117,34659664734,2026-09-12T01:24:39Z,2026-09-12T01:24:39Z,2026-10-12T01:24:38Z,2185150
origin_vix_pct_change_1d,"(-0.00787, 0.0427]",6085,0.505505341002465,0.0027519556116863,0.0037251641299712,0.0041257639490067,0.0204861383792602,10288715712,regime-analysis-117,34659664734,2026-09-12T01:24:39Z,2026-09-12T01:24:39Z,2026-10-12T01:24:38Z,2185150
origin_vix_pct_change_1d,"(0.0427, 0.397]",5938,0.4954530144829909,0.0038809093879532,0.0050021566033967,0.0064825998474434,0.0211976037463808,10288715712,regime-analysis-117,34659664734,2026-09-12T01:24:39Z,2026-09-12T01:24:39Z,2026-10-12T01:24:38Z,2185150
origin_vix_pct_change_5d,"(-0.382, -0.078]",6085,0.4617912900575185,0.0012385377406231,0.0017893474247506,0.0071375674893484,0.0214349035343542,10288715712,regime-analysis-117,34659664734,2026-09-12T01:24:39Z,2026-09-12T01:24:39Z,2026-10-12T01:24:38Z,2185150
origin_vix_pct_change_5d,"(-0.078, 0.00124]",6064,0.5018139841688655,0.0019021396578841,0.0035422521094002,0.0037984115398819,0.0210229810809448,10288715712,regime-analysis-117,34659664734,2026-09-12T01:24:39Z,2026-09-12T01:24:39Z,2026-10-12T01:24:38Z,2185150
origin_vix_pct_change_5d,"(0.00124, 0.0704]",5975,0.4723012552301255,0.0005601377470153,0.0009698077075668,0.0039500396317026,0.0210465087117945,10288715712,regime-analysis-117,34659664734,2026-09-12T01:24:39Z,2026-09-12T01:24:39Z,2026-10-12T01:24:38Z,2185150
origin_vix_pct_change_5d,"(0.0704, 0.54]",6001,0.5485752374604232,0.0068906896878932,0.0086826356942708,0.0072182854925559,0.0196589115325842,10288715712,regime-analysis-117,34659664734,2026-09-12T01:24:39Z,2026-09-12T01:24:39Z,2026-10-12T01:24:38Z,2185150
origin_vix_pct_change_20d,"(-0.437, -0.107]",6127,0.4901256732495511,0.0025304419838974,0.0037714238755247,0.0035070401560281,0.0208832810188567,10288715712,regime-analysis-117,34659664734,2026-09-12T01:24:39Z,2026-09-12T01:24:39Z,2026-10-12T01:24:38Z,2185150
origin_vix_pct_change_20d,"(-0.107, 0.0056]",5959,0.546232589360631,0.0033467608596107,0.0023791553789739,0.004988079662993,0.0184242210038068,10288715712,regime-analysis-117,34659664734,2026-09-12T01:24:39Z,2026-09-12T01:24:39Z,2026-10-12T01:24:38Z,2185150
origin_vix_pct_change_20d,"(0.0056, 0.139]",6033,0.4500248632521134,0.0030013659623942,0.0066001947146955,0.0036827161296693,0.0211071102960915,10288715712,regime-analysis-117,34659664734,2026-09-12T01:24:39Z,2026-09-12T01:24:39Z,2026-10-12T01:24:38Z,2185150
origin_vix_pct_change_20d,"(0.139, 0.612]",6006,0.4985014985014985,0.0017006863209592,0.0021917445925137,0.009982460145309,0.0227372245689085,10288715712,regime-analysis-117,34659664734,2026-09-12T01:24:39Z,2026-09-12T01:24:39Z,2026-10-12T01:24:38Z,2185150
origin_vix_distance_ma20,"(-0.255, -0.0776]",6106,0.5058958401572224,0.0027206763648871,0.0031396915902346,0.0045829951559271,0.0190229784403253,10288715712,regime-analysis-117,34659664734,2026-09-12T01:24:39Z,2026-09-12T01:24:39Z,2026-10-12T01:24:38Z,2185150
origin_vix_distance_ma20,"(-0.0776, -0.0119]",6006,0.518981018981019,0.0029899657282843,0.0028388560152158,0.0050423110807694,0.0202551259691101,10288715712,regime-analysis-117,34659664734,2026-09-12T01:24:39Z,2026-09-12T01:24:39Z,2026-10-12T01:24:38Z,2185150
origin_vix_distance_ma20,"(-0.0119, 0.0597]",6080,0.4521381578947368,-7.387254413994302e-05,0.0023814734760638,0.0045372546103049,0.0219384587334329,10288715712,regime-analysis-117,34659664734,2026-09-12T01:24:39Z,2026-09-12T01:24:39Z,2026-10-12T01:24:38Z,2185150
origin_vix_distance_ma20,"(0.0597, 0.447]",5933,0.5076689701668633,0.0049971161154322,0.0066689716691748,0.0080110714624868,0.0219869106548172,10288715712,regime-analysis-117,34659664734,2026-09-12T01:24:39Z,2026-09-12T01:24:39Z,2026-10-12T01:24:38Z,2185150
origin_vix_trend_ma,"(-0.224, -0.0621]",6111,0.5308460153820979,0.0043981940841523,0.0048493236870211,0.0027249681665505,0.0195976304604699,10288715712,regime-analysis-117,34659664734,2026-09-12T01:24:39Z,2026-09-12T01:24:39Z,2026-10-12T01:24:38Z,2185150
origin_vix_trend_ma,"(-0.0621, -0.00196]",6043,0.5009101439682278,0.002281281634574,0.0024945526703631,0.0045775443117308,0.0186532187084034,10288715712,regime-analysis-117,34659664734,2026-09-12T01:24:39Z,2026-09-12T01:24:39Z,2026-10-12T01:24:38Z,2185150
origin_vix_trend_ma,"(-0.00196, 0.0612]",5970,0.4214405360134003,-0.0001758542487092,0.0034012509283927,0.0042989554820259,0.0222057273571317,10288715712,regime-analysis-117,34659664734,2026-09-12T01:24:39Z,2026-09-12T01:24:39Z,2026-10-12T01:24:38Z,2185150
origin_vix_trend_ma,"(0.0612, 0.24]",6001,0.5299116813864356,0.0040252674206588,0.0042081697790612,0.0105657288487762,0.0227612148342801,10288715712,regime-analysis-117,34659664734,2026-09-12T01:24:39Z,2026-09-12T01:24:39Z,2026-10-12T01:24:38Z,2185150
origin_vix_percentile_252,"(0.0029699999999999996, 0.258]",6043,0.5250703293066358,0.0037223180640164,0.0033478573609287,0.0061670176432103,0.0186637078278147,10288715712,regime-analysis-117,34659664734,2026-09-12T01:24:39Z,2026-09-12T01:24:39Z,2026-10-12T01:24:38Z,2185150
origin_vix_percentile_252,"(0.258, 0.496]",6064,0.4767480211081794,0.0011584445435245,0.0031485480983491,0.0036842856198088,0.020387569420027,10288715712,regime-analysis-117,34659664734,2026-09-12T01:24:39Z,2026-09-12T01:24:39Z,2026-10-12T01:24:38Z,2185150
origin_vix_percentile_252,"(0.496, 0.706]",5991,0.457185778668002,0.0011745263010049,0.0032517374276645,0.0019967560180152,0.0220689368057117,10288715712,regime-analysis-117,34659664734,2026-09-12T01:24:39Z,2026-09-12T01:24:39Z,2026-10-12T01:24:38Z,2185150
origin_vix_percentile_252,"(0.706, 0.968]",6027,0.5249709639953543,0.0045152756015365,0.0052202483981122,0.0102559686196135,0.0220691480291782,10288715712,regime-analysis-117,34659664734,2026-09-12T01:24:39Z,2026-09-12T01:24:39Z,2026-10-12T01:24:38Z,2185150
origin_spy_return_5d,"(-0.0392, -0.00857]",6085,0.5114215283483977,0.0039421753400883,0.0048464119889752,0.008281961443685,0.0216978433731433,10288715712,regime-analysis-117,34659664734,2026-09-12T01:24:39Z,2026-09-12T01:24:39Z,2026-10-12T01:24:38Z,2185150
origin_spy_return_5d,"(-0.00857, 0.00397]",5991,0.4563511934568519,0.0031386734737872,0.0065512618636892,0.0063991625341545,0.021561289819975,10288715712,regime-analysis-117,34659664734,2026-09-12T01:24:39Z,2026-09-12T01:24:39Z,2026-10-12T01:24:38Z,2185150
origin_spy_return_5d,"(0.00397, 0.0134]",6069,0.4686109738012852,0.0016722213327193,0.0036805809907166,0.0034211944176919,0.02004914081493,10288715712,regime-analysis-117,34659664734,2026-09-12T01:24:39Z,2026-09-12T01:24:39Z,2026-10-12T01:24:38Z,2185150
origin_spy_return_5d,"(0.0134, 0.0553]",5980,0.5479933110367893,0.0018107504846815,-0.0001352807835943,0.0039946048064991,0.019859107541563,10288715712,regime-analysis-117,34659664734,2026-09-12T01:24:39Z,2026-09-12T01:24:39Z,2026-10-12T01:24:38Z,2185150
origin_spy_return_20d,"(-0.0803, -0.00336]",6127,0.4929002774604211,0.0027949921779179,0.0029824021672795,0.0123201740023131,0.0230993835452826,10288715712,regime-analysis-117,34659664734,2026-09-12T01:24:39Z,2026-09-12T01:24:39Z,2026-10-12T01:24:38Z,2185150
origin_spy_return_20d,"(-0.00336, 0.0131]",6038,0.5546538588936734,0.0058253666818166,0.006678790832971,0.007189401745629,0.0194941763049966,10288715712,regime-analysis-117,34659664734,2026-09-12T01:24:39Z,2026-09-12T01:24:39Z,2026-10-12T01:24:38Z,2185150
origin_spy_return_20d,"(0.0131, 0.032]",5975,0.4721338912133891,0.0023861946026277,0.0051175289666309,0.0039599441874077,0.0191829868285964,10288715712,regime-analysis-117,34659664734,2026-09-12T01:24:39Z,2026-09-12T01:24:39Z,2026-10-12T01:24:38Z,2185150
origin_spy_return_20d,"(0.032, 0.128]",5985,0.4639933166248955,-0.0004656750137087,0.0001822123677563,-0.0015324806317897,0.0213511540733542,10288715712,regime-analysis-117,34659664734,2026-09-12T01:24:39Z,2026-09-12T01:24:39Z,2026-10-12T01:24:38Z,2185150
origin_spy_return_60d,"(-0.078, 0.0203]",6069,0.4910199373867194,0.0014408273284698,0.0017178411700169,0.0113959608112206,0.0231150919877549,10288715712,regime-analysis-117,34659664734,2026-09-12T01:24:39Z,2026-09-12T01:24:39Z,2026-10-12T01:24:38Z,2185150
origin_spy_return_60d,"(0.0203, 0.0427]",6075,0.5983539094650205,0.008878076191699,0.0100255354512374,0.0068333762254395,0.0186222023599448,10288715712,regime-analysis-117,34659664734,2026-09-12T01:24:39Z,2026-09-12T01:24:39Z,2026-10-12T01:24:38Z,2185150
origin_spy_return_60d,"(0.0427, 0.0724]",5996,0.4539693128752501,0.0028312389994637,0.0044220126936645,0.0035282185479007,0.0195168004259111,10288715712,regime-analysis-117,34659664734,2026-09-12T01:24:39Z,2026-09-12T01:24:39Z,2026-10-12T01:24:38Z,2185150
origin_spy_return_60d,"(0.0724, 0.162]",5985,0.4394319131161236,-0.0026542813816664,-0.0012660986321254,0.0002596555797367,0.0219219139477514,10288715712,regime-analysis-117,34659664734,2026-09-12T01:24:39Z,2026-09-12T01:24:39Z,2026-10-12T01:24:38Z,2185150
origin_spy_return_120d,"(-0.06, 0.0691]",6080,0.4980263157894737,0.0035172301023659,0.0050540861914316,0.0083864878994578,0.022702411237982,10288715712,regime-analysis-117,34659664734,2026-09-12T01:24:39Z,2026-09-12T01:24:39Z,2026-10-12T01:24:38Z,2185150
origin_spy_return_120d,"(0.0691, 0.0988]",6033,0.5261064147190453,0.0038702822782641,0.0050532030599684,0.0082151265127875,0.0223237437332119,10288715712,regime-analysis-117,34659664734,2026-09-12T01:24:39Z,2026-09-12T01:24:39Z,2026-10-12T01:24:38Z,2185150
origin_spy_return_120d,"(0.0988, 0.133]",6006,0.5376290376290376,0.003356238241132,0.0014764343633027,0.006148560873602,0.0193283626368848,10288715712,regime-analysis-117,34659664734,2026-09-12T01:24:39Z,2026-09-12T01:24:39Z,2026-10-12T01:24:38Z,2185150
origin_spy_return_120d,"(0.133, 0.342]",6006,0.4222444222444222,-0.0001869480504205,0.0033608409647605,-0.0006819642851188,0.0187886797660467,10288715712,regime-analysis-117,34659664734,2026-09-12T01:24:39Z,2026-09-12T01:24:39Z,2026-10-12T01:24:38Z,2185150
origin_spy_distance_sma50,"(-0.0693, 0.00286]",6038,0.5551507121563432,0.0065089813065132,0.0066894215191175,0.0120877148726664,0.0220378490808899,10288715712,regime-analysis-117,34659664734,2026-09-12T01:24:39Z,2026-09-12T01:24:39Z,2026-10-12T01:24:38Z,2185150
origin_spy_distance_sma50,"(0.00286, 0.0174]",6117,0.5350662089259441,0.0033732690432793,0.0031621387536613,0.0090867461773571,0.0195559840375496,10288715712,regime-analysis-117,34659664734,2026-09-12T01:24:39Z,2026-09-12T01:24:39Z,2026-10-12T01:24:38Z,2185150
origin_spy_distance_sma50,"(0.0174, 0.0327]",5943,0.4248695944809019,0.000565699479067,0.0037339094614584,0.0032676219528547,0.0198234407039578,10288715712,regime-analysis-117,34659664734,2026-09-12T01:24:39Z,2026-09-12T01:24:39Z,2026-10-12T01:24:38Z,2185150
origin_spy_distance_sma50,"(0.0327, 0.0861]",6027,0.4673967147834744,7.822482528679203e-05,0.0013843271788645,-0.0024232026286856,0.0217590123991503,10288715712,regime-analysis-117,34659664734,2026-09-12T01:24:39Z,2026-09-12T01:24:39Z,2026-10-12T01:24:38Z,2185150
origin_spy_distance_sma200,"(-0.0461, 0.0655]",6122,0.4952629859523031,0.0030999353449126,0.0040189106815663,0.0094105201678924,0.0232147027655598,10288715712,regime-analysis-117,34659664734,2026-09-12T01:24:39Z,2026-09-12T01:24:39Z,2026-10-12T01:24:38Z,2185150
origin_spy_distance_sma200,"(0.0655, 0.0871]",5949,0.4535216002689528,0.0011084276259209,0.0034281033738141,0.0069263932275278,0.0218286082157899,10288715712,regime-analysis-117,34659664734,2026-09-12T01:24:39Z,2026-09-12T01:24:39Z,2026-10-12T01:24:38Z,2185150
origin_spy_distance_sma200,"(0.0871, 0.102]",6090,0.5781609195402299,0.0061446172098374,0.0061563993028808,0.0057338255432179,0.018844348250162,10288715712,regime-analysis-117,34659664734,2026-09-12T01:24:39Z,2026-09-12T01:24:39Z,2026-10-12T01:24:38Z,2185150
origin_spy_distance_sma200,"(0.102, 0.13]",5964,0.4553990610328638,0.0001301760490437,0.0013040683781233,-5.889194262532312e-05,0.0192655736907154,10288715712,regime-analysis-117,34659664734,2026-09-12T01:24:39Z,2026-09-12T01:24:39Z,2026-10-12T01:24:38Z,2185150
origin_spy_trend_ma50_200,"(0.0115, 0.0452]",6090,0.5050903119868637,0.0027175325231794,0.0035007259571253,0.0027618263051522,0.0232864107865689,10288715712,regime-analysis-117,34659664734,2026-09-12T01:24:39Z,2026-09-12T01:24:39Z,2026-10-12T01:24:38Z,2185150
origin_spy_trend_ma50_200,"(0.0452, 0.0645]",6043,0.4520933311269237,-0.0008199066358634,-0.0005426352470744,0.0092942456186399,0.0219507491490159,10288715712,regime-analysis-117,34659664734,2026-09-12T01:24:39Z,2026-09-12T01:24:39Z,2026-10-12T01:24:38Z,2185150
origin_spy_trend_ma50_200,"(0.0645, 0.0795]",6007,0.4529715332112535,0.0020672315118572,0.0058016699778321,0.0041227126501898,0.0205588124726878,10288715712,regime-analysis-117,34659664734,2026-09-12T01:24:39Z,2026-09-12T01:24:39Z,2026-10-12T01:24:38Z,2185150
origin_spy_trend_ma50_200,"(0.0795, 0.0902]",5985,0.5744360902255639,0.0066426051687885,0.0062450435902058,0.0059539349088173,0.017323535107813,10288715712,regime-analysis-117,34659664734,2026-09-12T01:24:39Z,2026-09-12T01:24:39Z,2026-10-12T01:24:38Z,2185150
origin_spy_volatility_20d,"(0.0557, 0.103]",6043,0.5345027304319047,0.0061866819173809,0.0077146557439634,0.0021686820366595,0.0197999184070986,10288715712,regime-analysis-117,34659664734,2026-09-12T01:24:39Z,2026-09-12T01:24:39Z,2026-10-12T01:24:38Z,2185150
origin_spy_volatility_20d,"(0.103, 0.125]",6101,0.4473037207015243,-0.0001384291146895,0.0014645448286761,0.0061164597966508,0.022648119012481,10288715712,regime-analysis-117,34659664734,2026-09-12T01:24:39Z,2026-09-12T01:24:39Z,2026-10-12T01:24:38Z,2185150
origin_spy_volatility_20d,"(0.125, 0.14]",5996,0.4631420947298199,0.0001736833034608,0.0003357616951246,0.0073717429508083,0.0210363822088541,10288715712,regime-analysis-117,34659664734,2026-09-12T01:24:39Z,2026-09-12T01:24:39Z,2026-10-12T01:24:38Z,2185150
origin_spy_volatility_20d,"(0.14, 0.207]",5985,0.5398496240601504,0.0043752649969928,0.0054635612264913,0.0064763987119185,0.0196624117272968,10288715712,regime-analysis-117,34659664734,2026-09-12T01:24:39Z,2026-09-12T01:24:39Z,2026-10-12T01:24:38Z,2185150
origin_spy_volatility_60d,"(0.0849, 0.111]",6132,0.3954664057403783,-0.0007824934587845,0.0029098272883766,0.0002960909781559,0.0209925722155568,10288715712,regime-analysis-117,34659664734,2026-09-12T01:24:39Z,2026-09-12T01:24:39Z,2026-10-12T01:24:38Z,2185150
origin_spy_volatility_60d,"(0.111, 0.126]",5943,0.5397947164731617,0.0027175838482971,0.0024634209659026,0.01127949674227,0.0205598419581802,10288715712,regime-analysis-117,34659664734,2026-09-12T01:24:39Z,2026-09-12T01:24:39Z,2026-10-12T01:24:38Z,2185150
origin_spy_volatility_60d,"(0.126, 0.14]",6107,0.5387260520713935,0.0058246109374489,0.0057604394938471,0.0094630136301153,0.0189225841174626,10288715712,regime-analysis-117,34659664734,2026-09-12T01:24:39Z,2026-09-12T01:24:39Z,2026-10-12T01:24:38Z,2185150
origin_spy_volatility_60d,"(0.14, 0.158]",5943,0.5121992259801447,0.0028345413051324,0.0038036880369228,0.0011347434854961,0.0227438916629312,10288715712,regime-analysis-117,34659664734,2026-09-12T01:24:39Z,2026-09-12T01:24:39Z,2026-10-12T01:24:38Z,2185150
origin_spy_vol_change_20d,"(-0.517, -0.286]",6033,0.5048897729156308,0.0075957664535268,0.0106172714972686,0.0027870624118443,0.0203074052345943,10288715712,regime-analysis-117,34659664734,2026-09-12T01:24:39Z,2026-09-12T01:24:39Z,2026-10-12T01:24:38Z,2185150
origin_spy_vol_change_20d,"(-0.286, 0.0182]",6101,0.4889362399606622,0.0012034356230544,0.0020614582225343,0.0047146759719334,0.0208708175500491,10288715712,regime-analysis-117,34659664734,2026-09-12T01:24:39Z,2026-09-12T01:24:39Z,2026-10-12T01:24:38Z,2185150
origin_spy_vol_change_20d,"(0.0182, 0.255]",6027,0.47121287539406,-1.186491238777484e-05,0.0005107908080303,0.0096095042528151,0.0213249963195844,10288715712,regime-analysis-117,34659664734,2026-09-12T01:24:39Z,2026-09-12T01:24:39Z,2026-10-12T01:24:38Z,2185150
origin_spy_vol_change_20d,"(0.255, 1.673]",5964,0.5194500335345406,0.0017895739384883,0.0017702887267503,0.0050115721032261,0.0206686077247002,10288715712,regime-analysis-117,34659664734,2026-09-12T01:24:39Z,2026-09-12T01:24:39Z,2026-10-12T01:24:38Z,2185150
origin_market_breadth_20d,"(0.0466, 0.476]",6926,0.5046202714409471,0.0048188867945167,0.0056882595920067,0.009420536976951,0.0220000692228229,10288715712,regime-analysis-117,34659664734,2026-09-12T01:24:39Z,2026-09-12T01:24:39Z,2026-10-12T01:24:38Z,2185150
origin_market_breadth_20d,"(0.476, 0.667]",6657,0.4790446146913024,0.0012230912040733,0.0017409277671215,0.0065154780391704,0.0203063470796294,10288715712,regime-analysis-117,34659664734,2026-09-12T01:24:39Z,2026-09-12T01:24:39Z,2026-10-12T01:24:38Z,2185150
origin_market_breadth_20d,"(0.667, 0.81]",4872,0.5472085385878489,0.0024689712444758,0.0019208749690696,0.0036531531771225,0.0202991784432965,10288715712,regime-analysis-117,34659664734,2026-09-12T01:24:39Z,2026-09-12T01:24:39Z,2026-10-12T01:24:38Z,2185150
origin_market_breadth_20d,"(0.81, 1.0]",5670,0.4615520282186949,0.0018028876375908,0.0052773807399944,0.0012285264731427,0.0203159318552556,10288715712,regime-analysis-117,34659664734,2026-09-12T01:24:39Z,2026-09-12T01:24:39Z,2026-10-12T01:24:38Z,2185150
origin_market_breadth_252d,"(0.713, 0.905]",7571,0.4539690925901466,0.0017934926569665,0.0044664099550891,0.0011769109893886,0.0188417870679332,10288715712,regime-analysis-117,34659664734,2026-09-12T01:24:39Z,2026-09-12T01:24:39Z,2026-10-12T01:24:38Z,2185150
origin_market_breadth_252d,"(0.905, 0.952]",5634,0.5204117855875044,0.0041788643769008,0.0045864151298776,0.0094198593722807,0.0191701065264312,10288715712,regime-analysis-117,34659664734,2026-09-12T01:24:39Z,2026-09-12T01:24:39Z,2026-10-12T01:24:38Z,2185150
origin_market_breadth_252d,"(0.952, 1.0]",10920,0.5126373626373626,0.0024401716197081,0.0028033370982904,0.0065386632771694,0.0229839938534952,10288715712,regime-analysis-117,34659664734,2026-09-12T01:24:39Z,2026-09-12T01:24:39Z,2026-10-12T01:24:38Z,2185150
origin_market_breadth_above_sma200,"(0.38, 0.762]",6380,0.4584639498432601,0.0017968285085244,0.0036244858726105,0.0073467398888346,0.021163720991546,10288715712,regime-analysis-117,34659664734,2026-09-12T01:24:39Z,2026-09-12T01:24:39Z,2026-10-12T01:24:38Z,2185150
origin_market_breadth_above_sma200,"(0.762, 0.952]",6510,0.4500768049155146,-0.0008901926089913,-0.0013116194825445,0.0038278018332062,0.0240600828366607,10288715712,regime-analysis-117,34659664734,2026-09-12T01:24:39Z,2026-09-12T01:24:39Z,2026-10-12T01:24:38Z,2185150
origin_market_breadth_above_sma200,"(0.952, 1.0]",11235,0.5440142412105029,0.0051713677697119,0.0067362631677037,0.0054822334994075,0.0186902611258282,10288715712,regime-analysis-117,34659664734,2026-09-12T01:24:39Z,2026-09-12T01:24:39Z,2026-10-12T01:24:38Z,2185150
origin_cross_asset_daily_volatility,"(0.0015400000000000001, 0.00848]",6106,0.4698657058630855,0.002393875244052,0.0047660044392563,0.0039894272831517,0.0204130097011663,10288715712,regime-analysis-117,34659664734,2026-09-12T01:24:39Z,2026-09-12T01:24:39Z,2026-10-12T01:24:38Z,2185150
origin_cross_asset_daily_volatility,"(0.00848, 0.0115]",6048,0.4998346560846561,0.002622575393948,0.0026332526373091,0.0048535155623023,0.020544419420249,10288715712,regime-analysis-117,34659664734,2026-09-12T01:24:39Z,2026-09-12T01:24:39Z,2026-10-12T01:24:38Z,2185150
origin_cross_asset_daily_volatility,"(0.0115, 0.0157]",5959,0.4406779661016949,-0.0006817515104789,0.0011050392260157,0.0062888150825956,0.0215851252537776,10288715712,regime-analysis-117,34659664734,2026-09-12T01:24:39Z,2026-09-12T01:24:39Z,2026-10-12T01:24:38Z,2185150
origin_cross_asset_daily_volatility,"(0.0157, 0.0647]",6012,0.5736859614105123,0.0062130984565419,0.0064297122289868,0.007018551164648,0.0206454616874843,10288715712,regime-analysis-117,34659664734,2026-09-12T01:24:39Z,2026-09-12T01:24:39Z,2026-10-12T01:24:38Z,2185150
origin_cross_asset_return_20d_dispersion,"(0.0172, 0.0446]",6054,0.513214403700033,0.0036576765854415,0.0050556800383381,0.0068996715259747,0.0185218669639024,10288715712,regime-analysis-117,34659664734,2026-09-12T01:24:39Z,2026-09-12T01:24:39Z,2026-10-12T01:24:38Z,2185150
origin_cross_asset_return_20d_dispersion,"(0.0446, 0.0577]",6043,0.4825417838821777,0.0002846190999948,0.0011299325234296,0.0065131452705985,0.020582247083375,10288715712,regime-analysis-117,34659664734,2026-09-12T01:24:39Z,2026-09-12T01:24:39Z,2026-10-12T01:24:38Z,2185150
origin_cross_asset_return_20d_dispersion,"(0.0577, 0.0705]",6085,0.4529170090386195,0.002315873120615,0.0042925242042246,0.0031003191126491,0.0219934697103503,10288715712,regime-analysis-117,34659664734,2026-09-12T01:24:39Z,2026-09-12T01:24:39Z,2026-10-12T01:24:38Z,2185150
origin_cross_asset_return_20d_dispersion,"(0.0705, 0.157]",5943,0.5364294127545011,0.0043434820266013,0.0044947357817854,0.0056182220598743,0.0220933195405724,10288715712,regime-analysis-117,34659664734,2026-09-12T01:24:39Z,2026-09-12T01:24:39Z,2026-10-12T01:24:38Z,2185150
origin_vix_market,"(13.469000000000001, 15.85]",6048,0.5196759259259259,0.0029613799502989,0.0040609378202266,0.0038537710289111,0.0182545109652528,10180621647,regime-analysis-116,34543403027,2026-09-11T01:24:46Z,2026-09-11T01:24:46Z,2026-10-11T01:24:45Z,2190036
origin_vix_market,"(15.85, 17.16]",6075,0.4872427983539095,0.0019734949419487,0.0030370924634421,0.0034426548393878,0.0201608002566475,10180621647,regime-analysis-116,34543403027,2026-09-11T01:24:46Z,2026-09-11T01:24:46Z,2026-10-11T01:24:45Z,2190036
origin_vix_market,"(17.16, 19.08]",6038,0.487578668433256,0.0019227181184345,0.0035555720406067,0.0023500917862303,0.0218189194576526,10180621647,regime-analysis-116,34543403027,2026-09-11T01:24:46Z,2026-09-11T01:24:46Z,2026-10-11T01:24:45Z,2190036
origin_vix_market,"(19.08, 31.05]",5964,0.6207243460764588,0.0070374010853221,0.0052992807039704,0.0044478178005467,0.0196642858249207,10180621647,regime-analysis-116,34543403027,2026-09-11T01:24:46Z,2026-09-11T01:24:46Z,2026-10-11T01:24:45Z,2190036
origin_vix_change_1d,"(-5.361000000000001, -0.7]",6106,0.518670160497871,0.0022624426885237,0.0024296046668546,0.004786158038857,0.0202006868815001,10180621647,regime-analysis-116,34543403027,2026-09-11T01:24:46Z,2026-09-11T01:24:46Z,2026-10-11T01:24:45Z,2190036
origin_vix_change_1d,"(-0.7, -0.13]",6017,0.5472826990194449,0.0036081758267673,0.0041706588017622,0.0026713128800665,0.0197684860715486,10180621647,regime-analysis-116,34543403027,2026-09-11T01:24:46Z,2026-09-11T01:24:46Z,2026-10-11T01:24:45Z,2190036
origin_vix_change_1d,"(-0.13, 0.65]",6085,0.5303204601479047,0.0044466645552113,0.0054088262509436,0.0035765089744757,0.0191974473141649,10180621647,regime-analysis-116,34543403027,2026-09-11T01:24:46Z,2026-09-11T01:24:46Z,2026-10-11T01:24:45Z,2190036
origin_vix_change_1d,"(0.65, 6.11]",5917,0.5174919722832516,0.0035316912218133,0.0039279389739387,0.0030214208561007,0.0207523641244677,10180621647,regime-analysis-116,34543403027,2026-09-11T01:24:46Z,2026-09-11T01:24:46Z,2026-10-11T01:24:45Z,2190036
origin_vix_change_5d,"(-10.071, -1.42]",6085,0.5176663927691043,0.0018826246604804,0.0019108207216309,0.0047412486713181,0.0203289086827436,10180621647,regime-analysis-116,34543403027,2026-09-11T01:24:46Z,2026-09-11T01:24:46Z,2026-10-11T01:24:45Z,2190036
origin_vix_change_5d,"(-1.42, 0.07]",5980,0.5107023411371238,0.0030165807517402,0.0040053504652128,0.0023488036853225,0.0202900760817972,10180621647,regime-analysis-116,34543403027,2026-09-11T01:24:46Z,2026-09-11T01:24:46Z,2026-10-11T01:24:45Z,2190036
origin_vix_change_5d,"(0.07, 1.23]",6122,0.5076772296635087,0.0020666203796674,0.0023459202930817,0.0032927510672225,0.0200450888890612,10180621647,regime-analysis-116,34543403027,2026-09-11T01:24:46Z,2026-09-11T01:24:46Z,2026-10-11T01:24:45Z,2190036
origin_vix_change_5d,"(1.23, 9.63]",5938,0.5788144156281576,0.0069607722911689,0.0077708452078918,0.0036853837425258,0.019223388639212,10180621647,regime-analysis-116,34543403027,2026-09-11T01:24:46Z,2026-09-11T01:24:46Z,2026-10-11T01:24:45Z,2190036
origin_vix_change_20d,"(-13.030999999999999, -2.02]",6064,0.4925791556728232,0.0013329736155466,0.0026705392694518,0.001956961573944,0.0209400185408621,10180621647,regime-analysis-116,34543403027,2026-09-11T01:24:46Z,2026-09-11T01:24:46Z,2026-10-11T01:24:45Z,2190036
origin_vix_change_20d,"(-2.02, 0.14]",6022,0.536698771172368,0.0039337000855005,0.0036221902755056,0.003645221400601,0.018161030609959,10180621647,regime-analysis-116,34543403027,2026-09-11T01:24:46Z,2026-09-11T01:24:46Z,2026-10-11T01:24:45Z,2190036
origin_vix_change_20d,"(0.14, 2.28]",6096,0.4811351706036745,0.0034361605592355,0.0065617089345416,0.0031850231072424,0.0207736372042165,10180621647,regime-analysis-116,34543403027,2026-09-11T01:24:46Z,2026-09-11T01:24:46Z,2026-10-11T01:24:45Z,2190036
origin_vix_change_20d,"(2.28, 11.19]",5943,0.6052498738011105,0.0051760240779162,0.0030417609149905,0.0053346686487109,0.0200098416725983,10180621647,regime-analysis-116,34543403027,2026-09-11T01:24:46Z,2026-09-11T01:24:46Z,2026-10-11T01:24:45Z,2190036
origin_vix_pct_change_1d,"(-0.185, -0.0413]",6043,0.5176236968393182,0.0021556515103039,0.0028507549371194,0.0046355931788125,0.0200966294147434,10180621647,regime-analysis-116,34543403027,2026-09-11T01:24:46Z,2026-09-11T01:24:46Z,2026-10-11T01:24:45Z,2190036
origin_vix_pct_change_1d,"(-0.0413, -0.00787]",6080,0.5480263157894737,0.0037003728501675,0.0037340309245073,0.0028428751653055,0.0198763886904035,10180621647,regime-analysis-116,34543403027,2026-09-11T01:24:46Z,2026-09-11T01:24:46Z,2026-10-11T01:24:45Z,2190036
origin_vix_pct_change_1d,"(-0.00787, 0.0427]",5980,0.5112040133779264,0.0029088847584558,0.0038216894246882,0.0031906131715113,0.0194270625123251,10180621647,regime-analysis-116,34543403027,2026-09-11T01:24:46Z,2026-09-11T01:24:46Z,2026-10-11T01:24:45Z,2190036
origin_vix_pct_change_1d,"(0.0427, 0.397]",6022,0.536698771172368,0.0050746994225115,0.005529827280995,0.003414303810959,0.0204972387259157,10180621647,regime-analysis-116,34543403027,2026-09-11T01:24:46Z,2026-09-11T01:24:46Z,2026-10-11T01:24:45Z,2190036
origin_vix_pct_change_5d,"(-0.382, -0.078]",6085,0.5120788824979458,0.0013409464342515,0.0013161535036252,0.0046376059513269,0.0203183230552624,10180621647,regime-analysis-116,34543403027,2026-09-11T01:24:46Z,2026-09-11T01:24:46Z,2026-10-11T01:24:45Z,2190036
origin_vix_pct_change_5d,"(-0.078, 0.00389]",5980,0.5163879598662208,0.0035677700505033,0.0046104591644712,0.002454266218959,0.0203008475773195,10180621647,regime-analysis-116,34543403027,2026-09-11T01:24:46Z,2026-09-11T01:24:46Z,2026-10-11T01:24:45Z,2190036
origin_vix_pct_change_5d,"(0.00389, 0.0733]",6122,0.5026135249918328,0.0015528827103805,0.0018232471423023,0.0028538830825746,0.0203828896729916,10180621647,regime-analysis-116,34543403027,2026-09-11T01:24:46Z,2026-09-11T01:24:46Z,2026-10-11T01:24:45Z,2190036
origin_vix_pct_change_5d,"(0.0733, 0.54]",5938,0.5840350286291681,0.0074904290798813,0.0083097143606488,0.0041378508698439,0.0188751204682417,10180621647,regime-analysis-116,34543403027,2026-09-11T01:24:46Z,2026-09-11T01:24:46Z,2026-10-11T01:24:45Z,2190036
origin_vix_pct_change_20d,"(-0.437, -0.107]",6064,0.4892810026385224,0.0019178055702735,0.0037370382729726,0.0016800898191595,0.0205014115835215,10180621647,regime-analysis-116,34543403027,2026-09-11T01:24:46Z,2026-09-11T01:24:46Z,2026-10-11T01:24:45Z,2190036
origin_vix_pct_change_20d,"(-0.107, 0.0086]",6022,0.5400199269345732,0.0033447892629393,0.0025482530524319,0.0039240241772555,0.0186026965995494,10180621647,regime-analysis-116,34543403027,2026-09-11T01:24:46Z,2026-09-11T01:24:46Z,2026-10-11T01:24:45Z,2190036
origin_vix_pct_change_20d,"(0.0086, 0.141]",6012,0.4928476380572189,0.0038706009332734,0.0063537561157827,0.0028701231699877,0.0204781997821717,10180621647,regime-analysis-116,34543403027,2026-09-11T01:24:46Z,2026-09-11T01:24:46Z,2026-10-11T01:24:45Z,2190036
origin_vix_pct_change_20d,"(0.141, 0.612]",6027,0.5918367346938775,0.0047184159703528,0.0032982546896746,0.0056188246462705,0.0203151890437596,10180621647,regime-analysis-116,34543403027,2026-09-11T01:24:46Z,2026-09-11T01:24:46Z,2026-10-11T01:24:45Z,2190036
origin_vix_distance_ma20,"(-0.255, -0.0801]",6043,0.5088532186000331,0.0023324388313971,0.0036199632339394,0.0029868435080726,0.0188122934462919,10180621647,regime-analysis-116,34543403027,2026-09-11T01:24:46Z,2026-09-11T01:24:46Z,2026-10-11T01:24:45Z,2190036
origin_vix_distance_ma20,"(-0.0801, -0.0112]",6027,0.5180023228803716,0.0029603924232934,0.00253561510541,0.0041571490181305,0.0201654281214561,10180621647,regime-analysis-116,34543403027,2026-09-11T01:24:46Z,2026-09-11T01:24:46Z,2026-10-11T01:24:45Z,2190036
origin_vix_distance_ma20,"(-0.0112, 0.0621]",6080,0.5087171052631579,0.0016867876376038,0.0028665220023305,0.0031907023132834,0.0205325380797417,10180621647,regime-analysis-116,34543403027,2026-09-11T01:24:46Z,2026-09-11T01:24:46Z,2026-10-11T01:24:45Z,2190036
origin_vix_distance_ma20,"(0.0621, 0.447]",5975,0.5789121338912134,0.0069099511219685,0.0069453219940809,0.0037546899386671,0.0203921379269168,10180621647,regime-analysis-116,34543403027,2026-09-11T01:24:46Z,2026-09-11T01:24:46Z,2026-10-11T01:24:45Z,2190036
origin_vix_trend_ma,"(-0.224, -0.0662]",6048,0.5390211640211641,0.0035668272095031,0.0043815382009671,0.0009905279234284,0.0199444768743305,10180621647,regime-analysis-116,34543403027,2026-09-11T01:24:46Z,2026-09-11T01:24:46Z,2026-10-11T01:24:45Z,2190036
origin_vix_trend_ma,"(-0.0662, -0.00155]",6085,0.4829909613804437,0.0024133225804525,0.0028810818109505,0.0042252907707916,0.0185071980712264,10180621647,regime-analysis-116,34543403027,2026-09-11T01:24:46Z,2026-09-11T01:24:46Z,2026-10-11T01:24:45Z,2190036
origin_vix_trend_ma,"(-0.00155, 0.0612]",5991,0.4585211150058421,0.0009481006719886,0.0040466157617114,0.0036113380575787,0.0206325393205238,10180621647,regime-analysis-116,34543403027,2026-09-11T01:24:46Z,2026-09-11T01:24:46Z,2026-10-11T01:24:45Z,2190036
origin_vix_trend_ma,"(0.0612, 0.24]",6001,0.633727712047992,0.006922601198584,0.00463425126884,0.0052659958966402,0.0208382837449582,10180621647,regime-analysis-116,34543403027,2026-09-11T01:24:46Z,2026-09-11T01:24:46Z,2026-10-11T01:24:45Z,2190036
origin_vix_percentile_252,"(0.0029699999999999996, 0.258]",6043,0.5098461029290088,0.0031930465008975,0.0036465277215311,0.0037409151267612,0.0189318057009169,10180621647,regime-analysis-116,34543403027,2026-09-11T01:24:46Z,2026-09-11T01:24:46Z,2026-10-11T01:24:45Z,2190036
origin_vix_percentile_252,"(0.258, 0.504]",6395,0.4964816262705238,0.0015810795483861,0.0029545358300703,0.0036374730825141,0.0194594158825939,10180621647,regime-analysis-116,34543403027,2026-09-11T01:24:46Z,2026-09-11T01:24:46Z,2026-10-11T01:24:45Z,2190036
origin_vix_percentile_252,"(0.504, 0.71]",5933,0.4916568346536322,0.0021481078789952,0.0038926570038056,0.0019393589765171,0.0217166496114895,10180621647,regime-analysis-116,34543403027,2026-09-11T01:24:46Z,2026-09-11T01:24:46Z,2026-10-11T01:24:45Z,2190036
origin_vix_percentile_252,"(0.71, 0.968]",5754,0.62148070907195,0.0071825742128577,0.0055715997729777,0.0047904358043938,0.0198484239932778,10180621647,regime-analysis-116,34543403027,2026-09-11T01:24:46Z,2026-09-11T01:24:46Z,2026-10-11T01:24:45Z,2190036
origin_spy_return_5d,"(-0.0392, -0.00878]",6106,0.5956436292171634,0.0060000481413512,0.0048982833251104,0.0032453848772955,0.0198354070358896,10180621647,regime-analysis-116,34543403027,2026-09-11T01:24:46Z,2026-09-11T01:24:46Z,2026-10-11T01:24:45Z,2190036
origin_spy_return_5d,"(-0.00878, 0.00397]",6054,0.5039643211100099,0.0044899941843959,0.0071780845428048,0.0046573209058679,0.0210701104340385,10180621647,regime-analysis-116,34543403027,2026-09-11T01:24:46Z,2026-09-11T01:24:46Z,2026-10-11T01:24:45Z,2190036
origin_spy_return_5d,"(0.00397, 0.0134]",6027,0.4952712792434047,0.002431050132354,0.0040045193342166,0.001886327327634,0.0192349929109507,10180621647,regime-analysis-116,34543403027,2026-09-11T01:24:46Z,2026-09-11T01:24:46Z,2026-10-11T01:24:45Z,2190036
origin_spy_return_5d,"(0.0134, 0.0553]",5938,0.518019535197036,0.0008435806488032,-0.0002384535333079,0.0043040989005242,0.0197537612022576,10180621647,regime-analysis-116,34543403027,2026-09-11T01:24:46Z,2026-09-11T01:24:46Z,2026-10-11T01:24:45Z,2190036
origin_spy_return_20d,"(-0.0803, -0.00437]",6085,0.6067378800328677,0.0059492971176015,0.0034052371402117,0.0071316325920263,0.0206508277549748,10180621647,regime-analysis-116,34543403027,2026-09-11T01:24:46Z,2026-09-11T01:24:46Z,2026-10-11T01:24:45Z,2190036
origin_spy_return_20d,"(-0.00437, 0.0131]",5996,0.5356904603068713,0.0049401466176576,0.0066400493916367,0.0042376281334035,0.0202040938361304,10180621647,regime-analysis-116,34543403027,2026-09-11T01:24:46Z,2026-09-11T01:24:46Z,2026-10-11T01:24:45Z,2190036
origin_spy_return_20d,"(0.0131, 0.0323]",6101,0.5079495164727094,0.0032381399330682,0.0058848991251364,0.0030124661405713,0.0181135573018213,10180621647,regime-analysis-116,34543403027,2026-09-11T01:24:46Z,2026-09-11T01:24:46Z,2026-10-11T01:24:45Z,2190036
origin_spy_return_20d,"(0.0323, 0.128]",5943,0.4620562005721016,-0.000353128727581,-5.957108549459785e-05,-0.0003778367212078,0.0209634416276703,10180621647,regime-analysis-116,34543403027,2026-09-11T01:24:46Z,2026-09-11T01:24:46Z,2026-10-11T01:24:45Z,2190036
origin_spy_return_60d,"(-0.078, 0.0204]",6069,0.5981216015818092,0.0041110664129248,0.001492668327711,0.0060017332916792,0.0206757598759526,10180621647,regime-analysis-116,34543403027,2026-09-11T01:24:46Z,2026-09-11T01:24:46Z,2026-10-11T01:24:45Z,2190036
origin_spy_return_60d,"(0.0204, 0.0427]",6012,0.5998003992015968,0.0091065121112949,0.0107643166781443,0.0029349953844672,0.0187993520645122,10180621647,regime-analysis-116,34543403027,2026-09-11T01:24:46Z,2026-09-11T01:24:46Z,2026-10-11T01:24:45Z,2190036
origin_spy_return_60d,"(0.0427, 0.0733]",6101,0.4872971643992788,0.003451318160027,0.0049227754634964,0.0031998106305526,0.0187118486980057,10180621647,regime-analysis-116,34543403027,2026-09-11T01:24:46Z,2026-09-11T01:24:46Z,2026-10-11T01:24:45Z,2190036
origin_spy_return_60d,"(0.0733, 0.162]",5943,0.4273935722698974,-0.0029067920551499,-0.0012996106849853,0.0019092408958833,0.021746037357661,10180621647,regime-analysis-116,34543403027,2026-09-11T01:24:46Z,2026-09-11T01:24:46Z,2026-10-11T01:24:45Z,2190036
origin_spy_return_120d,"(-0.06, 0.0691]",6122,0.5962103887618425,0.0057812881468792,0.0046314060836641,0.0031814299577765,0.0201739031662699,10180621647,regime-analysis-116,34543403027,2026-09-11T01:24:46Z,2026-09-11T01:24:46Z,2026-10-11T01:24:45Z,2190036
origin_spy_return_120d,"(0.0691, 0.0988]",6033,0.5101939333664843,0.0036695476497485,0.0054069716690997,0.006477613518252,0.0226858360165433,10180621647,regime-analysis-116,34543403027,2026-09-11T01:24:46Z,2026-09-11T01:24:46Z,2026-10-11T01:24:45Z,2190036
origin_spy_return_120d,"(0.0988, 0.133]",5964,0.5355466130114017,0.0032806797111302,0.0019776510402993,0.0041030297871443,0.0196087829864427,10180621647,regime-analysis-116,34543403027,2026-09-11T01:24:46Z,2026-09-11T01:24:46Z,2026-10-11T01:24:45Z,2190036
origin_spy_return_120d,"(0.133, 0.342]",6006,0.4706959706959707,0.0010626771529148,0.0038821018687295,0.0003183064755584,0.0174135055976128,10180621647,regime-analysis-116,34543403027,2026-09-11T01:24:46Z,2026-09-11T01:24:46Z,2026-10-11T01:24:45Z,2190036
origin_spy_distance_sma50,"(-0.0693, 0.00286]",6101,0.6525159809867235,0.0088319305182454,0.0065605653380118,0.0057596616033469,0.0198973155591674,10180621647,regime-analysis-116,34543403027,2026-09-11T01:24:46Z,2026-09-11T01:24:46Z,2026-10-11T01:24:45Z,2190036
origin_spy_distance_sma50,"(0.00286, 0.0171]",5970,0.5403685092127303,0.0033811257563044,0.0035219733315905,0.0067405649772597,0.0200110803137319,10180621647,regime-analysis-116,34543403027,2026-09-11T01:24:46Z,2026-09-11T01:24:46Z,2026-10-11T01:24:45Z,2190036
origin_spy_distance_sma50,"(0.0171, 0.0327]",6090,0.4602627257799672,0.0015643522136052,0.0043557960483449,0.0027777152736897,0.0185347340082662,10180621647,regime-analysis-116,34543403027,2026-09-11T01:24:46Z,2026-09-11T01:24:46Z,2026-10-11T01:24:45Z,2190036
origin_spy_distance_sma50,"(0.0327, 0.0861]",5964,0.4592555331991951,-1.944903656822269e-05,0.0014261158451674,-0.0012338664441944,0.0214896677418369,10180621647,regime-analysis-116,34543403027,2026-09-11T01:24:46Z,2026-09-11T01:24:46Z,2026-10-11T01:24:45Z,2190036
origin_spy_distance_sma200,"(-0.0461, 0.0651]",6080,0.5878289473684211,0.0053483362149414,0.0037413751947084,0.0036992087303982,0.0206230939537189,10180621647,regime-analysis-116,34543403027,2026-09-11T01:24:46Z,2026-09-11T01:24:46Z,2026-10-11T01:24:45Z,2190036
origin_spy_distance_sma200,"(0.0651, 0.0871]",5991,0.4608579535970623,0.0014813244715643,0.0039766579881523,0.0059798721292245,0.0217363710567981,10180621647,regime-analysis-116,34543403027,2026-09-11T01:24:46Z,2026-09-11T01:24:46Z,2026-10-11T01:24:45Z,2190036
origin_spy_distance_sma200,"(0.0871, 0.101]",6048,0.5791997354497355,0.006150556996457,0.0065774356333497,0.0042659390478156,0.0192505384618343,10180621647,regime-analysis-116,34543403027,2026-09-11T01:24:46Z,2026-09-11T01:24:46Z,2026-10-11T01:24:45Z,2190036
origin_spy_distance_sma200,"(0.101, 0.13]",6006,0.4846819846819847,0.000813981347512,0.0016204283800296,0.00013675866328,0.018292093467375,10180621647,regime-analysis-116,34543403027,2026-09-11T01:24:46Z,2026-09-11T01:24:46Z,2026-10-11T01:24:45Z,2190036
origin_spy_trend_ma50_200,"(0.0115, 0.0452]",6090,0.5656814449917899,0.0044047844027009,0.0031392904887391,0.0003923523133095,0.0217328956365003,10180621647,regime-analysis-116,34543403027,2026-09-11T01:24:46Z,2026-09-11T01:24:46Z,2026-10-11T01:24:45Z,2190036
origin_spy_trend_ma50_200,"(0.0452, 0.0645]",6001,0.4647558740209965,-0.0004751346146862,-0.0002582964160221,0.0059372334712051,0.0207342509738678,10180621647,regime-analysis-116,34543403027,2026-09-11T01:24:46Z,2026-09-11T01:24:46Z,2026-10-11T01:24:45Z,2190036
origin_spy_trend_ma50_200,"(0.0645, 0.0795]",6049,0.4784261861464705,0.0030626040192161,0.0062757593933469,0.0046645709925253,0.0198719135693362,10180621647,regime-analysis-116,34543403027,2026-09-11T01:24:46Z,2026-09-11T01:24:46Z,2026-10-11T01:24:45Z,2190036
origin_spy_trend_ma50_200,"(0.0795, 0.0902]",5985,0.6050125313283208,0.0068471668975372,0.0067759451792109,0.0031250829268692,0.0175297912315346,10180621647,regime-analysis-116,34543403027,2026-09-11T01:24:46Z,2026-09-11T01:24:46Z,2026-10-11T01:24:45Z,2190036
origin_spy_volatility_20d,"(0.0557, 0.102]",6043,0.5146450438523912,0.0059150534051013,0.0078874586534042,0.0017102358895384,0.0198604973071522,10180621647,regime-analysis-116,34543403027,2026-09-11T01:24:46Z,2026-09-11T01:24:46Z,2026-10-11T01:24:45Z,2190036
origin_spy_volatility_20d,"(0.102, 0.125]",6122,0.5457366873570728,0.0028677953258141,0.0021818113413041,0.0026929979551166,0.0207221807572637,10180621647,regime-analysis-116,34543403027,2026-09-11T01:24:46Z,2026-09-11T01:24:46Z,2026-10-11T01:24:45Z,2190036
origin_spy_volatility_20d,"(0.125, 0.14]",5975,0.5042677824267783,0.0010051104689505,0.000681989812082,0.0036977383757852,0.019689174702958,10180621647,regime-analysis-116,34543403027,2026-09-11T01:24:46Z,2026-09-11T01:24:46Z,2026-10-11T01:24:45Z,2190036
origin_spy_volatility_20d,"(0.14, 0.207]",5985,0.5488721804511278,0.0040389296608312,0.0051776928906648,0.0060188636830131,0.0196122949956313,10180621647,regime-analysis-116,34543403027,2026-09-11T01:24:46Z,2026-09-11T01:24:46Z,2026-10-11T01:24:45Z,2190036
origin_spy_volatility_60d,"(0.0849, 0.111]",6090,0.4492610837438424,0.0004729450019577,0.003376746293367,0.0009459682954045,0.0192550168722115,10180621647,regime-analysis-116,34543403027,2026-09-11T01:24:46Z,2026-09-11T01:24:46Z,2026-10-11T01:24:45Z,2190036
origin_spy_volatility_60d,"(0.111, 0.125]",5985,0.6578111946533,0.0058429109207854,0.0029703819291606,0.0048674872720519,0.0184629465829664,10180621647,regime-analysis-116,34543403027,2026-09-11T01:24:46Z,2026-09-11T01:24:46Z,2026-10-11T01:24:45Z,2190036
origin_spy_volatility_60d,"(0.125, 0.14]",6044,0.5307743216412971,0.0057426229241782,0.0063488148543533,0.0065098201391766,0.0194794850335104,10180621647,regime-analysis-116,34543403027,2026-09-11T01:24:46Z,2026-09-11T01:24:46Z,2026-10-11T01:24:45Z,2190036
origin_spy_volatility_60d,"(0.14, 0.158]",6006,0.4775224775224775,0.0018184099079518,0.0032251057275162,0.001781579043694,0.0227110863517744,10180621647,regime-analysis-116,34543403027,2026-09-11T01:24:46Z,2026-09-11T01:24:46Z,2026-10-11T01:24:45Z,2190036
origin_spy_vol_change_20d,"(-0.517, -0.286]",6096,0.5031167979002624,0.0078735326335068,0.0108712850933914,0.0022033122240415,0.0204925983946389,10180621647,regime-analysis-116,34543403027,2026-09-11T01:24:46Z,2026-09-11T01:24:46Z,2026-10-11T01:24:45Z,2190036
origin_spy_vol_change_20d,"(-0.286, 0.0182]",6059,0.5718765472850306,0.0032684772552073,0.002444199640853,0.00102907643584,0.019186946552287,10180621647,regime-analysis-116,34543403027,2026-09-11T01:24:46Z,2026-09-11T01:24:46Z,2026-10-11T01:24:45Z,2190036
origin_spy_vol_change_20d,"(0.0182, 0.255]",6006,0.5184815184815185,0.0011614091233128,0.0009039394296405,0.0059950381850829,0.0200974933464771,10180621647,regime-analysis-116,34543403027,2026-09-11T01:24:46Z,2026-09-11T01:24:46Z,2026-10-11T01:24:45Z,2190036
origin_spy_vol_change_20d,"(0.255, 1.673]",5964,0.5202883970489605,0.0014593658561267,0.0016053861475756,0.004907043949989,0.0201238172718224,10180621647,regime-analysis-116,34543403027,2026-09-11T01:24:46Z,2026-09-11T01:24:46Z,2026-10-11T01:24:45Z,2190036
origin_market_breadth_20d,"(0.0466, 0.476]",6989,0.5834883388181428,0.0067149863947914,0.0056228272899343,0.0051925114354363,0.021037872095014,10180621647,regime-analysis-116,34543403027,2026-09-11T01:24:46Z,2026-09-11T01:24:46Z,2026-10-11T01:24:45Z,2190036
origin_market_breadth_20d,"(0.476, 0.667]",6489,0.505933117583603,0.002227615983302,0.0019640325410856,0.0038129057799876,0.0191444163709897,10180621647,regime-analysis-116,34543403027,2026-09-11T01:24:46Z,2026-09-11T01:24:46Z,2026-10-11T01:24:45Z,2190036
origin_market_breadth_20d,"(0.667, 0.81]",4893,0.5299407316574699,0.0015308898098885,0.0021104025859903,0.0034603268289323,0.0202748610726288,10180621647,regime-analysis-116,34543403027,2026-09-11T01:24:46Z,2026-09-11T01:24:46Z,2026-10-11T01:24:45Z,2190036
origin_market_breadth_20d,"(0.81, 1.0]",5754,0.4857490441432047,0.002537913784339,0.0058595057021375,0.0012121285535774,0.019366332827657,10180621647,regime-analysis-116,34543403027,2026-09-11T01:24:46Z,2026-09-11T01:24:46Z,2026-10-11T01:24:45Z,2190036
origin_market_breadth_252d,"(0.713, 0.905]",7571,0.4851406683397173,0.0024010662941951,0.0046864816743263,0.0009437849860245,0.0181505234669159,10180621647,regime-analysis-116,34543403027,2026-09-11T01:24:46Z,2026-09-11T01:24:46Z,2026-10-11T01:24:45Z,2190036
origin_market_breadth_252d,"(0.905, 0.952]",5634,0.5576854810081647,0.0046882926633316,0.0047420015708222,0.008049271536886,0.0186500432610904,10180621647,regime-analysis-116,34543403027,2026-09-11T01:24:46Z,2026-09-11T01:24:46Z,2026-10-11T01:24:45Z,2190036
origin_market_breadth_252d,"(0.952, 1.0]",10920,0.5434065934065934,0.0035611287550506,0.0031031642074604,0.0029710057629897,0.0219238666044975,10180621647,regime-analysis-116,34543403027,2026-09-11T01:24:46Z,2026-09-11T01:24:46Z,2026-10-11T01:24:45Z,2190036
origin_market_breadth_above_sma200,"(0.38, 0.762]",6191,0.455338394443547,0.0019084868175257,0.0038932340287644,0.0057486893034557,0.0214169611728231,10180621647,regime-analysis-116,34543403027,2026-09-11T01:24:46Z,2026-09-11T01:24:46Z,2026-10-11T01:24:45Z,2190036
origin_market_breadth_above_sma200,"(0.762, 0.952]",6594,0.5286624203821656,0.0009570162347612,-0.0016676379783409,0.0007936935056207,0.0214583448213598,10180621647,regime-analysis-116,34543403027,2026-09-11T01:24:46Z,2026-09-11T01:24:46Z,2026-10-11T01:24:45Z,2190036
origin_market_breadth_above_sma200,"(0.952, 1.0]",11340,0.5682539682539682,0.0057631245894531,0.0073172606445242,0.0038901785225835,0.0183255597750548,10180621647,regime-analysis-116,34543403027,2026-09-11T01:24:46Z,2026-09-11T01:24:46Z,2026-10-11T01:24:45Z,2190036
origin_cross_asset_daily_volatility,"(0.0015400000000000001, 0.00837]",6043,0.5067019692205859,0.0029074047842348,0.0048481166773675,0.0023927906077746,0.0191351328965471,10180621647,regime-analysis-116,34543403027,2026-09-11T01:24:46Z,2026-09-11T01:24:46Z,2026-10-11T01:24:45Z,2190036
origin_cross_asset_daily_volatility,"(0.00837, 0.0115]",6069,0.5106277805239743,0.0030909955430716,0.0025103786477737,0.0030848905072938,0.01953085882627,10180621647,regime-analysis-116,34543403027,2026-09-11T01:24:46Z,2026-09-11T01:24:46Z,2026-10-11T01:24:45Z,2190036
origin_cross_asset_daily_volatility,"(0.0115, 0.0157]",6001,0.5257457090484919,0.001691430567617,0.0019255082022632,0.0036326067803356,0.0200545842289455,10180621647,regime-analysis-116,34543403027,2026-09-11T01:24:46Z,2026-09-11T01:24:46Z,2026-10-11T01:24:45Z,2190036
origin_cross_asset_daily_volatility,"(0.0157, 0.0647]",6012,0.5710246174318031,0.0061545019769482,0.0066528128634984,0.0049829120890739,0.0211887275372168,10180621647,regime-analysis-116,34543403027,2026-09-11T01:24:46Z,2026-09-11T01:24:46Z,2026-10-11T01:24:45Z,2190036
origin_cross_asset_return_20d_dispersion,"(0.0172, 0.0446]",6033,0.5670479031990717,0.0043922136661179,0.0051652186247545,0.0060121285840401,0.017803571667984,10180621647,regime-analysis-116,34543403027,2026-09-11T01:24:46Z,2026-09-11T01:24:46Z,2026-10-11T01:24:45Z,2190036
origin_cross_asset_return_20d_dispersion,"(0.0446, 0.0577]",6127,0.5430063652684838,0.002314649935761,0.0015232428953074,0.0025685970833802,0.018712071620147,10180621647,regime-analysis-116,34543403027,2026-09-11T01:24:46Z,2026-09-11T01:24:46Z,2026-10-11T01:24:45Z,2190036
origin_cross_asset_return_20d_dispersion,"(0.0577, 0.0702]",5959,0.4843094478939419,0.0026153753811276,0.0041095149899593,0.0013152579876918,0.0212934451240563,10180621647,regime-analysis-116,34543403027,2026-09-11T01:24:46Z,2026-09-11T01:24:46Z,2026-10-11T01:24:45Z,2190036
origin_cross_asset_return_20d_dispersion,"(0.0702, 0.157]",6006,0.5186480186480187,0.0045312575230566,0.0051783332907001,0.0041777866256768,0.0221370512884244,10180621647,regime-analysis-116,34543403027,2026-09-11T01:24:46Z,2026-09-11T01:24:46Z,2026-10-11T01:24:45Z,2190036
origin_vix_market,"(13.469000000000001, 15.86]",6232,0.550385109114249,0.0041800367338012,0.0048420391333859,0.0035889412435812,0.0182883899983786,10131816256,regime-analysis-115,34418587479,2026-09-10T00:59:56Z,2026-09-10T00:59:56Z,2026-10-10T00:59:55Z,2186462
origin_vix_market,"(15.86, 17.17]",5912,0.5020297699594046,0.0020475451300931,0.0028392501338282,0.0043058178603089,0.019561733549923,10131816256,regime-analysis-115,34418587479,2026-09-10T00:59:56Z,2026-09-10T00:59:56Z,2026-10-10T00:59:55Z,2186462
origin_vix_market,"(17.17, 19.08]",5975,0.5531380753138075,0.0038631586481374,0.003740766186909,0.006320117967545,0.0215630972688103,10131816256,regime-analysis-115,34418587479,2026-09-10T00:59:56Z,2026-09-10T00:59:56Z,2026-10-10T00:59:55Z,2186462
origin_vix_market,"(19.08, 31.05]",6006,0.6508491508491508,0.0068799860327648,0.0050266094086215,0.0037488633370309,0.0198455291717239,10131816256,regime-analysis-115,34418587479,2026-09-10T00:59:56Z,2026-09-10T00:59:56Z,2026-10-10T00:59:55Z,2186462
origin_vix_change_1d,"(-5.361000000000001, -0.7]",6064,0.5641490765171504,0.0028971502425786,0.0026959639027984,0.0048831255593778,0.0196766843447032,10131816256,regime-analysis-115,34418587479,2026-09-10T00:59:56Z,2026-09-10T00:59:56Z,2026-10-10T00:59:55Z,2186462
origin_vix_change_1d,"(-0.7, -0.13]",6017,0.5439587834469004,0.0038545434524655,0.0043304768184433,0.0042203754050274,0.020329872267597,10131816256,regime-analysis-115,34418587479,2026-09-10T00:59:56Z,2026-09-10T00:59:56Z,2026-10-10T00:59:55Z,2186462
origin_vix_change_1d,"(-0.13, 0.65]",6127,0.5802187040966215,0.0054232242213449,0.0054519426663875,0.0042574577525645,0.019092823896041,10131816256,regime-analysis-115,34418587479,2026-09-10T00:59:56Z,2026-09-10T00:59:56Z,2026-10-10T00:59:55Z,2186462
origin_vix_change_1d,"(0.65, 6.11]",5917,0.5683623457833361,0.0048283662229008,0.0040042710673171,0.0045648029785962,0.020116272146713,10131816256,regime-analysis-115,34418587479,2026-09-10T00:59:56Z,2026-09-10T00:59:56Z,2026-10-10T00:59:55Z,2186462
origin_vix_change_5d,"(-10.071, -1.41]",6085,0.5020542317173378,0.0026681331112027,0.001937028113847,0.0049191772458601,0.0203394333136044,10131816256,regime-analysis-115,34418587479,2026-09-10T00:59:56Z,2026-09-10T00:59:56Z,2026-10-10T00:59:55Z,2186462
origin_vix_change_5d,"(-1.41, 0.11]",6064,0.5681068601583114,0.0029308728319841,0.0034902049414073,0.0044338906027696,0.0203781984147879,10131816256,regime-analysis-115,34418587479,2026-09-10T00:59:56Z,2026-09-10T00:59:56Z,2026-10-10T00:59:55Z,2186462
origin_vix_change_5d,"(0.11, 1.24]",6080,0.5328947368421053,0.003247825007182,0.003440778949792,0.0047517728107119,0.020200165653258,10131816256,regime-analysis-115,34418587479,2026-09-10T00:59:56Z,2026-09-10T00:59:56Z,2026-10-10T00:59:55Z,2186462
origin_vix_change_5d,"(1.24, 9.63]",5896,0.6567164179104478,0.0082773856667367,0.0077392764405065,0.0037974169323356,0.0182323805175016,10131816256,regime-analysis-115,34418587479,2026-09-10T00:59:56Z,2026-09-10T00:59:56Z,2026-10-10T00:59:55Z,2186462
origin_vix_change_20d,"(-13.030999999999999, -2.01]",6127,0.5118328708992982,0.0023548909925207,0.0028589807586569,0.0043657835183746,0.0209592716041416,10131816256,regime-analysis-115,34418587479,2026-09-10T00:59:56Z,2026-09-10T00:59:56Z,2026-10-10T00:59:55Z,2186462
origin_vix_change_20d,"(-2.01, 0.15]",6001,0.551408098650225,0.0035952152749755,0.0039633264248646,0.0050830378973083,0.0187354777142095,10131816256,regime-analysis-115,34418587479,2026-09-10T00:59:56Z,2026-09-10T00:59:56Z,2026-10-10T00:59:55Z,2186462
origin_vix_change_20d,"(0.15, 2.31]",6054,0.5508754542451272,0.005664964103574,0.0062216768497662,0.0045258614419251,0.0201475965191729,10131816256,regime-analysis-115,34418587479,2026-09-10T00:59:56Z,2026-09-10T00:59:56Z,2026-10-10T00:59:55Z,2186462
origin_vix_change_20d,"(2.31, 11.19]",5943,0.6447921924953727,0.0054281756874013,0.0034553592651904,0.0039455870553912,0.0193221203760618,10131816256,regime-analysis-115,34418587479,2026-09-10T00:59:56Z,2026-09-10T00:59:56Z,2026-10-10T00:59:55Z,2186462
origin_vix_pct_change_1d,"(-0.185, -0.0411]",6085,0.571569433032046,0.0033201403503251,0.0032831845646436,0.0051405494449276,0.0193761420171602,10131816256,regime-analysis-115,34418587479,2026-09-10T00:59:56Z,2026-09-10T00:59:56Z,2026-10-10T00:59:55Z,2186462
origin_vix_pct_change_1d,"(-0.0411, -0.00787]",5996,0.5363575717144763,0.0034286279174039,0.0037402645175595,0.003956809344852,0.0206371632965296,10131816256,regime-analysis-115,34418587479,2026-09-10T00:59:56Z,2026-09-10T00:59:56Z,2026-10-10T00:59:55Z,2186462
origin_vix_pct_change_1d,"(-0.00787, 0.0427]",6022,0.5594486881434739,0.0039199687491997,0.0038766269909664,0.0042319650715077,0.0193818426100614,10131816256,regime-analysis-115,34418587479,2026-09-10T00:59:56Z,2026-09-10T00:59:56Z,2026-10-10T00:59:55Z,2186462
origin_vix_pct_change_1d,"(0.0427, 0.397]",6022,0.5893390900033212,0.0063419936794094,0.0056048284428216,0.0045849367674688,0.0198094085196536,10131816256,regime-analysis-115,34418587479,2026-09-10T00:59:56Z,2026-09-10T00:59:56Z,2026-10-10T00:59:55Z,2186462
origin_vix_pct_change_5d,"(-0.382, -0.0755]",6085,0.4926869350862777,0.0022330272770322,0.0014918695272486,0.0048771948629729,0.0203821664565561,10131816256,regime-analysis-115,34418587479,2026-09-10T00:59:56Z,2026-09-10T00:59:56Z,2026-10-10T00:59:55Z,2186462
origin_vix_pct_change_5d,"(-0.0755, 0.0068]",6064,0.5775065963060686,0.0033674854640631,0.0039369051392059,0.0044760183731965,0.0203353172843689,10131816256,regime-analysis-115,34418587479,2026-09-10T00:59:56Z,2026-09-10T00:59:56Z,2026-10-10T00:59:55Z,2186462
origin_vix_pct_change_5d,"(0.0068, 0.0764]",6017,0.5329898620575038,0.0027677010205916,0.002690511055016,0.0043794560876505,0.0202641866206374,10131816256,regime-analysis-115,34418587479,2026-09-10T00:59:56Z,2026-09-10T00:59:56Z,2026-10-10T00:59:55Z,2186462
origin_vix_pct_change_5d,"(0.0764, 0.54]",5959,0.6553112938412485,0.0087090090441092,0.0084514020624149,0.0041834471627431,0.0181885403266694,10131816256,regime-analysis-115,34418587479,2026-09-10T00:59:56Z,2026-09-10T00:59:56Z,2026-10-10T00:59:55Z,2186462
origin_vix_pct_change_20d,"(-0.437, -0.107]",6127,0.5248898318916272,0.0030545180482542,0.0035586078143903,0.0043592606140466,0.0205727415707131,10131816256,regime-analysis-115,34418587479,2026-09-10T00:59:56Z,2026-09-10T00:59:56Z,2026-10-10T00:59:55Z,2186462
origin_vix_pct_change_20d,"(-0.107, 0.00963]",6001,0.5380769871688053,0.0028808984993583,0.0032490096492474,0.0050896977598008,0.0191301235257103,10131816256,regime-analysis-115,34418587479,2026-09-10T00:59:56Z,2026-09-10T00:59:56Z,2026-10-10T00:59:55Z,2186462
origin_vix_pct_change_20d,"(0.00963, 0.146]",5970,0.5581239530988275,0.0061845468556032,0.0064129210578706,0.0041575116275031,0.0198458481477086,10131816256,regime-analysis-115,34418587479,2026-09-10T00:59:56Z,2026-09-10T00:59:56Z,2026-10-10T00:59:55Z,2186462
origin_vix_pct_change_20d,"(0.146, 0.612]",6027,0.6363033018085283,0.0049168070458457,0.0033044786869128,0.0043185406708829,0.0196325198739319,10131816256,regime-analysis-115,34418587479,2026-09-10T00:59:56Z,2026-09-10T00:59:56Z,2026-10-10T00:59:55Z,2186462
origin_vix_distance_ma20,"(-0.255, -0.0801]",6085,0.5286770747740345,0.0032187666165132,0.0035322657076125,0.0040939363407708,0.0183418678171226,10131816256,regime-analysis-115,34418587479,2026-09-10T00:59:56Z,2026-09-10T00:59:56Z,2026-10-10T00:59:55Z,2186462
origin_vix_distance_ma20,"(-0.0801, -0.0102]",6069,0.5312242544076454,0.0026076699942349,0.0030530366138389,0.0057717621235214,0.0209627901628061,10131816256,regime-analysis-115,34418587479,2026-09-10T00:59:56Z,2026-09-10T00:59:56Z,2026-10-10T00:59:55Z,2186462
origin_vix_distance_ma20,"(-0.0102, 0.0653]",6017,0.546617915904936,0.003226370576884,0.0030759963068351,0.0043420127756099,0.0202607920875225,10131816256,regime-analysis-115,34418587479,2026-09-10T00:59:56Z,2026-09-10T00:59:56Z,2026-10-10T00:59:55Z,2186462
origin_vix_distance_ma20,"(0.0653, 0.447]",5954,0.6519986563654686,0.0080170354302923,0.0068812803034896,0.0037007620501086,0.0196357649391453,10131816256,regime-analysis-115,34418587479,2026-09-10T00:59:56Z,2026-09-10T00:59:56Z,2026-10-10T00:59:55Z,2186462
origin_vix_trend_ma,"(-0.224, -0.0662]",6111,0.5642284405171003,0.0039793238465729,0.0043749546788176,0.0036672851648859,0.0197910811754305,10131816256,regime-analysis-115,34418587479,2026-09-10T00:59:56Z,2026-09-10T00:59:56Z,2026-10-10T00:59:55Z,2186462
origin_vix_trend_ma,"(-0.0662, -0.000377]",6001,0.5114147642059657,0.0025417630148692,0.0024724655558178,0.0062403322515621,0.0190464625405174,10131816256,regime-analysis-115,34418587479,2026-09-10T00:59:56Z,2026-09-10T00:59:56Z,2026-10-10T00:59:55Z,2186462
origin_vix_trend_ma,"(-0.000377, 0.0612]",6075,0.5351440329218107,0.0040946526779269,0.0046629387689929,0.0038102064977283,0.0195442447617531,10131816256,regime-analysis-115,34418587479,2026-09-10T00:59:56Z,2026-09-10T00:59:56Z,2026-10-10T00:59:55Z,2186462
origin_vix_trend_ma,"(0.0612, 0.24]",5938,0.6473560121252947,0.0064184678128196,0.0049852074572358,0.0042261093163509,0.0208288251780405,10131816256,regime-analysis-115,34418587479,2026-09-10T00:59:56Z,2026-09-10T00:59:56Z,2026-10-10T00:59:55Z,2186462
origin_vix_percentile_252,"(0.0029699999999999996, 0.262]",6337,0.5382673189206248,0.0030006118114119,0.0037480705433817,0.0035212677076316,0.0187698102203473,10131816256,regime-analysis-115,34418587479,2026-09-10T00:59:56Z,2026-09-10T00:59:56Z,2026-10-10T00:59:55Z,2186462
origin_vix_percentile_252,"(0.262, 0.504]",6017,0.4997507063320591,0.0026206346449595,0.0032967852103282,0.0047981432512146,0.0192804247528869,10131816256,regime-analysis-115,34418587479,2026-09-10T00:59:56Z,2026-09-10T00:59:56Z,2026-10-10T00:59:55Z,2186462
origin_vix_percentile_252,"(0.504, 0.71]",5996,0.563542361574383,0.0042770852197239,0.0041966204163801,0.005806793332451,0.0215077326414778,10131816256,regime-analysis-115,34418587479,2026-09-10T00:59:56Z,2026-09-10T00:59:56Z,2026-10-10T00:59:55Z,2186462
origin_vix_percentile_252,"(0.71, 0.968]",5775,0.6606060606060606,0.0072952391488246,0.0053248334346051,0.0038265663811666,0.0196950652087953,10131816256,regime-analysis-115,34418587479,2026-09-10T00:59:56Z,2026-09-10T00:59:56Z,2026-10-10T00:59:55Z,2186462
origin_spy_return_5d,"(-0.0392, -0.00899]",6064,0.6467678100263852,0.0063728059073305,0.0046087495062318,0.0024496886848848,0.019472379995573,10131816256,regime-analysis-115,34418587479,2026-09-10T00:59:56Z,2026-09-10T00:59:56Z,2026-10-10T00:59:55Z,2186462
origin_spy_return_5d,"(-0.00899, 0.00396]",6054,0.6124876114965312,0.006997639542618,0.0077320412614134,0.004720198299477,0.0194466870601797,10131816256,regime-analysis-115,34418587479,2026-09-10T00:59:56Z,2026-09-10T00:59:56Z,2026-10-10T00:59:55Z,2186462
origin_spy_return_5d,"(0.00396, 0.0132]",5985,0.5423558897243108,0.0041330793721491,0.0045825437029794,0.0048743592620948,0.0194474045679328,10131816256,regime-analysis-115,34418587479,2026-09-10T00:59:56Z,2026-09-10T00:59:56Z,2026-10-10T00:59:55Z,2186462
origin_spy_return_5d,"(0.0132, 0.0553]",6022,0.4543341082696778,-0.0005290999810375,-0.0004453055661413,0.0058944905686849,0.0208320321336756,10131816256,regime-analysis-115,34418587479,2026-09-10T00:59:56Z,2026-09-10T00:59:56Z,2026-10-10T00:59:55Z,2186462
origin_spy_return_20d,"(-0.0803, -0.00437]",6127,0.6113921984658071,0.0053816086152045,0.0031953848529994,0.0035567935487564,0.0207484495253351,10131816256,regime-analysis-115,34418587479,2026-09-10T00:59:56Z,2026-09-10T00:59:56Z,2026-10-10T00:59:55Z,2186462
origin_spy_return_20d,"(-0.00437, 0.0136]",5975,0.6060251046025105,0.0064052170869334,0.0066367769274603,0.0056911985525495,0.0189603533486126,10131816256,regime-analysis-115,34418587479,2026-09-10T00:59:56Z,2026-09-10T00:59:56Z,2026-10-10T00:59:55Z,2186462
origin_spy_return_20d,"(0.0136, 0.0323]",6059,0.5703911536557188,0.0053898164163276,0.0066340804701216,0.0031618348553858,0.0175230990099982,10131816256,regime-analysis-115,34418587479,2026-09-10T00:59:56Z,2026-09-10T00:59:56Z,2026-10-10T00:59:55Z,2186462
origin_spy_return_20d,"(0.0323, 0.128]",5964,0.4676391683433937,-0.0002251074743037,1.230215309281757e-05,0.0055576311644763,0.021976467337741,10131816256,regime-analysis-115,34418587479,2026-09-10T00:59:56Z,2026-09-10T00:59:56Z,2026-10-10T00:59:55Z,2186462
origin_spy_return_60d,"(-0.078, 0.021]",6048,0.6111111111111112,0.0043170836866137,0.001772209342886,0.0028944052625754,0.0208113823139192,10131816256,regime-analysis-115,34418587479,2026-09-10T00:59:56Z,2026-09-10T00:59:56Z,2026-10-10T00:59:55Z,2186462
origin_spy_return_60d,"(0.021, 0.0434]",6033,0.6331841538206531,0.0091897090655853,0.0101559580364084,0.0035739116284884,0.019015408303734,10131816256,regime-analysis-115,34418587479,2026-09-10T00:59:56Z,2026-09-10T00:59:56Z,2026-10-10T00:59:55Z,2186462
origin_spy_return_60d,"(0.0434, 0.0733]",6017,0.5471165032408177,0.0050410581849632,0.0054085647495414,0.0056032722131084,0.0180876284907305,10131816256,regime-analysis-115,34418587479,2026-09-10T00:59:56Z,2026-09-10T00:59:56Z,2026-10-10T00:59:55Z,2186462
origin_spy_return_60d,"(0.0733, 0.162]",6027,0.4652397544383607,-0.0015471443933421,-0.0008346478002326,0.0058601284701233,0.0212765074570796,10131816256,regime-analysis-115,34418587479,2026-09-10T00:59:56Z,2026-09-10T00:59:56Z,2026-10-10T00:59:55Z,2186462
origin_spy_return_120d,"(-0.06, 0.0686]",6085,0.6302382908792111,0.0060328652522935,0.0037545145643768,0.002244979550943,0.0203848253759571,10131816256,regime-analysis-115,34418587479,2026-09-10T00:59:56Z,2026-09-10T00:59:56Z,2026-10-10T00:59:55Z,2186462
origin_spy_return_120d,"(0.0686, 0.0987]",5986,0.5800200467758102,0.0059050130297548,0.0062981916184225,0.0071563131766908,0.0211703417758805,10131816256,regime-analysis-115,34418587479,2026-09-10T00:59:56Z,2026-09-10T00:59:56Z,2026-10-10T00:59:55Z,2186462
origin_spy_return_120d,"(0.0987, 0.134]",6090,0.5110016420361247,0.001869454656029,0.0022743204911487,0.0059287528396603,0.0204187151571462,10131816256,regime-analysis-115,34418587479,2026-09-10T00:59:56Z,2026-09-10T00:59:56Z,2026-10-10T00:59:55Z,2186462
origin_spy_return_120d,"(0.134, 0.342]",5964,0.5353789403085177,0.0032052771391735,0.0042093093229727,0.0025982828708488,0.0171925999351802,10131816256,regime-analysis-115,34418587479,2026-09-10T00:59:56Z,2026-09-10T00:59:56Z,2026-10-10T00:59:55Z,2186462
origin_spy_distance_sma50,"(-0.0693, 0.00284]",6038,0.6478966545213647,0.0081390530055622,0.006226161495083,0.0024842693888471,0.0206312013204648,10131816256,regime-analysis-115,34418587479,2026-09-10T00:59:56Z,2026-09-10T00:59:56Z,2026-10-10T00:59:55Z,2186462
origin_spy_distance_sma50,"(0.00284, 0.0171]",6033,0.5857782197911486,0.0038731226403627,0.0039045633711053,0.0058603903316126,0.0187334944651877,10131816256,regime-analysis-115,34418587479,2026-09-10T00:59:56Z,2026-09-10T00:59:56Z,2026-10-10T00:59:55Z,2186462
origin_spy_distance_sma50,"(0.0171, 0.0327]",6090,0.5165845648604269,0.0035741008059777,0.0048131518746189,0.0034533862683136,0.0179191087703128,10131816256,regime-analysis-115,34418587479,2026-09-10T00:59:56Z,2026-09-10T00:59:56Z,2026-10-10T00:59:55Z,2186462
origin_spy_distance_sma50,"(0.0327, 0.0861]",5964,0.5063715627095908,0.0013887022005816,0.0015158014593889,0.0061558986022679,0.021954431842875,10131816256,regime-analysis-115,34418587479,2026-09-10T00:59:56Z,2026-09-10T00:59:56Z,2026-10-10T00:59:55Z,2186462
origin_spy_distance_sma200,"(-0.0461, 0.0646]",6059,0.606700775705562,0.0055052966050959,0.0033421274447636,0.0021337205029117,0.0212865845039135,10131816256,regime-analysis-115,34418587479,2026-09-10T00:59:56Z,2026-09-10T00:59:56Z,2026-10-10T00:59:55Z,2186462
origin_spy_distance_sma200,"(0.0646, 0.0872]",6096,0.5721784776902887,0.004096505582451,0.0041941729092325,0.0061931308626787,0.0195178593678645,10131816256,regime-analysis-115,34418587479,2026-09-10T00:59:56Z,2026-09-10T00:59:56Z,2026-10-10T00:59:55Z,2186462
origin_spy_distance_sma200,"(0.0872, 0.101]",6006,0.5867465867465868,0.0058830239313509,0.0071689330090224,0.0057715061326842,0.0194392489836732,10131816256,regime-analysis-115,34418587479,2026-09-10T00:59:56Z,2026-09-10T00:59:56Z,2026-10-10T00:59:55Z,2186462
origin_spy_distance_sma200,"(0.101, 0.13]",5964,0.4902749832327297,0.0014916688257839,0.001782006849551,0.0038154679710766,0.0189378863165492,10131816256,regime-analysis-115,34418587479,2026-09-10T00:59:56Z,2026-09-10T00:59:56Z,2026-10-10T00:59:55Z,2186462
origin_spy_trend_ma50_200,"(0.0115, 0.0452]",6090,0.5980295566502463,0.0045493509139294,0.0028627807997158,0.0054683117109918,0.0229748797193108,10131816256,regime-analysis-115,34418587479,2026-09-10T00:59:56Z,2026-09-10T00:59:56Z,2026-10-10T00:59:55Z,2186462
origin_spy_trend_ma50_200,"(0.0452, 0.0645]",5980,0.4966555183946488,0.0002577237677718,0.0002477520427997,0.0042555286143202,0.0200206546455321,10131816256,regime-analysis-115,34418587479,2026-09-10T00:59:56Z,2026-09-10T00:59:56Z,2026-10-10T00:59:55Z,2186462
origin_spy_trend_ma50_200,"(0.0645, 0.0795]",6070,0.5609555189456342,0.0054418559498115,0.0063141979511355,0.0034331875069843,0.0185851491359872,10131816256,regime-analysis-115,34418587479,2026-09-10T00:59:56Z,2026-09-10T00:59:56Z,2026-10-10T00:59:55Z,2186462
origin_spy_trend_ma50_200,"(0.0795, 0.0902]",5985,0.6006683375104428,0.0067301326578286,0.0070608278856827,0.0047637639895511,0.017577540865034,10131816256,regime-analysis-115,34418587479,2026-09-10T00:59:56Z,2026-09-10T00:59:56Z,2026-10-10T00:59:55Z,2186462
origin_spy_volatility_20d,"(0.0557, 0.102]",6106,0.5353750409433344,0.0067186245849539,0.008083394634359,0.0044409828974763,0.0207653112730115,10131816256,regime-analysis-115,34418587479,2026-09-10T00:59:56Z,2026-09-10T00:59:56Z,2026-10-10T00:59:55Z,2186462
origin_spy_volatility_20d,"(0.102, 0.125]",5996,0.6024016010673783,0.0037188417343601,0.0025013098779131,0.0032149716803774,0.0204811738936657,10131816256,regime-analysis-115,34418587479,2026-09-10T00:59:56Z,2026-09-10T00:59:56Z,2026-10-10T00:59:55Z,2186462
origin_spy_volatility_20d,"(0.125, 0.14]",6059,0.5700610661825384,0.0018509831807524,0.0007363183896146,0.0045982788481859,0.018415150333526,10131816256,regime-analysis-115,34418587479,2026-09-10T00:59:56Z,2026-09-10T00:59:56Z,2026-10-10T00:59:55Z,2186462
origin_spy_volatility_20d,"(0.14, 0.207]",5964,0.5494634473507712,0.0046984307381682,0.0051451565991577,0.0056750623356374,0.0195302589593048,10131816256,regime-analysis-115,34418587479,2026-09-10T00:59:56Z,2026-09-10T00:59:56Z,2026-10-10T00:59:55Z,2186462
origin_spy_volatility_60d,"(0.0849, 0.111]",6048,0.5016534391534392,0.0023767898417106,0.0034636524311454,0.0029501273270724,0.0190240890794531,10131816256,regime-analysis-115,34418587479,2026-09-10T00:59:56Z,2026-09-10T00:59:56Z,2026-10-10T00:59:55Z,2186462
origin_spy_volatility_60d,"(0.111, 0.124]",6027,0.6550522648083623,0.0054249943398809,0.0029955146670543,0.0032143437816519,0.0183726176572562,10131816256,regime-analysis-115,34418587479,2026-09-10T00:59:56Z,2026-09-10T00:59:56Z,2026-10-10T00:59:55Z,2186462
origin_spy_volatility_60d,"(0.124, 0.14]",6065,0.5610882110469909,0.0061746535760749,0.0068122285143886,0.0034497238019131,0.018916936878127,10131816256,regime-analysis-115,34418587479,2026-09-10T00:59:56Z,2026-09-10T00:59:56Z,2026-10-10T00:59:55Z,2186462
origin_spy_volatility_60d,"(0.14, 0.158]",5985,0.5391812865497077,0.0030138855441176,0.0032053176280273,0.0083480133957694,0.0229128304202004,10131816256,regime-analysis-115,34418587479,2026-09-10T00:59:56Z,2026-09-10T00:59:56Z,2026-10-10T00:59:55Z,2186462
origin_spy_vol_change_20d,"(-0.517, -0.286]",6075,0.5692181069958848,0.0099240533177078,0.0109339950499602,0.005822434579621,0.0203630803256692,10131816256,regime-analysis-115,34418587479,2026-09-10T00:59:56Z,2026-09-10T00:59:56Z,2026-10-10T00:59:55Z,2186462
origin_spy_vol_change_20d,"(-0.286, 0.00671]",6017,0.5899950141266412,0.0033236147127417,0.0025740891826017,0.0014280202088273,0.019827433254423,10131816256,regime-analysis-115,34418587479,2026-09-10T00:59:56Z,2026-09-10T00:59:56Z,2026-10-10T00:59:55Z,2186462
origin_spy_vol_change_20d,"(0.00671, 0.255]",6048,0.5613425925925926,0.0026972855836978,0.0015468666061605,0.0056580935299372,0.0190235606670318,10131816256,regime-analysis-115,34418587479,2026-09-10T00:59:56Z,2026-09-10T00:59:56Z,2026-10-10T00:59:55Z,2186462
origin_spy_vol_change_20d,"(0.255, 1.673]",5985,0.5361737677527151,0.0009955969804044,0.001375833746221,0.004998632872458,0.0199819708970833,10131816256,regime-analysis-115,34418587479,2026-09-10T00:59:56Z,2026-09-10T00:59:56Z,2026-10-10T00:59:55Z,2186462
origin_market_breadth_20d,"(0.0466, 0.476]",7031,0.6413028018774001,0.0072152844388535,0.0053364177098496,0.0042367719162163,0.0203778917309904,10131816256,regime-analysis-115,34418587479,2026-09-10T00:59:56Z,2026-09-10T00:59:56Z,2026-10-10T00:59:55Z,2186462
origin_market_breadth_20d,"(0.476, 0.667]",6405,0.5292740046838408,0.0019212313994629,0.0022922073640243,0.0043653915295021,0.0195190619531037,10131816256,regime-analysis-115,34418587479,2026-09-10T00:59:56Z,2026-09-10T00:59:56Z,2026-10-10T00:59:55Z,2186462
origin_market_breadth_20d,"(0.667, 0.81]",4872,0.513752052545156,0.0017310223483281,0.0021561348188248,0.005467187160362,0.020411519545397,10131816256,regime-analysis-115,34418587479,2026-09-10T00:59:56Z,2026-09-10T00:59:56Z,2026-10-10T00:59:55Z,2186462
origin_market_breadth_20d,"(0.81, 1.0]",5817,0.5518308406395049,0.0053444992066998,0.00632551122977,0.0040769199146934,0.0188950486175276,10131816256,regime-analysis-115,34418587479,2026-09-10T00:59:56Z,2026-09-10T00:59:56Z,2026-10-10T00:59:55Z,2186462
origin_market_breadth_252d,"(0.809, 0.905]",7592,0.5306902002107482,0.0038293126691726,0.0048900876901512,0.0018203372945693,0.0177215136375867,10131816256,regime-analysis-115,34418587479,2026-09-10T00:59:56Z,2026-09-10T00:59:56Z,2026-10-10T00:59:55Z,2186462
origin_market_breadth_252d,"(0.905, 0.952]",5613,0.5754498485658294,0.0049346620149812,0.0046642891243291,0.0054349227634926,0.0177567392867953,10131816256,regime-analysis-115,34418587479,2026-09-10T00:59:56Z,2026-09-10T00:59:56Z,2026-10-10T00:59:55Z,2186462
origin_market_breadth_252d,"(0.952, 1.0]",10920,0.5817765567765568,0.0041930627376481,0.0033146454347003,0.0058401495299065,0.0222933754991039,10131816256,regime-analysis-115,34418587479,2026-09-10T00:59:56Z,2026-09-10T00:59:56Z,2026-10-10T00:59:55Z,2186462
origin_market_breadth_above_sma200,"(0.475, 0.81]",7010,0.5336661911554922,0.0031374074019774,0.0033251101229296,0.0056766593962935,0.0201835085079865,10131816256,regime-analysis-115,34418587479,2026-09-10T00:59:56Z,2026-09-10T00:59:56Z,2026-10-10T00:59:55Z,2186462
origin_market_breadth_above_sma200,"(0.81, 0.952]",5670,0.5529100529100529,0.0008421335265765,-0.0018181225599904,0.0029567213714593,0.0228189241056547,10131816256,regime-analysis-115,34418587479,2026-09-10T00:59:56Z,2026-09-10T00:59:56Z,2026-10-10T00:59:55Z,2186462
origin_market_breadth_above_sma200,"(0.952, 1.0]",11445,0.5885539536915684,0.0066221513137628,0.0075580482043533,0.0045035091773037,0.01806765183779,10131816256,regime-analysis-115,34418587479,2026-09-10T00:59:56Z,2026-09-10T00:59:56Z,2026-10-10T00:59:55Z,2186462
origin_cross_asset_daily_volatility,"(0.0015400000000000001, 0.00837]",6106,0.5430723878152637,0.0040806249551838,0.0050613788185237,0.0031212111197296,0.0195289798849096,10131816256,regime-analysis-115,34418587479,2026-09-10T00:59:56Z,2026-09-10T00:59:56Z,2026-10-10T00:59:55Z,2186462
origin_cross_asset_daily_volatility,"(0.00837, 0.0114]",5985,0.5328320802005012,0.0030786055140264,0.0029033635763951,0.0046235533392622,0.0196403725364843,10131816256,regime-analysis-115,34418587479,2026-09-10T00:59:56Z,2026-09-10T00:59:56Z,2026-10-10T00:59:55Z,2186462
origin_cross_asset_daily_volatility,"(0.0114, 0.0157]",6022,0.6067751577548987,0.0035428931979106,0.0017740773393734,0.0044751364754873,0.0193334840218396,10131816256,regime-analysis-115,34418587479,2026-09-10T00:59:56Z,2026-09-10T00:59:56Z,2026-10-10T00:59:55Z,2186462
origin_cross_asset_daily_volatility,"(0.0157, 0.0647]",6012,0.5743512974051896,0.00630099666566,0.0067427187187421,0.0057254326996832,0.0206979620784964,10131816256,regime-analysis-115,34418587479,2026-09-10T00:59:56Z,2026-09-10T00:59:56Z,2026-10-10T00:59:55Z,2186462
origin_cross_asset_return_20d_dispersion,"(0.0172, 0.0446]",6075,0.5805761316872428,0.0051550617260169,0.0053826992526214,0.0043413668820881,0.0171994088168973,10131816256,regime-analysis-115,34418587479,2026-09-10T00:59:56Z,2026-09-10T00:59:56Z,2026-10-10T00:59:55Z,2186462
origin_cross_asset_return_20d_dispersion,"(0.0446, 0.0573]",6043,0.5935793480059574,0.0026190675338719,0.0016115737549072,0.0015612588430419,0.0188383124099636,10131816256,regime-analysis-115,34418587479,2026-09-10T00:59:56Z,2026-09-10T00:59:56Z,2026-10-10T00:59:55Z,2186462
origin_cross_asset_return_20d_dispersion,"(0.0573, 0.0702]",6043,0.5338408075459209,0.0041165070180672,0.0042128836409983,0.0041739678805821,0.0212746631998764,10131816256,regime-analysis-115,34418587479,2026-09-10T00:59:56Z,2026-09-10T00:59:56Z,2026-10-10T00:59:55Z,2186462
origin_cross_asset_return_20d_dispersion,"(0.0702, 0.157]",5964,0.5486250838363514,0.0051204841996387,0.0052993015999802,0.007892165690625,0.021925695746251,10131816256,regime-analysis-115,34418587479,2026-09-10T00:59:56Z,2026-09-10T00:59:56Z,2026-10-10T00:59:55Z,2186462
origin_vix_market,"(13.469000000000001, 15.86]",6169,0.5256929810342033,0.0038828980222872,0.0051700163526946,0.0020360384853791,0.0180843221419294,10084188403,regime-analysis-114,34292357319,2026-09-09T01:23:02Z,2026-09-09T01:23:02Z,2026-10-09T01:23:01Z,2128019
origin_vix_market,"(15.86, 17.17]",5933,0.4906455418843755,0.0014608493039874,0.0027631597465043,0.0024352440334075,0.0200952364016183,10084188403,regime-analysis-114,34292357319,2026-09-09T01:23:02Z,2026-09-09T01:23:02Z,2026-10-09T01:23:01Z,2128019
origin_vix_market,"(17.17, 19.08]",5996,0.5386924616410941,0.0041136093997945,0.004030015673287,0.0036762046106775,0.0209159570192955,10084188403,regime-analysis-114,34292357319,2026-09-09T01:23:02Z,2026-09-09T01:23:02Z,2026-10-09T01:23:01Z,2128019
origin_vix_market,"(19.08, 31.05]",6027,0.4972623195619711,0.0033170954202385,0.0046984499943296,0.0055071381751043,0.0219470294484422,10084188403,regime-analysis-114,34292357319,2026-09-09T01:23:02Z,2026-09-09T01:23:02Z,2026-10-09T01:23:01Z,2128019
origin_vix_change_1d,"(-5.361000000000001, -0.69]",6211,0.4936403155691515,0.0023020099946475,0.0034307913519403,0.0049396625878189,0.0203767900846968,10084188403,regime-analysis-114,34292357319,2026-09-09T01:23:02Z,2026-09-09T01:23:02Z,2026-10-09T01:23:01Z,2128019
origin_vix_change_1d,"(-0.69, -0.12]",6164,0.5381245944192083,0.0035162290678779,0.0036785812840434,0.0021931924486422,0.0198545148172154,10084188403,regime-analysis-114,34292357319,2026-09-09T01:23:02Z,2026-09-09T01:23:02Z,2026-10-09T01:23:01Z,2128019
origin_vix_change_1d,"(-0.12, 0.65]",5812,0.5297660013764625,0.0042222959156615,0.0057351974728909,0.0029693650173624,0.0197887178991351,10084188403,regime-analysis-114,34292357319,2026-09-09T01:23:02Z,2026-09-09T01:23:02Z,2026-10-09T01:23:01Z,2128019
origin_vix_change_1d,"(0.65, 6.11]",5938,0.4915796564499831,0.0028235683674659,0.0039496129866032,0.0035004440596501,0.020969778487484,10084188403,regime-analysis-114,34292357319,2026-09-09T01:23:02Z,2026-09-09T01:23:02Z,2026-10-09T01:23:01Z,2128019
origin_vix_change_5d,"(-10.071, -1.26]",6127,0.4801697404929003,0.0019493378463463,0.0019018529583551,0.0048571218828913,0.0205369436207105,10084188403,regime-analysis-114,34292357319,2026-09-09T01:23:02Z,2026-09-09T01:23:02Z,2026-10-09T01:23:01Z,2128019
origin_vix_change_5d,"(-1.26, 0.11]",5938,0.5335129673290671,0.0026484186502434,0.0034087643541302,0.001812057475453,0.020698670972335,10084188403,regime-analysis-114,34292357319,2026-09-09T01:23:02Z,2026-09-09T01:23:02Z,2026-10-09T01:23:01Z,2128019
origin_vix_change_5d,"(0.11, 1.24]",6101,0.5027044746762825,0.0024383740387809,0.0036184371445059,0.0032624025702074,0.0201643621674028,10084188403,regime-analysis-114,34292357319,2026-09-09T01:23:02Z,2026-09-09T01:23:02Z,2026-10-09T01:23:01Z,2128019
origin_vix_change_5d,"(1.24, 9.63]",5959,0.5376741063936902,0.0058284493939723,0.0078535339686758,0.0036615485395092,0.0195859557403386,10084188403,regime-analysis-114,34292357319,2026-09-09T01:23:02Z,2026-09-09T01:23:02Z,2026-10-09T01:23:01Z,2128019
origin_vix_change_20d,"(-13.030999999999999, -2.01]",6127,0.5604700505957239,0.0040830111055104,0.0030303197483,0.0036614563124315,0.0197698495188584,10084188403,regime-analysis-114,34292357319,2026-09-09T01:23:02Z,2026-09-09T01:23:02Z,2026-10-09T01:23:01Z,2128019
origin_vix_change_20d,"(-2.01, 0.15]",6022,0.55064762537363,0.003934795416737,0.0042321469418532,0.0016594912447841,0.0180079478828685,10084188403,regime-analysis-114,34292357319,2026-09-09T01:23:02Z,2026-09-09T01:23:02Z,2026-10-09T01:23:01Z,2128019
origin_vix_change_20d,"(0.15, 2.31]",5970,0.4355108877721943,0.0022099925873951,0.0062466719650532,0.001607590754501,0.0215979503052693,10084188403,regime-analysis-114,34292357319,2026-09-09T01:23:02Z,2026-09-09T01:23:02Z,2026-10-09T01:23:01Z,2128019
origin_vix_change_20d,"(2.31, 11.19]",6006,0.5046620046620046,0.0025595321493826,0.0032340659566425,0.0066963291686244,0.0216384535735405,10084188403,regime-analysis-114,34292357319,2026-09-09T01:23:02Z,2026-09-09T01:23:02Z,2026-10-09T01:23:01Z,2128019
origin_vix_pct_change_1d,"(-0.185, -0.0411]",6127,0.4951852456340787,0.0022028655290987,0.0035601979891883,0.0046104294809868,0.0201335253512572,10084188403,regime-analysis-114,34292357319,2026-09-09T01:23:02Z,2026-09-09T01:23:02Z,2026-10-09T01:23:01Z,2128019
origin_vix_pct_change_1d,"(-0.0411, -0.00667]",6038,0.5389201722424644,0.0038291541790134,0.0039089395554642,0.002532988958258,0.0200921033141276,10084188403,regime-analysis-114,34292357319,2026-09-09T01:23:02Z,2026-09-09T01:23:02Z,2026-10-09T01:23:01Z,2128019
origin_vix_pct_change_1d,"(-0.00667, 0.0427]",6022,0.5121222185320492,0.0026303302651589,0.0040750494384372,0.0027800581717471,0.0202290821602024,10084188403,regime-analysis-114,34292357319,2026-09-09T01:23:02Z,2026-09-09T01:23:02Z,2026-10-09T01:23:01Z,2128019
origin_vix_pct_change_1d,"(0.0427, 0.397]",5938,0.5067362748400135,0.0041800124608514,0.0051892441756008,0.0036980245576384,0.0205423178227058,10084188403,regime-analysis-114,34292357319,2026-09-09T01:23:02Z,2026-09-09T01:23:02Z,2026-10-09T01:23:01Z,2128019
origin_vix_pct_change_5d,"(-0.382, -0.0739]",6127,0.4703770197486535,0.0015475523055058,0.0015288702555582,0.0045293300022534,0.0204262702646605,10084188403,regime-analysis-114,34292357319,2026-09-09T01:23:02Z,2026-09-09T01:23:02Z,2026-10-09T01:23:01Z,2128019
origin_vix_pct_change_5d,"(-0.0739, 0.0068]",5938,0.5436173795890872,0.00306299258233,0.0037936186855611,0.002150282610628,0.0208128669394145,10084188403,regime-analysis-114,34292357319,2026-09-09T01:23:02Z,2026-09-09T01:23:02Z,2026-10-09T01:23:01Z,2128019
origin_vix_pct_change_5d,"(0.0068, 0.0772]",6122,0.5011434171839269,0.0021005989912588,0.0032057541711049,0.0030631528995296,0.0202301731337926,10084188403,regime-analysis-114,34292357319,2026-09-09T01:23:02Z,2026-09-09T01:23:02Z,2026-10-09T01:23:01Z,2128019
origin_vix_pct_change_5d,"(0.0772, 0.54]",5938,0.5394072078140788,0.0061886801826873,0.0082939823008531,0.003868383930086,0.0195160599385188,10084188403,regime-analysis-114,34292357319,2026-09-09T01:23:02Z,2026-09-09T01:23:02Z,2026-10-09T01:23:01Z,2128019
origin_vix_pct_change_20d,"(-0.437, -0.107]",6127,0.572384527501224,0.004652888038531,0.0037299468040334,0.0036577955117277,0.0194959717651529,10084188403,regime-analysis-114,34292357319,2026-09-09T01:23:02Z,2026-09-09T01:23:02Z,2026-10-09T01:23:01Z,2128019
origin_vix_pct_change_20d,"(-0.107, 0.00963]",6022,0.5385254068415809,0.0033549820709021,0.0035203211413751,0.0016632158754569,0.0182866009876432,10084188403,regime-analysis-114,34292357319,2026-09-09T01:23:02Z,2026-09-09T01:23:02Z,2026-10-09T01:23:01Z,2128019
origin_vix_pct_change_20d,"(0.00963, 0.15]",6012,0.4304723885562209,0.0021314474127303,0.006153822809732,0.0016089190187777,0.0215039737308002,10084188403,regime-analysis-114,34292357319,2026-09-09T01:23:02Z,2026-09-09T01:23:02Z,2026-10-09T01:23:01Z,2128019
origin_vix_pct_change_20d,"(0.15, 0.612]",5964,0.5102280348759222,0.0026411710245818,0.0033064468535972,0.0067308264001069,0.0217334717329931,10084188403,regime-analysis-114,34292357319,2026-09-09T01:23:02Z,2026-09-09T01:23:02Z,2026-10-09T01:23:01Z,2128019
origin_vix_distance_ma20,"(-0.255, -0.0811]",6048,0.5529100529100529,0.0036200158514832,0.0035087918066299,0.003406232306223,0.0180972780656649,10084188403,regime-analysis-114,34292357319,2026-09-09T01:23:02Z,2026-09-09T01:23:02Z,2026-10-09T01:23:01Z,2128019
origin_vix_distance_ma20,"(-0.0811, -0.00956]",6085,0.523746918652424,0.0034356532821072,0.0034382098970201,0.0033536954271418,0.0202659200535408,10084188403,regime-analysis-114,34292357319,2026-09-09T01:23:02Z,2026-09-09T01:23:02Z,2026-10-09T01:23:01Z,2128019
origin_vix_distance_ma20,"(-0.00956, 0.0685]",6059,0.4733454365406833,0.0010734058132297,0.0032592333293607,0.0024232690809206,0.0209871995322774,10084188403,regime-analysis-114,34292357319,2026-09-09T01:23:02Z,2026-09-09T01:23:02Z,2026-10-09T01:23:01Z,2128019
origin_vix_distance_ma20,"(0.0685, 0.447]",5933,0.5026125063205799,0.0047150819088557,0.0065529774037039,0.0044752994892961,0.0216656231931258,10084188403,regime-analysis-114,34292357319,2026-09-09T01:23:02Z,2026-09-09T01:23:02Z,2026-10-09T01:23:01Z,2128019
origin_vix_trend_ma,"(-0.224, -0.0662]",6090,0.5788177339901478,0.0049236175751537,0.0042150476234981,0.0024501786122179,0.01898909806222,10084188403,regime-analysis-114,34292357319,2026-09-09T01:23:02Z,2026-09-09T01:23:02Z,2026-10-09T01:23:01Z,2128019
origin_vix_trend_ma,"(-0.0662, 0.00107]",6064,0.5214379947229552,0.002966214364617,0.0029059683033503,0.0029899980761144,0.0182427669958344,10084188403,regime-analysis-114,34292357319,2026-09-09T01:23:02Z,2026-09-09T01:23:02Z,2026-10-09T01:23:01Z,2128019
origin_vix_trend_ma,"(0.00107, 0.06]",5949,0.4286434694906707,0.0005267132441169,0.0043331035507451,0.0025488472578069,0.0215973497146497,10084188403,regime-analysis-114,34292357319,2026-09-09T01:23:02Z,2026-09-09T01:23:02Z,2026-10-09T01:23:01Z,2128019
origin_vix_trend_ma,"(0.06, 0.24]",6022,0.5220856858186649,0.0043461940966486,0.0052640526248147,0.005650388654073,0.022205856181287,10084188403,regime-analysis-114,34292357319,2026-09-09T01:23:02Z,2026-09-09T01:23:02Z,2026-10-09T01:23:01Z,2128019
origin_vix_percentile_252,"(0.0029699999999999996, 0.262]",6274,0.515460631176283,0.0030704311581549,0.0040595738020278,0.0017896304448944,0.018255131916513,10084188403,regime-analysis-114,34292357319,2026-09-09T01:23:02Z,2026-09-09T01:23:02Z,2026-10-09T01:23:01Z,2128019
origin_vix_percentile_252,"(0.262, 0.504]",6038,0.4995031467373302,0.0019983873365391,0.0032204267299376,0.0029465499658694,0.0199000387412171,10084188403,regime-analysis-114,34292357319,2026-09-09T01:23:02Z,2026-09-09T01:23:02Z,2026-10-09T01:23:01Z,2128019
origin_vix_percentile_252,"(0.504, 0.71]",6059,0.5354018814985971,0.0039722379951127,0.0045362241332571,0.0033516288463817,0.0212347968436395,10084188403,regime-analysis-114,34292357319,2026-09-09T01:23:02Z,2026-09-09T01:23:02Z,2026-10-09T01:23:01Z,2128019
origin_vix_percentile_252,"(0.71, 0.968]",5754,0.5017379214459506,0.0038026094964056,0.0049303971317252,0.0057204969774196,0.0217454431697146,10084188403,regime-analysis-114,34292357319,2026-09-09T01:23:02Z,2026-09-09T01:23:02Z,2026-10-09T01:23:01Z,2128019
origin_spy_return_5d,"(-0.0392, -0.00899]",6043,0.4964421644878372,0.0033813122685,0.0045709453951368,0.0044130860652176,0.0212507150884222,10084188403,regime-analysis-114,34292357319,2026-09-09T01:23:02Z,2026-09-09T01:23:02Z,2026-10-09T01:23:01Z,2128019
origin_spy_return_5d,"(-0.00899, 0.00396]",6075,0.5631275720164609,0.0057472104842487,0.0081271486117797,0.0037823816303623,0.0202353928117287,10084188403,regime-analysis-114,34292357319,2026-09-09T01:23:02Z,2026-09-09T01:23:02Z,2026-10-09T01:23:01Z,2128019
origin_spy_return_5d,"(0.00396, 0.0132]",5985,0.5162907268170426,0.0034509524240944,0.0046629462084921,0.0029404240673514,0.0194903315971821,10084188403,regime-analysis-114,34292357319,2026-09-09T01:23:02Z,2026-09-09T01:23:02Z,2026-10-09T01:23:01Z,2128019
origin_spy_return_5d,"(0.0132, 0.0553]",6022,0.476585851876453,0.0002119941697826,-0.0006863490781405,0.002490531941851,0.020006032616755,10084188403,regime-analysis-114,34292357319,2026-09-09T01:23:02Z,2026-09-09T01:23:02Z,2026-10-09T01:23:01Z,2128019
origin_spy_return_20d,"(-0.0803, -0.00437]",6106,0.502129053390108,0.0029060930211221,0.0029540221089645,0.0080261484792709,0.0223788978676627,10084188403,regime-analysis-114,34292357319,2026-09-09T01:23:02Z,2026-09-09T01:23:02Z,2026-10-09T01:23:01Z,2128019
origin_spy_return_20d,"(-0.00437, 0.0138]",6038,0.5273269294468367,0.0045067231006042,0.0063810079712395,0.0038616148288993,0.020009374259745,10084188403,regime-analysis-114,34292357319,2026-09-09T01:23:02Z,2026-09-09T01:23:02Z,2026-10-09T01:23:01Z,2128019
origin_spy_return_20d,"(0.0138, 0.0323]",6038,0.4791321629678701,0.0032620710058491,0.0071904628311004,0.0005509269711077,0.0186482693615689,10084188403,regime-analysis-114,34292357319,2026-09-09T01:23:02Z,2026-09-09T01:23:02Z,2026-10-09T01:23:01Z,2128019
origin_spy_return_20d,"(0.0323, 0.128]",5943,0.5448426720511527,0.00212444389656,0.0001324903326217,0.0011092173802148,0.0199248936685814,10084188403,regime-analysis-114,34292357319,2026-09-09T01:23:02Z,2026-09-09T01:23:02Z,2026-10-09T01:23:01Z,2128019
origin_spy_return_60d,"(-0.078, 0.0217]",6132,0.5198956294846706,0.0017033625345064,0.0014745213803642,0.0070953328808041,0.0221297655612036,10084188403,regime-analysis-114,34292357319,2026-09-09T01:23:02Z,2026-09-09T01:23:02Z,2026-10-09T01:23:01Z,2128019
origin_spy_return_60d,"(0.0217, 0.0451]",6033,0.6436267197082711,0.0098598590842095,0.0103075534274437,0.0042674305105154,0.0186672970246072,10084188403,regime-analysis-114,34292357319,2026-09-09T01:23:02Z,2026-09-09T01:23:02Z,2026-10-09T01:23:01Z,2128019
origin_spy_return_60d,"(0.0451, 0.0744]",5954,0.4719516291568693,0.0033201069950066,0.0050430846612907,0.0009014372903231,0.0185809310597827,10084188403,regime-analysis-114,34292357319,2026-09-09T01:23:02Z,2026-09-09T01:23:02Z,2026-10-09T01:23:01Z,2128019
origin_spy_return_60d,"(0.0744, 0.162]",6006,0.4162504162504162,-0.002067817696621,-8.068119494662823e-05,0.0012689846440014,0.0215657104124407,10084188403,regime-analysis-114,34292357319,2026-09-09T01:23:02Z,2026-09-09T01:23:02Z,2026-10-09T01:23:01Z,2128019
origin_spy_return_120d,"(-0.06, 0.0686]",6106,0.5211267605633803,0.0030309110919596,0.0034421901633755,0.0068772374078805,0.0213312283553278,10084188403,regime-analysis-114,34292357319,2026-09-09T01:23:02Z,2026-09-09T01:23:02Z,2026-10-09T01:23:01Z,2128019
origin_spy_return_120d,"(0.0686, 0.0987]",5965,0.5720033528918692,0.0061681505367249,0.0065558623698576,0.0068628058139978,0.0218272757216753,10084188403,regime-analysis-114,34292357319,2026-09-09T01:23:02Z,2026-09-09T01:23:02Z,2026-10-09T01:23:01Z,2128019
origin_spy_return_120d,"(0.0987, 0.134]",6027,0.5777335324373651,0.0043632186539215,0.0023423882162597,0.0025017068506175,0.0189648149036725,10084188403,regime-analysis-114,34292357319,2026-09-09T01:23:02Z,2026-09-09T01:23:02Z,2026-10-09T01:23:01Z,2128019
origin_spy_return_120d,"(0.134, 0.342]",6027,0.3824456611913058,-0.0007165633030132,0.0044015071835852,-0.0026155909388087,0.0188692427735129,10084188403,regime-analysis-114,34292357319,2026-09-09T01:23:02Z,2026-09-09T01:23:02Z,2026-10-09T01:23:01Z,2128019
origin_spy_distance_sma50,"(-0.0693, 0.00286]",6122,0.5516171185886966,0.0056771295542254,0.0058362100847706,0.0073195766534008,0.0217903846075354,10084188403,regime-analysis-114,34292357319,2026-09-09T01:23:02Z,2026-09-09T01:23:02Z,2026-10-09T01:23:01Z,2128019
origin_spy_distance_sma50,"(0.00286, 0.0171]",5949,0.551185073121533,0.0039977858092538,0.0041685388815799,0.0054230403752619,0.0193636322589571,10084188403,regime-analysis-114,34292357319,2026-09-09T01:23:02Z,2026-09-09T01:23:02Z,2026-10-09T01:23:01Z,2128019
origin_spy_distance_sma50,"(0.0171, 0.0327]",6111,0.4120438553428244,0.0006651893216186,0.0050280705116711,0.0001982285303727,0.0193912510882913,10084188403,regime-analysis-114,34292357319,2026-09-09T01:23:02Z,2026-09-09T01:23:02Z,2026-10-09T01:23:01Z,2128019
origin_spy_distance_sma50,"(0.0327, 0.0861]",5943,0.5396264512872286,0.0024692858866502,0.0016009986381171,0.000666191970356,0.0204238814338559,10084188403,regime-analysis-114,34292357319,2026-09-09T01:23:02Z,2026-09-09T01:23:02Z,2026-10-09T01:23:01Z,2128019
origin_spy_distance_sma200,"(-0.0461, 0.0646]",6122,0.508657301535446,0.0029589809163518,0.0031324477603959,0.0066142830018132,0.0224670552920568,10084188403,regime-analysis-114,34292357319,2026-09-09T01:23:02Z,2026-09-09T01:23:02Z,2026-10-09T01:23:01Z,2128019
origin_spy_distance_sma200,"(0.0646, 0.0872]",5991,0.5329661158404273,0.0035480544182846,0.0046529601216577,0.0057892490441724,0.0203488874305374,10084188403,regime-analysis-114,34292357319,2026-09-09T01:23:02Z,2026-09-09T01:23:02Z,2026-10-09T01:23:01Z,2128019
origin_spy_distance_sma200,"(0.0872, 0.101]",6069,0.5641786126215192,0.0069820223605143,0.0071194487756421,0.0024413527241013,0.0191121573412885,10084188403,regime-analysis-114,34292357319,2026-09-09T01:23:02Z,2026-09-09T01:23:02Z,2026-10-09T01:23:01Z,2128019
origin_spy_distance_sma200,"(0.101, 0.13]",5943,0.4459027427225307,-0.0007516432806355,0.0017682190562459,-0.0013040438078111,0.0190188230925829,10084188403,regime-analysis-114,34292357319,2026-09-09T01:23:02Z,2026-09-09T01:23:02Z,2026-10-09T01:23:01Z,2128019
origin_spy_trend_ma50_200,"(0.0115, 0.0452]",6090,0.554679802955665,0.0038827302178566,0.0026551404054861,0.0043972178935255,0.0220953572451568,10084188403,regime-analysis-114,34292357319,2026-09-09T01:23:02Z,2026-09-09T01:23:02Z,2026-10-09T01:23:01Z,2128019
origin_spy_trend_ma50_200,"(0.0452, 0.0645]",5980,0.4516722408026756,-0.0002131939406107,0.0009162680980722,0.0049739192284465,0.0207714663404326,10084188403,regime-analysis-114,34292357319,2026-09-09T01:23:02Z,2026-09-09T01:23:02Z,2026-10-09T01:23:01Z,2128019
origin_spy_trend_ma50_200,"(0.0645, 0.0795]",6070,0.4746293245469522,0.0024153459169562,0.006016357258428,0.0022344582330288,0.0202698895285277,10084188403,regime-analysis-114,34292357319,2026-09-09T01:23:02Z,2026-09-09T01:23:02Z,2026-10-09T01:23:01Z,2128019
origin_spy_trend_ma50_200,"(0.0795, 0.0902]",5985,0.5715956558061821,0.0067244905432204,0.0071179303081197,0.002031146777163,0.0178215074120077,10084188403,regime-analysis-114,34292357319,2026-09-09T01:23:02Z,2026-09-09T01:23:02Z,2026-10-09T01:23:01Z,2128019
origin_spy_volatility_20d,"(0.0557, 0.102]",6064,0.4807058047493404,0.0055775860531864,0.0087932148201083,0.0002753032263498,0.0201886298556804,10084188403,regime-analysis-114,34292357319,2026-09-09T01:23:02Z,2026-09-09T01:23:02Z,2026-10-09T01:23:01Z,2128019
origin_spy_volatility_20d,"(0.102, 0.125]",6038,0.5768466379595892,0.0030409819483722,0.0018941396145723,0.0055015219555783,0.0211606939081897,10084188403,regime-analysis-114,34292357319,2026-09-09T01:23:02Z,2026-09-09T01:23:02Z,2026-10-09T01:23:01Z,2128019
origin_spy_volatility_20d,"(0.125, 0.14]",5996,0.4486324216144096,-0.0002824876490314,0.001074488016007,0.0026270180838578,0.0202417716571551,10084188403,regime-analysis-114,34292357319,2026-09-09T01:23:02Z,2026-09-09T01:23:02Z,2026-10-09T01:23:01Z,2128019
origin_spy_volatility_20d,"(0.14, 0.207]",6027,0.5463746474199436,0.0044446686563451,0.004905871900238,0.0052436436254036,0.0193980855349302,10084188403,regime-analysis-114,34292357319,2026-09-09T01:23:02Z,2026-09-09T01:23:02Z,2026-10-09T01:23:01Z,2128019
origin_spy_volatility_60d,"(0.0849, 0.111]",6069,0.3489866534849233,-0.0010713577146805,0.003871353750042,-0.0014589384610518,0.0210013847928151,10084188403,regime-analysis-114,34292357319,2026-09-09T01:23:02Z,2026-09-09T01:23:02Z,2026-10-09T01:23:01Z,2128019
origin_spy_volatility_60d,"(0.111, 0.124]",6006,0.5714285714285714,0.0025257807047721,0.0025633629536704,0.0067606201303571,0.0200284220393531,10084188403,regime-analysis-114,34292357319,2026-09-09T01:23:02Z,2026-09-09T01:23:02Z,2026-10-09T01:23:01Z,2128019
origin_spy_volatility_60d,"(0.124, 0.14]",6065,0.587633965375103,0.0072988924925351,0.0069493445885638,0.0050131852930493,0.0183592659878131,10084188403,regime-analysis-114,34292357319,2026-09-09T01:23:02Z,2026-09-09T01:23:02Z,2026-10-09T01:23:01Z,2128019
origin_spy_volatility_60d,"(0.14, 0.158]",5985,0.5458646616541354,0.0040672683323814,0.0032966768605258,0.0033563430423294,0.0216168739090701,10084188403,regime-analysis-114,34292357319,2026-09-09T01:23:02Z,2026-09-09T01:23:02Z,2026-10-09T01:23:01Z,2128019
origin_spy_vol_change_20d,"(-0.517, -0.286]",6075,0.5664197530864198,0.0099049971994641,0.0109339950499602,0.0029610874420204,0.0198726588064463,10084188403,regime-analysis-114,34292357319,2026-09-09T01:23:02Z,2026-09-09T01:23:02Z,2026-10-09T01:23:01Z,2128019
origin_spy_vol_change_20d,"(-0.286, 0.00464]",5996,0.497498332221481,0.0014905169689148,0.0027345609782452,0.001766449048314,0.0201788470429827,10084188403,regime-analysis-114,34292357319,2026-09-09T01:23:02Z,2026-09-09T01:23:02Z,2026-10-09T01:23:01Z,2128019
origin_spy_vol_change_20d,"(0.00464, 0.255]",6069,0.518536826495304,0.0012168668960292,0.0017611316918403,0.0061188595924616,0.0200264475412077,10084188403,regime-analysis-114,34292357319,2026-09-09T01:23:02Z,2026-09-09T01:23:02Z,2026-10-09T01:23:01Z,2128019
origin_spy_vol_change_20d,"(0.255, 1.673]",5985,0.4695071010860484,0.0001308253892454,0.001213105088854,0.0027614160940471,0.0209214313101663,10084188403,regime-analysis-114,34292357319,2026-09-09T01:23:02Z,2026-09-09T01:23:02Z,2026-10-09T01:23:01Z,2128019
origin_market_breadth_20d,"(0.0466, 0.476]",7052,0.5354509359047079,0.0045890018346745,0.0049987525401517,0.0058279843057008,0.0217257795645676,10084188403,regime-analysis-114,34292357319,2026-09-09T01:23:02Z,2026-09-09T01:23:02Z,2026-10-09T01:23:01Z,2128019
origin_market_breadth_20d,"(0.476, 0.667]",6363,0.5113939965425114,0.0024801587521845,0.0025888609411518,0.0036514733290869,0.0192663210444664,10084188403,regime-analysis-114,34292357319,2026-09-09T01:23:02Z,2026-09-09T01:23:02Z,2026-10-09T01:23:01Z,2128019
origin_market_breadth_20d,"(0.667, 0.81]",4809,0.5396132252027449,0.002540055077968,0.0021712465872003,0.0029723615594636,0.0201690480765024,10084188403,regime-analysis-114,34292357319,2026-09-09T01:23:02Z,2026-09-09T01:23:02Z,2026-10-09T01:23:01Z,2128019
origin_market_breadth_20d,"(0.81, 1.0]",5901,0.4670394848330791,0.0028673338299898,0.0065418640618694,0.0006126609112427,0.0196033375940773,10084188403,regime-analysis-114,34292357319,2026-09-09T01:23:02Z,2026-09-09T01:23:02Z,2026-10-09T01:23:01Z,2128019
origin_market_breadth_252d,"(0.809, 0.905]",7613,0.4312360436096151,0.001280758555928,0.0051256767031289,-0.0019616964260276,0.0188421815896185,10084188403,regime-analysis-114,34292357319,2026-09-09T01:23:02Z,2026-09-09T01:23:02Z,2026-10-09T01:23:01Z,2128019
origin_market_breadth_252d,"(0.905, 0.952]",5592,0.545958512160229,0.0045163483405433,0.0043961966845682,0.0060868559189915,0.0185784230593287,10084188403,regime-analysis-114,34292357319,2026-09-09T01:23:02Z,2026-09-09T01:23:02Z,2026-10-09T01:23:01Z,2128019
origin_market_breadth_252d,"(0.952, 1.0]",10920,0.5535714285714286,0.0038710913985709,0.0034032858193783,0.0057819931763584,0.0220822321839093,10084188403,regime-analysis-114,34292357319,2026-09-09T01:23:02Z,2026-09-09T01:23:02Z,2026-10-09T01:23:01Z,2128019
origin_market_breadth_above_sma200,"(0.523, 0.81]",6905,0.520492396813903,0.0036759481469307,0.003698808974888,0.0045638059175641,0.020313684977202,10084188403,regime-analysis-114,34292357319,2026-09-09T01:23:02Z,2026-09-09T01:23:02Z,2026-10-09T01:23:01Z,2128019
origin_market_breadth_above_sma200,"(0.81, 0.952]",5670,0.4599647266313933,-0.0010555730056054,-0.0020411437241631,0.0041730709396266,0.0228547880741507,10084188403,regime-analysis-114,34292357319,2026-09-09T01:23:02Z,2026-09-09T01:23:02Z,2026-10-09T01:23:01Z,2128019
origin_market_breadth_above_sma200,"(0.952, 1.0]",11550,0.534978354978355,0.0050113272611445,0.0075153418781853,0.0023435737493527,0.0189282599558274,10084188403,regime-analysis-114,34292357319,2026-09-09T01:23:02Z,2026-09-09T01:23:02Z,2026-10-09T01:23:01Z,2128019
origin_cross_asset_daily_volatility,"(0.0015400000000000001, 0.00837]",6127,0.482617920678962,0.002643232274739,0.0053873163132779,0.0010778520702998,0.0198899834507575,10084188403,regime-analysis-114,34292357319,2026-09-09T01:23:02Z,2026-09-09T01:23:02Z,2026-10-09T01:23:01Z,2128019
origin_cross_asset_daily_volatility,"(0.00837, 0.0114]",5964,0.4874245472837022,0.0018982342441023,0.0026101011080004,0.0025178154935863,0.0196679492142845,10084188403,regime-analysis-114,34292357319,2026-09-09T01:23:02Z,2026-09-09T01:23:02Z,2026-10-09T01:23:01Z,2128019
origin_cross_asset_daily_volatility,"(0.0114, 0.0157]",6022,0.5051477914314181,0.0017478780855996,0.0019914406755384,0.0052206085632916,0.0207610763932379,10084188403,regime-analysis-114,34292357319,2026-09-09T01:23:02Z,2026-09-09T01:23:02Z,2026-10-09T01:23:01Z,2128019
origin_cross_asset_daily_volatility,"(0.0157, 0.0647]",6012,0.5780106453759148,0.0065263269907451,0.0066869600700226,0.0048542769272902,0.0206728652496604,10084188403,regime-analysis-114,34292357319,2026-09-09T01:23:02Z,2026-09-09T01:23:02Z,2026-10-09T01:23:01Z,2128019
origin_cross_asset_return_20d_dispersion,"(0.0172, 0.0446]",6075,0.5127572016460905,0.0033416465848086,0.0055868630398279,0.0030496164605357,0.0180040803651871,10084188403,regime-analysis-114,34292357319,2026-09-09T01:23:02Z,2026-09-09T01:23:02Z,2026-10-09T01:23:01Z,2128019
origin_cross_asset_return_20d_dispersion,"(0.0446, 0.0572]",6001,0.4885852357940343,0.0002227180746811,0.0019308118954756,0.0022295247318668,0.020509236568869,10084188403,regime-analysis-114,34292357319,2026-09-09T01:23:02Z,2026-09-09T01:23:02Z,2026-10-09T01:23:01Z,2128019
origin_cross_asset_return_20d_dispersion,"(0.0572, 0.0702]",6085,0.4703368940016434,0.0024269004131201,0.0040729421292047,0.0025470776723612,0.021586120424501,10084188403,regime-analysis-114,34292357319,2026-09-09T01:23:02Z,2026-09-09T01:23:02Z,2026-10-09T01:23:01Z,2128019
origin_cross_asset_return_20d_dispersion,"(0.0702, 0.157]",5964,0.5821596244131455,0.0068533584333137,0.0051070324850306,0.005841365416412,0.020904055329718,10084188403,regime-analysis-114,34292357319,2026-09-09T01:23:02Z,2026-09-09T01:23:02Z,2026-10-09T01:23:01Z,2128019
origin_vix_market,"(13.469000000000001, 15.86]",6085,0.5314708299096138,0.0041520091805608,0.0055133462429254,0.0029324805946256,0.0180564203194382,10037317268,regime-analysis-113,34171829724,2026-09-08T01:18:24Z,2026-09-08T01:18:24Z,2026-10-08T01:18:23Z,2186636
origin_vix_market,"(15.86, 17.17]",6017,0.4911085258434435,0.0017479182066947,0.0024625126720259,0.002694400957179,0.0201762983180016,10037317268,regime-analysis-113,34171829724,2026-09-08T01:18:24Z,2026-09-08T01:18:24Z,2026-10-08T01:18:23Z,2186636
origin_vix_market,"(17.17, 19.08]",5996,0.4968312208138759,0.0030589036011604,0.0039757143068843,0.0037215224167486,0.0218090474152988,10037317268,regime-analysis-113,34171829724,2026-09-08T01:18:24Z,2026-09-08T01:18:24Z,2026-10-08T01:18:23Z,2186636
origin_vix_market,"(19.08, 31.05]",6027,0.4944416791106686,0.0030340672052229,0.0043944524849622,0.0058856281640792,0.0215635208554869,10037317268,regime-analysis-113,34171829724,2026-09-08T01:18:24Z,2026-09-08T01:18:24Z,2026-10-08T01:18:23Z,2186636
origin_vix_change_1d,"(-5.361000000000001, -0.69]",6148,0.4969095640858816,0.0023011899940604,0.0036335790661351,0.0054933168459456,0.0201689222763663,10037317268,regime-analysis-113,34171829724,2026-09-08T01:18:24Z,2026-09-08T01:18:24Z,2026-10-08T01:18:23Z,2186636
origin_vix_change_1d,"(-0.69, -0.12]",6164,0.5009733939000649,0.0029423259100765,0.00381460237616,0.0025994986517085,0.0204674212251181,10037317268,regime-analysis-113,34171829724,2026-09-08T01:18:24Z,2026-09-08T01:18:24Z,2026-10-08T01:18:23Z,2186636
origin_vix_change_1d,"(-0.12, 0.65]",5854,0.5316023231978134,0.0041765419959073,0.0050006253295652,0.002942680967929,0.0196785999286841,10037317268,regime-analysis-113,34171829724,2026-09-08T01:18:24Z,2026-09-08T01:18:24Z,2026-10-08T01:18:23Z,2186636
origin_vix_change_1d,"(0.65, 6.11]",5959,0.4854841416345024,0.0026306458994117,0.0039542347578793,0.0041652304563034,0.0212529368270018,10037317268,regime-analysis-113,34171829724,2026-09-08T01:18:24Z,2026-09-08T01:18:24Z,2026-10-08T01:18:23Z,2186636
origin_vix_change_5d,"(-10.071, -1.26]",6127,0.495674881671291,0.0024916793013593,0.0017598227622547,0.0048192515824279,0.0204875683084187,10037317268,regime-analysis-113,34171829724,2026-09-08T01:18:24Z,2026-09-08T01:18:24Z,2026-10-08T01:18:23Z,2186636
origin_vix_change_5d,"(-1.26, 0.18]",6022,0.4855529724344071,0.001409314481875,0.0032991243307279,0.0019006044797753,0.0212152627918479,10037317268,regime-analysis-113,34171829724,2026-09-08T01:18:24Z,2026-09-08T01:18:24Z,2026-10-08T01:18:23Z,2186636
origin_vix_change_5d,"(0.18, 1.24]",6059,0.4992573031853441,0.0022770023094275,0.0035570250875926,0.0039959232786504,0.0202454905472187,10037317268,regime-analysis-113,34171829724,2026-09-08T01:18:24Z,2026-09-08T01:18:24Z,2026-10-08T01:18:23Z,2186636
origin_vix_change_5d,"(1.24, 9.63]",5917,0.5343924285955721,0.0058914890771894,0.0078566204084883,0.0045054910537919,0.019613219931986,10037317268,regime-analysis-113,34171829724,2026-09-08T01:18:24Z,2026-09-08T01:18:24Z,2026-10-08T01:18:23Z,2186636
origin_vix_change_20d,"(-13.030999999999999, -2.02]",6043,0.5470792652655966,0.0035908308730941,0.0032284062704894,0.0033364368049475,0.0207166036656832,10037317268,regime-analysis-113,34171829724,2026-09-08T01:18:24Z,2026-09-08T01:18:24Z,2026-10-08T01:18:23Z,2186636
origin_vix_change_20d,"(-2.02, 0.14]",6064,0.5136873350923483,0.0036430220834577,0.0042486485602546,0.002240383824874,0.018039115368415,10037317268,regime-analysis-113,34171829724,2026-09-08T01:18:24Z,2026-09-08T01:18:24Z,2026-10-08T01:18:23Z,2186636
origin_vix_change_20d,"(0.14, 2.31]",5991,0.4526790185277917,0.0025947544282282,0.0060587981369659,0.002621082863568,0.0212373722685749,10037317268,regime-analysis-113,34171829724,2026-09-08T01:18:24Z,2026-09-08T01:18:24Z,2026-10-08T01:18:23Z,2186636
origin_vix_change_20d,"(2.31, 11.19]",6027,0.5002488800398208,0.002169214881719,0.0028402314826966,0.0070337816113163,0.0216014209912932,10037317268,regime-analysis-113,34171829724,2026-09-08T01:18:24Z,2026-09-08T01:18:24Z,2026-10-08T01:18:23Z,2186636
origin_vix_pct_change_1d,"(-0.185, -0.0411]",6085,0.4930156121610518,0.002236697142589,0.0038405053547268,0.0054150266612459,0.0200274405316637,10037317268,regime-analysis-113,34171829724,2026-09-08T01:18:24Z,2026-09-08T01:18:24Z,2026-10-08T01:18:23Z,2186636
origin_vix_pct_change_1d,"(-0.0411, -0.00667]",6017,0.5090576699351836,0.0033415324704082,0.0039745833564303,0.002460451740598,0.0204731625165282,10037317268,regime-analysis-113,34171829724,2026-09-08T01:18:24Z,2026-09-08T01:18:24Z,2026-10-08T01:18:23Z,2186636
origin_vix_pct_change_1d,"(-0.00667, 0.0427]",6064,0.5069261213720316,0.0024369155449156,0.0033774143609996,0.0029662137445609,0.0203897959207053,10037317268,regime-analysis-113,34171829724,2026-09-08T01:18:24Z,2026-09-08T01:18:24Z,2026-10-08T01:18:23Z,2186636
origin_vix_pct_change_1d,"(0.0427, 0.397]",5959,0.5052861218325222,0.0040134166639306,0.005189497385882,0.0043801290198852,0.0206925283035858,10037317268,regime-analysis-113,34171829724,2026-09-08T01:18:24Z,2026-09-08T01:18:24Z,2026-10-08T01:18:23Z,2186636
origin_vix_pct_change_5d,"(-0.382, -0.0755]",6043,0.4886645705775277,0.0021897711516812,0.0014477415281343,0.00477177464903,0.0205071281276878,10037317268,regime-analysis-113,34171829724,2026-09-08T01:18:24Z,2026-09-08T01:18:24Z,2026-10-08T01:18:23Z,2186636
origin_vix_pct_change_5d,"(-0.0755, 0.00957]",6106,0.5036030134294137,0.0020524832692158,0.0038310962577246,0.0021559482163343,0.0211249620168468,10037317268,regime-analysis-113,34171829724,2026-09-08T01:18:24Z,2026-09-08T01:18:24Z,2026-10-08T01:18:23Z,2186636
origin_vix_pct_change_5d,"(0.00957, 0.0772]",6038,0.4831069890692282,0.0015518928429453,0.0028729678702662,0.0036685344086331,0.0204258069639027,10037317268,regime-analysis-113,34171829724,2026-09-08T01:18:24Z,2026-09-08T01:18:24Z,2026-10-08T01:18:23Z,2186636
origin_vix_pct_change_5d,"(0.0772, 0.54]",5938,0.5394072078140788,0.0062772195780879,0.0082857936917947,0.0046636274100743,0.0194947587273189,10037317268,regime-analysis-113,34171829724,2026-09-08T01:18:24Z,2026-09-08T01:18:24Z,2026-10-08T01:18:23Z,2186636
origin_vix_pct_change_20d,"(-0.437, -0.107]",6043,0.5384742677478074,0.0039659376059227,0.0042986114595263,0.0030796065138735,0.0202419824614772,10037317268,regime-analysis-113,34171829724,2026-09-08T01:18:24Z,2026-09-08T01:18:24Z,2026-10-08T01:18:23Z,2186636
origin_vix_pct_change_20d,"(-0.107, 0.0086]",6064,0.5222625329815304,0.0032692143680087,0.0031821495567339,0.002496324697064,0.0185120929305879,10037317268,regime-analysis-113,34171829724,2026-09-08T01:18:24Z,2026-09-08T01:18:24Z,2026-10-08T01:18:23Z,2186636
origin_vix_pct_change_20d,"(0.0086, 0.15]",6012,0.4469394544244843,0.0027090899702265,0.0061552873853606,0.0025369805023302,0.020966542975574,10037317268,regime-analysis-113,34171829724,2026-09-08T01:18:24Z,2026-09-08T01:18:24Z,2026-10-08T01:18:23Z,2186636
origin_vix_pct_change_20d,"(0.15, 0.612]",6006,0.5061605061605061,0.0020532772178878,0.0027323921118859,0.0071333970074975,0.0218737937406603,10037317268,regime-analysis-113,34171829724,2026-09-08T01:18:24Z,2026-09-08T01:18:24Z,2026-10-08T01:18:23Z,2186636
origin_vix_distance_ma20,"(-0.255, -0.0811]",6111,0.5462281132384225,0.0037482436351391,0.0036056096958575,0.0028405880161749,0.0184392222330974,10037317268,regime-analysis-113,34171829724,2026-09-08T01:18:24Z,2026-09-08T01:18:24Z,2026-10-08T01:18:23Z,2186636
origin_vix_distance_ma20,"(-0.0811, -0.00956]",5959,0.5158583654975667,0.0037273903632247,0.0032431164999932,0.0034453572141343,0.020641617738359,10037317268,regime-analysis-113,34171829724,2026-09-08T01:18:24Z,2026-09-08T01:18:24Z,2026-10-08T01:18:23Z,2186636
origin_vix_distance_ma20,"(-0.00956, 0.0685]",6101,0.4459924602524176,-2.849650283407173e-05,0.0031807257376827,0.0033420338447609,0.0212941642800186,10037317268,regime-analysis-113,34171829724,2026-09-08T01:18:24Z,2026-09-08T01:18:24Z,2026-10-08T01:18:23Z,2186636
origin_vix_distance_ma20,"(0.0685, 0.447]",5954,0.5063822640241854,0.0046131222517351,0.006369529550937,0.0056371882500194,0.0212299814712152,10037317268,regime-analysis-113,34171829724,2026-09-08T01:18:24Z,2026-09-08T01:18:24Z,2026-10-08T01:18:23Z,2186636
origin_vix_trend_ma,"(-0.224, -0.0685]",6069,0.5508320975449004,0.0049395149068533,0.0049810436675786,0.0017920287162087,0.0192433783275293,10037317268,regime-analysis-113,34171829724,2026-09-08T01:18:24Z,2026-09-08T01:18:24Z,2026-10-08T01:18:23Z,2186636
origin_vix_trend_ma,"(-0.0685, 0.00107]",6085,0.5158586688578471,0.0026815717068353,0.0023799043214311,0.0031623437235421,0.0189544778959718,10037317268,regime-analysis-113,34171829724,2026-09-08T01:18:24Z,2026-09-08T01:18:24Z,2026-10-08T01:18:23Z,2186636
origin_vix_trend_ma,"(0.00107, 0.059]",6012,0.4241516966067864,-0.000390738176938,0.0036460467330863,0.0035236655219261,0.0217229559081097,10037317268,regime-analysis-113,34171829724,2026-09-08T01:18:24Z,2026-09-08T01:18:24Z,2026-10-08T01:18:23Z,2186636
origin_vix_trend_ma,"(0.059, 0.24]",5959,0.5229065279409297,0.0047765643339147,0.00537971034955,0.0068032091591088,0.0216949188009782,10037317268,regime-analysis-113,34171829724,2026-09-08T01:18:24Z,2026-09-08T01:18:24Z,2026-10-08T01:18:23Z,2186636
origin_vix_percentile_252,"(0.0029699999999999996, 0.262]",6211,0.5250362260505554,0.003731567057153,0.0044687242045124,0.0028099343169855,0.0181919466446173,10037317268,regime-analysis-113,34171829724,2026-09-08T01:18:24Z,2026-09-08T01:18:24Z,2026-10-08T01:18:23Z,2186636
origin_vix_percentile_252,"(0.262, 0.504]",6101,0.5074577938042943,0.0021630558449474,0.0028253482339053,0.0029889053905987,0.0199467521222284,10037317268,regime-analysis-113,34171829724,2026-09-08T01:18:24Z,2026-09-08T01:18:24Z,2026-10-08T01:18:23Z,2186636
origin_vix_percentile_252,"(0.504, 0.706]",5807,0.4818322713965903,0.0029878086860839,0.004849097990538,0.0031574085262341,0.0220745043280522,10037317268,regime-analysis-113,34171829724,2026-09-08T01:18:24Z,2026-09-08T01:18:24Z,2026-10-08T01:18:23Z,2186636
origin_vix_percentile_252,"(0.706, 0.968]",6006,0.4983349983349983,0.0031112116233334,0.0042520797712937,0.0062971027623529,0.0215005879422104,10037317268,regime-analysis-113,34171829724,2026-09-08T01:18:24Z,2026-09-08T01:18:24Z,2026-10-08T01:18:23Z,2186636
origin_spy_return_5d,"(-0.0392, -0.00857]",6127,0.5204831075567162,0.004065708165799,0.0050936737393202,0.0053918132514331,0.0208633518014845,10037317268,regime-analysis-113,34171829724,2026-09-08T01:18:24Z,2026-09-08T01:18:24Z,2026-10-08T01:18:23Z,2186636
origin_spy_return_5d,"(-0.00857, 0.00397]",6033,0.4690866898723686,0.0042406114358761,0.0079249519129841,0.0042384583453361,0.0208347076157068,10037317268,regime-analysis-113,34171829724,2026-09-08T01:18:24Z,2026-09-08T01:18:24Z,2026-10-08T01:18:23Z,2186636
origin_spy_return_5d,"(0.00397, 0.0134]",6006,0.510989010989011,0.0030624345983358,0.0041703143553181,0.0035422492658651,0.0196990879300662,10037317268,regime-analysis-113,34171829724,2026-09-08T01:18:24Z,2026-09-08T01:18:24Z,2026-10-08T01:18:23Z,2186636
origin_spy_return_5d,"(0.0134, 0.0553]",5959,0.5135089780164457,0.0005911266705378,-0.0009024472500691,0.0020074301482872,0.0201655015069838,10037317268,regime-analysis-113,34171829724,2026-09-08T01:18:24Z,2026-09-08T01:18:24Z,2026-10-08T01:18:23Z,2186636
origin_spy_return_20d,"(-0.0803, -0.00336]",6127,0.4765790762200098,0.0018138948977131,0.0022401549012224,0.0082180587807375,0.0225621821686757,10037317268,regime-analysis-113,34171829724,2026-09-08T01:18:24Z,2026-09-08T01:18:24Z,2026-10-08T01:18:23Z,2186636
origin_spy_return_20d,"(-0.00336, 0.0138]",5996,0.5470313542361575,0.0054548614119658,0.0063955558763703,0.0065037901811458,0.0196552762605997,10037317268,regime-analysis-113,34171829724,2026-09-08T01:18:24Z,2026-09-08T01:18:24Z,2026-10-08T01:18:23Z,2186636
origin_spy_return_20d,"(0.0138, 0.032]",5996,0.4734823215476985,0.0032186842495166,0.007163515109517,0.000963845626759,0.0189309739382978,10037317268,regime-analysis-113,34171829724,2026-09-08T01:18:24Z,2026-09-08T01:18:24Z,2026-10-08T01:18:23Z,2186636
origin_spy_return_20d,"(0.032, 0.128]",6006,0.5176490176490176,0.0015466858020803,0.0006100199859401,-0.0005469041159512,0.0203800943691781,10037317268,regime-analysis-113,34171829724,2026-09-08T01:18:24Z,2026-09-08T01:18:24Z,2026-10-08T01:18:23Z,2186636
origin_spy_return_60d,"(-0.078, 0.0229]",6111,0.5102274586810669,0.0003315403372854,0.0004811327143663,0.0067888550000697,0.0227787277751941,10037317268,regime-analysis-113,34171829724,2026-09-08T01:18:24Z,2026-09-08T01:18:24Z,2026-10-08T01:18:23Z,2186636
origin_spy_return_60d,"(0.0229, 0.0451]",6012,0.6274118429807053,0.0104340729917964,0.0110613547753158,0.0056498252763469,0.0179100934420478,10037317268,regime-analysis-113,34171829724,2026-09-08T01:18:24Z,2026-09-08T01:18:24Z,2026-10-08T01:18:23Z,2186636
origin_spy_return_60d,"(0.0451, 0.0744]",5975,0.4584100418410042,0.0033375964922922,0.0048152301378971,0.0022173673063726,0.0189820908806275,10037317268,regime-analysis-113,34171829724,2026-09-08T01:18:24Z,2026-09-08T01:18:24Z,2026-10-08T01:18:23Z,2186636
origin_spy_return_60d,"(0.0744, 0.162]",6027,0.4179525468724075,-0.0020388452161018,7.919889598480005e-05,0.0005211667846314,0.021853362021204,10037317268,regime-analysis-113,34171829724,2026-09-08T01:18:24Z,2026-09-08T01:18:24Z,2026-10-08T01:18:23Z,2186636
origin_spy_return_120d,"(-0.06, 0.0686]",6127,0.482617920678962,0.0022655404133774,0.0031624963526577,0.0056970951002792,0.021569329413947,10037317268,regime-analysis-113,34171829724,2026-09-08T01:18:24Z,2026-09-08T01:18:24Z,2026-10-08T01:18:23Z,2186636
origin_spy_return_120d,"(0.0686, 0.0987]",5944,0.5585464333781965,0.0058664567593156,0.0064414596292639,0.007933822483579,0.021851030148236,10037317268,regime-analysis-113,34171829724,2026-09-08T01:18:24Z,2026-09-08T01:18:24Z,2026-10-08T01:18:23Z,2186636
origin_spy_return_120d,"(0.0987, 0.137]",6111,0.5650466372115857,0.0036375016646506,0.0024776631883107,0.0038312162645472,0.019067339677993,10037317268,regime-analysis-113,34171829724,2026-09-08T01:18:24Z,2026-09-08T01:18:24Z,2026-10-08T01:18:23Z,2186636
origin_spy_return_120d,"(0.137, 0.342]",5943,0.4068652195860676,0.0002405773160048,0.0043553336385463,-0.002294131041743,0.0190890418692184,10037317268,regime-analysis-113,34171829724,2026-09-08T01:18:24Z,2026-09-08T01:18:24Z,2026-10-08T01:18:23Z,2186636
origin_spy_distance_sma50,"(-0.0693, 0.00286]",6080,0.5271381578947368,0.0049790519911341,0.0054353521635897,0.0084732399154039,0.021568999439056,10037317268,regime-analysis-113,34171829724,2026-09-08T01:18:24Z,2026-09-08T01:18:24Z,2026-10-08T01:18:23Z,2186636
origin_spy_distance_sma50,"(0.00286, 0.0174]",6075,0.5583539094650206,0.0042696481954018,0.0042216202113376,0.0073280036384206,0.0195212117038639,10037317268,regime-analysis-113,34171829724,2026-09-08T01:18:24Z,2026-09-08T01:18:24Z,2026-10-08T01:18:23Z,2186636
origin_spy_distance_sma50,"(0.0174, 0.0327]",5943,0.414437152953054,0.0008228875877863,0.0050771512513106,0.0008750774942533,0.0197128911966808,10037317268,regime-analysis-113,34171829724,2026-09-08T01:18:24Z,2026-09-08T01:18:24Z,2026-10-08T01:18:23Z,2186636
origin_spy_distance_sma50,"(0.0327, 0.0861]",6027,0.5123610419777667,0.0018763130785557,0.0016297668693689,-0.0015583577242467,0.0207598976354804,10037317268,regime-analysis-113,34171829724,2026-09-08T01:18:24Z,2026-09-08T01:18:24Z,2026-10-08T01:18:23Z,2186636
origin_spy_distance_sma200,"(-0.0461, 0.0643]",6059,0.4761511800627166,0.0024647899234402,0.003228684468394,0.0066983779336899,0.0224091594670511,10037317268,regime-analysis-113,34171829724,2026-09-08T01:18:24Z,2026-09-08T01:18:24Z,2026-10-08T01:18:23Z,2186636
origin_spy_distance_sma200,"(0.0643, 0.0872]",6033,0.513674788662357,0.0030607478869876,0.0045585864569873,0.005786801597183,0.0209851397180852,10037317268,regime-analysis-113,34171829724,2026-09-08T01:18:24Z,2026-09-08T01:18:24Z,2026-10-08T01:18:23Z,2186636
origin_spy_distance_sma200,"(0.0872, 0.101]",6090,0.5579638752052545,0.0060452746466786,0.0069581124138495,0.0035490214622544,0.0192128740854614,10037317268,regime-analysis-113,34171829724,2026-09-08T01:18:24Z,2026-09-08T01:18:24Z,2026-10-08T01:18:23Z,2186636
origin_spy_distance_sma200,"(0.101, 0.13]",5943,0.4654215042907622,0.0003692296828601,0.0015564433547668,-0.0008863372552226,0.0189496289434322,10037317268,regime-analysis-113,34171829724,2026-09-08T01:18:24Z,2026-09-08T01:18:24Z,2026-10-08T01:18:23Z,2186636
origin_spy_trend_ma50_200,"(0.0115, 0.0452]",6090,0.506568144499179,0.0024654438354805,0.0024781748884034,0.0019247333744712,0.0227758572817067,10037317268,regime-analysis-113,34171829724,2026-09-08T01:18:24Z,2026-09-08T01:18:24Z,2026-10-08T01:18:23Z,2186636
origin_spy_trend_ma50_200,"(0.0452, 0.0645]",5980,0.4434782608695652,0.0004899657538492,0.0015374137513679,0.0055882096811671,0.0203861777995252,10037317268,regime-analysis-113,34171829724,2026-09-08T01:18:24Z,2026-09-08T01:18:24Z,2026-10-08T01:18:23Z,2186636
origin_spy_trend_ma50_200,"(0.0645, 0.0795]",6070,0.4611202635914332,0.0016077030786585,0.0054086676353764,0.0036634592493258,0.0207282713704928,10037317268,regime-analysis-113,34171829724,2026-09-08T01:18:24Z,2026-09-08T01:18:24Z,2026-10-08T01:18:23Z,2186636
origin_spy_trend_ma50_200,"(0.0795, 0.0902]",5985,0.6035087719298246,0.0074697415034719,0.0069461932993208,0.0040880478773695,0.0176390262014541,10037317268,regime-analysis-113,34171829724,2026-09-08T01:18:24Z,2026-09-08T01:18:24Z,2026-10-08T01:18:23Z,2186636
origin_spy_volatility_20d,"(0.0557, 0.102]",6106,0.4736324926301998,0.0051150407502462,0.0087644139691762,0.0012460887250529,0.0198597974520276,10037317268,regime-analysis-113,34171829724,2026-09-08T01:18:24Z,2026-09-08T01:18:24Z,2026-10-08T01:18:23Z,2186636
origin_spy_volatility_20d,"(0.102, 0.125]",6059,0.52104307641525,0.0015995215202498,0.0014824799407449,0.0057470042467721,0.0217402228958723,10037317268,regime-analysis-113,34171829724,2026-09-08T01:18:24Z,2026-09-08T01:18:24Z,2026-10-08T01:18:23Z,2186636
origin_spy_volatility_20d,"(0.125, 0.14]",5996,0.4793195463642428,0.0006973115478601,0.0011762993889344,0.0040028745363611,0.0200608213814652,10037317268,regime-analysis-113,34171829724,2026-09-08T01:18:24Z,2026-09-08T01:18:24Z,2026-10-08T01:18:23Z,2186636
origin_spy_volatility_20d,"(0.14, 0.207]",5964,0.5407444668008048,0.0045782510058124,0.0048857226616218,0.004260954414317,0.0199080942907298,10037317268,regime-analysis-113,34171829724,2026-09-08T01:18:24Z,2026-09-08T01:18:24Z,2026-10-08T01:18:23Z,2186636
origin_spy_volatility_60d,"(0.0849, 0.111]",6069,0.3788103476684791,-0.0002450955482371,0.0040626152466499,-0.0010893608104234,0.0207446914088697,10037317268,regime-analysis-113,34171829724,2026-09-08T01:18:24Z,2026-09-08T01:18:24Z,2026-10-08T01:18:23Z,2186636
origin_spy_volatility_60d,"(0.111, 0.124]",6006,0.5386280386280387,0.0015711093659074,0.0016887317495776,0.0076423994708581,0.020105120636924,10037317268,regime-analysis-113,34171829724,2026-09-08T01:18:24Z,2026-09-08T01:18:24Z,2026-10-08T01:18:23Z,2186636
origin_spy_volatility_60d,"(0.124, 0.14]",6065,0.589282769991756,0.0077475793717116,0.0073004402163038,0.0075013701944822,0.0185668257161028,10037317268,regime-analysis-113,34171829724,2026-09-08T01:18:24Z,2026-09-08T01:18:24Z,2026-10-08T01:18:23Z,2186636
origin_spy_volatility_60d,"(0.14, 0.158]",5985,0.5079365079365079,0.0029193052452818,0.0032771418571366,0.0011793740418254,0.0221797507848603,10037317268,regime-analysis-113,34171829724,2026-09-08T01:18:24Z,2026-09-08T01:18:24Z,2026-10-08T01:18:23Z,2186636
origin_spy_vol_change_20d,"(-0.517, -0.286]",6054,0.5279154278163198,0.0087346504694498,0.0108677603132857,0.0040886376351537,0.0197159820590184,10037317268,regime-analysis-113,34171829724,2026-09-08T01:18:24Z,2026-09-08T01:18:24Z,2026-10-08T01:18:23Z,2186636
origin_spy_vol_change_20d,"(-0.286, 0.00464]",6059,0.468064036969797,0.0006369770044179,0.002688040376666,0.0020457822182991,0.0206670760640938,10037317268,regime-analysis-113,34171829724,2026-09-08T01:18:24Z,2026-09-08T01:18:24Z,2026-10-08T01:18:23Z,2186636
origin_spy_vol_change_20d,"(0.00464, 0.255]",6048,0.5109126984126984,0.0015471458625447,0.0018568062535362,0.005922761921619,0.0203645670917052,10037317268,regime-analysis-113,34171829724,2026-09-08T01:18:24Z,2026-09-08T01:18:24Z,2026-10-08T01:18:23Z,2186636
origin_spy_vol_change_20d,"(0.255, 1.673]",5964,0.5073775989268947,0.0010586104901649,0.0009019411379087,0.0031647239315101,0.0208345442811995,10037317268,regime-analysis-113,34171829724,2026-09-08T01:18:24Z,2026-09-08T01:18:24Z,2026-10-08T01:18:23Z,2186636
origin_market_breadth_20d,"(0.0466, 0.476]",7052,0.4920589903573454,0.0037388679603517,0.0046670250863775,0.0070717258401249,0.0220654554815122,10037317268,regime-analysis-113,34171829724,2026-09-08T01:18:24Z,2026-09-08T01:18:24Z,2026-10-08T01:18:23Z,2186636
origin_market_breadth_20d,"(0.476, 0.667]",6363,0.4947351878044947,0.0020081524650113,0.0026818782283175,0.0037333202665589,0.0196051377642483,10037317268,regime-analysis-113,34171829724,2026-09-08T01:18:24Z,2026-09-08T01:18:24Z,2026-10-08T01:18:23Z,2186636
origin_market_breadth_20d,"(0.667, 0.81]",4725,0.5576719576719577,0.003062403136574,0.0021668863148625,0.0033282284123322,0.0202654940314712,10037317268,regime-analysis-113,34171829724,2026-09-08T01:18:24Z,2026-09-08T01:18:24Z,2026-10-08T01:18:23Z,2186636
origin_market_breadth_20d,"(0.81, 1.0]",5985,0.4837092731829573,0.0031404315689643,0.0064284392369393,0.0004164540692444,0.0193645697866519,10037317268,regime-analysis-113,34171829724,2026-09-08T01:18:24Z,2026-09-08T01:18:24Z,2026-10-08T01:18:23Z,2186636
origin_market_breadth_252d,"(0.809, 0.905]",7634,0.4605711291590254,0.0024800297187261,0.0054342736099036,-0.0010061061229802,0.0182728722484174,10037317268,regime-analysis-113,34171829724,2026-09-08T01:18:24Z,2026-09-08T01:18:24Z,2026-10-08T01:18:23Z,2186636
origin_market_breadth_252d,"(0.905, 0.952]",5592,0.530937052932761,0.003725568825283,0.0040331078091129,0.0073883398159661,0.0195808416778786,10037317268,regime-analysis-113,34171829724,2026-09-08T01:18:24Z,2026-09-08T01:18:24Z,2026-10-08T01:18:23Z,2186636
origin_market_breadth_252d,"(0.952, 1.0]",10899,0.5195889531149647,0.0029951170757035,0.0031792838921151,0.0053407011859182,0.0222968455559439,10037317268,regime-analysis-113,34171829724,2026-09-08T01:18:24Z,2026-09-08T01:18:24Z,2026-10-08T01:18:23Z,2186636
origin_market_breadth_above_sma200,"(0.523, 0.81]",6800,0.4913235294117647,0.0031261832171056,0.0040507123488211,0.0053675356942114,0.0208269579132298,10037317268,regime-analysis-113,34171829724,2026-09-08T01:18:24Z,2026-09-08T01:18:24Z,2026-10-08T01:18:23Z,2186636
origin_market_breadth_above_sma200,"(0.81, 0.952]",5670,0.4435626102292769,-0.0015411793610555,-0.0022312177980667,0.0025519901960769,0.0229962330392422,10037317268,regime-analysis-113,34171829724,2026-09-08T01:18:24Z,2026-09-08T01:18:24Z,2026-10-08T01:18:23Z,2186636
origin_market_breadth_above_sma200,"(0.952, 1.0]",11655,0.5398541398541399,0.0051385799959415,0.0071896662110494,0.0035070147748588,0.0188753786339667,10037317268,regime-analysis-113,34171829724,2026-09-08T01:18:24Z,2026-09-08T01:18:24Z,2026-10-08T01:18:23Z,2186636
origin_cross_asset_daily_volatility,"(0.0015400000000000001, 0.00834]",6043,0.4757570743008439,0.0027368638303764,0.0056620794386821,0.0010741136625454,0.019734592600686,10037317268,regime-analysis-113,34171829724,2026-09-08T01:18:24Z,2026-09-08T01:18:24Z,2026-10-08T01:18:23Z,2186636
origin_cross_asset_daily_volatility,"(0.00834, 0.0113]",6027,0.4824954371992699,0.0020079422571956,0.0026395463764538,0.0032772318302251,0.0202198381634056,10037317268,regime-analysis-113,34171829724,2026-09-08T01:18:24Z,2026-09-08T01:18:24Z,2026-10-08T01:18:23Z,2186636
origin_cross_asset_daily_volatility,"(0.0113, 0.0157]",6127,0.4922474294108046,0.0013324758849776,0.0013471191057409,0.0050713000665807,0.0207079446044332,10037317268,regime-analysis-113,34171829724,2026-09-08T01:18:24Z,2026-09-08T01:18:24Z,2026-10-08T01:18:23Z,2186636
origin_cross_asset_daily_volatility,"(0.0157, 0.0647]",5928,0.5649460188933874,0.0060062234975523,0.0068001194208855,0.0058246767412119,0.0209186587100531,10037317268,regime-analysis-113,34171829724,2026-09-08T01:18:24Z,2026-09-08T01:18:24Z,2026-10-08T01:18:23Z,2186636
origin_cross_asset_return_20d_dispersion,"(0.0172, 0.0446]",6054,0.5037991410637594,0.003372216722042,0.0056058556294574,0.0032047882250931,0.0187485483545289,10037317268,regime-analysis-113,34171829724,2026-09-08T01:18:24Z,2026-09-08T01:18:24Z,2026-10-08T01:18:23Z,2186636
origin_cross_asset_return_20d_dispersion,"(0.0446, 0.0572]",6085,0.4928512736236647,0.0009952509624869,0.0019119745562798,0.0036609449459661,0.0197116762839172,10037317268,regime-analysis-113,34171829724,2026-09-08T01:18:24Z,2026-09-08T01:18:24Z,2026-10-08T01:18:23Z,2186636
origin_cross_asset_return_20d_dispersion,"(0.0572, 0.0702]",6022,0.4480239123214878,0.0024047173702212,0.004316940527708,0.0027856810723821,0.0212632359402262,10037317268,regime-analysis-113,34171829724,2026-09-08T01:18:24Z,2026-09-08T01:18:24Z,2026-10-08T01:18:23Z,2186636
origin_cross_asset_return_20d_dispersion,"(0.0702, 0.157]",5964,0.5702548625083836,0.0052744799809496,0.0045473788955685,0.0055984699873525,0.0218826331930504,10037317268,regime-analysis-113,34171829724,2026-09-08T01:18:24Z,2026-09-08T01:18:24Z,2026-10-08T01:18:23Z,2186636
origin_vix_market,"(13.469000000000001, 15.86]",6085,0.5401807723911257,0.0041989792794083,0.0055133462429254,0.0027115062041635,0.0182613633892632,9959998180,regime-analysis-112,33930550708,2026-09-05T01:12:51Z,2026-09-05T01:12:51Z,2026-10-05T01:12:50Z,2190631
origin_vix_market,"(15.86, 17.17]",6017,0.488449393385408,0.0017471402395719,0.0024625126720259,0.002642862855855,0.0202541869446914,9959998180,regime-analysis-112,33930550708,2026-09-05T01:12:51Z,2026-09-05T01:12:51Z,2026-10-05T01:12:50Z,2190631
origin_vix_market,"(17.17, 19.08]",5996,0.5086724482988659,0.0029211327619675,0.0039757143068843,0.004490818816675,0.0217940478837077,9959998180,regime-analysis-112,33930550708,2026-09-05T01:12:51Z,2026-09-05T01:12:51Z,2026-10-05T01:12:50Z,2190631
origin_vix_market,"(19.08, 31.05]",6027,0.4786792765886842,0.0026176651928835,0.0043944524849622,0.0080920627160203,0.0226123926170069,9959998180,regime-analysis-112,33930550708,2026-09-05T01:12:51Z,2026-09-05T01:12:51Z,2026-10-05T01:12:50Z,2190631
origin_vix_change_1d,"(-5.361000000000001, -0.69]",6148,0.4869876382563435,0.0020304492714352,0.0036335790661351,0.0058487210221155,0.0206411989685358,9959998180,regime-analysis-112,33930550708,2026-09-05T01:12:51Z,2026-09-05T01:12:51Z,2026-10-05T01:12:50Z,2190631
origin_vix_change_1d,"(-0.69, -0.12]",6164,0.5223880597014925,0.0030068251107853,0.00381460237616,0.0028518322850566,0.0202645407746545,9959998180,regime-analysis-112,33930550708,2026-09-05T01:12:51Z,2026-09-05T01:12:51Z,2026-10-05T01:12:50Z,2190631
origin_vix_change_1d,"(-0.12, 0.65]",5854,0.5331397335155449,0.0040526458530202,0.0050006253295652,0.0039088354933908,0.0203256749455218,9959998180,regime-analysis-112,33930550708,2026-09-05T01:12:51Z,2026-09-05T01:12:51Z,2026-10-05T01:12:50Z,2190631
origin_vix_change_1d,"(0.65, 6.11]",5959,0.4742406444034234,0.0024523663312173,0.0039542347578793,0.00531640856568,0.0216735389761158,9959998180,regime-analysis-112,33930550708,2026-09-05T01:12:51Z,2026-09-05T01:12:51Z,2026-10-05T01:12:50Z,2190631
origin_vix_change_5d,"(-10.071, -1.26]",6127,0.485555736902236,0.0018745637462279,0.0017598227622547,0.0051200240051539,0.0207220422893862,9959998180,regime-analysis-112,33930550708,2026-09-05T01:12:51Z,2026-09-05T01:12:51Z,2026-10-05T01:12:50Z,2190631
origin_vix_change_5d,"(-1.26, 0.18]",6022,0.4928595151112587,0.001514066737982,0.0032991243307279,0.0020293953236647,0.0213884349382157,9959998180,regime-analysis-112,33930550708,2026-09-05T01:12:51Z,2026-09-05T01:12:51Z,2026-10-05T01:12:50Z,2190631
origin_vix_change_5d,"(0.18, 1.24]",6059,0.5136161082686912,0.0025402338669697,0.0035570250875926,0.0046339530260937,0.0207097718376398,9959998180,regime-analysis-112,33930550708,2026-09-05T01:12:51Z,2026-09-05T01:12:51Z,2026-10-05T01:12:50Z,2190631
origin_vix_change_5d,"(1.24, 9.63]",5917,0.5249281730606726,0.0056381059533097,0.0078566204084883,0.0061569892794428,0.0200618936308979,9959998180,regime-analysis-112,33930550708,2026-09-05T01:12:51Z,2026-09-05T01:12:51Z,2026-10-05T01:12:50Z,2190631
origin_vix_change_20d,"(-13.030999999999999, -2.02]",6043,0.5598212808207844,0.0036339399346276,0.0032284062704894,0.0046323388639128,0.0207480363020424,9959998180,regime-analysis-112,33930550708,2026-09-05T01:12:51Z,2026-09-05T01:12:51Z,2026-10-05T01:12:50Z,2190631
origin_vix_change_20d,"(-2.02, 0.14]",6064,0.5183047493403694,0.0034458642723469,0.0042486485602546,0.0021151525573413,0.0182004490360489,9959998180,regime-analysis-112,33930550708,2026-09-05T01:12:51Z,2026-09-05T01:12:51Z,2026-10-05T01:12:50Z,2190631
origin_vix_change_20d,"(0.14, 2.31]",5991,0.4505090969788015,0.0024866496052704,0.0060587981369659,0.002566036681591,0.0217017886625523,9959998180,regime-analysis-112,33930550708,2026-09-05T01:12:51Z,2026-09-05T01:12:51Z,2026-10-05T01:12:50Z,2190631
origin_vix_change_20d,"(2.31, 11.19]",6027,0.4871411979425917,0.0019249998568653,0.0028402314826966,0.0086123773101871,0.0222645625150312,9959998180,regime-analysis-112,33930550708,2026-09-05T01:12:51Z,2026-09-05T01:12:51Z,2026-10-05T01:12:50Z,2190631
origin_vix_pct_change_1d,"(-0.185, -0.0411]",6085,0.4759244042728019,0.0019019096389852,0.0038405053547268,0.0055076735930246,0.0205338012236939,9959998180,regime-analysis-112,33930550708,2026-09-05T01:12:51Z,2026-09-05T01:12:51Z,2026-10-05T01:12:50Z,2190631
origin_vix_pct_change_1d,"(-0.0411, -0.00667]",6017,0.5381419311949477,0.0034695432847506,0.0039745833564303,0.0030849656821247,0.0203032089451447,9959998180,regime-analysis-112,33930550708,2026-09-05T01:12:51Z,2026-09-05T01:12:51Z,2026-10-05T01:12:50Z,2190631
origin_vix_pct_change_1d,"(-0.00667, 0.0427]",6064,0.5089050131926122,0.0023452760297694,0.0033774143609996,0.0038989674734538,0.0208870473425839,9959998180,regime-analysis-112,33930550708,2026-09-05T01:12:51Z,2026-09-05T01:12:51Z,2026-10-05T01:12:50Z,2190631
origin_vix_pct_change_1d,"(0.0427, 0.397]",5959,0.4935391844269172,0.0038066782938207,0.005189497385882,0.0054337408270396,0.0211747267542785,9959998180,regime-analysis-112,33930550708,2026-09-05T01:12:51Z,2026-09-05T01:12:51Z,2026-10-05T01:12:50Z,2190631
origin_vix_pct_change_5d,"(-0.382, -0.0755]",6043,0.4784047658447791,0.0015640774554558,0.0014477415281343,0.0050128726125177,0.0207648279855966,9959998180,regime-analysis-112,33930550708,2026-09-05T01:12:51Z,2026-09-05T01:12:51Z,2026-10-05T01:12:50Z,2190631
origin_vix_pct_change_5d,"(-0.0755, 0.00957]",6106,0.5109728136259417,0.0021863375253482,0.0038310962577246,0.0023588207378129,0.0212712123804062,9959998180,regime-analysis-112,33930550708,2026-09-05T01:12:51Z,2026-09-05T01:12:51Z,2026-10-05T01:12:50Z,2190631
origin_vix_pct_change_5d,"(0.00957, 0.0772]",6038,0.4971844981782047,0.0017848106974635,0.0028729678702662,0.0043624081824746,0.020910159570618,9959998180,regime-analysis-112,33930550708,2026-09-05T01:12:51Z,2026-09-05T01:12:51Z,2026-10-05T01:12:50Z,2190631
origin_vix_pct_change_5d,"(0.0772, 0.54]",5938,0.5301448299090603,0.0060250804834268,0.0082857936917947,0.0062417419066925,0.0199279923685036,9959998180,regime-analysis-112,33930550708,2026-09-05T01:12:51Z,2026-09-05T01:12:51Z,2026-10-05T01:12:50Z,2190631
origin_vix_pct_change_20d,"(-0.437, -0.107]",6043,0.5512162833029952,0.0040226678809708,0.0042986114595263,0.0044021725233372,0.0203386022113339,9959998180,regime-analysis-112,33930550708,2026-09-05T01:12:51Z,2026-09-05T01:12:51Z,2026-10-05T01:12:50Z,2190631
origin_vix_pct_change_20d,"(-0.107, 0.0086]",6064,0.5268799472295514,0.0030584825144723,0.0031821495567339,0.0023445218179116,0.0186084652316544,9959998180,regime-analysis-112,33930550708,2026-09-05T01:12:51Z,2026-09-05T01:12:51Z,2026-10-05T01:12:50Z,2190631
origin_vix_pct_change_20d,"(0.0086, 0.15]",6012,0.4444444444444444,0.0025956164183966,0.0061552873853606,0.0024778364730327,0.0214285922166822,9959998180,regime-analysis-112,33930550708,2026-09-05T01:12:51Z,2026-09-05T01:12:51Z,2026-10-05T01:12:50Z,2190631
origin_vix_pct_change_20d,"(0.15, 0.612]",6006,0.4933399933399933,0.0018139603754748,0.0027323921118859,0.0087218066819907,0.0225399996251666,9959998180,regime-analysis-112,33930550708,2026-09-05T01:12:51Z,2026-09-05T01:12:51Z,2026-10-05T01:12:50Z,2190631
origin_vix_distance_ma20,"(-0.255, -0.0811]",6111,0.5609556537391589,0.003910687102079,0.0036056096958575,0.0037650464244315,0.018109454548025,9959998180,regime-analysis-112,33930550708,2026-09-05T01:12:51Z,2026-09-05T01:12:51Z,2026-10-05T01:12:50Z,2190631
origin_vix_distance_ma20,"(-0.0811, -0.00956]",5959,0.5155227387145495,0.0032440815911773,0.0032431164999932,0.0035174692786371,0.0206678163948472,9959998180,regime-analysis-112,33930550708,2026-09-05T01:12:51Z,2026-09-05T01:12:51Z,2026-10-05T01:12:50Z,2190631
origin_vix_distance_ma20,"(-0.00956, 0.0685]",6101,0.4492706113751843,3.758201322218826e-05,0.0031807257376827,0.0033913095667323,0.0219203427683636,9959998180,regime-analysis-112,33930550708,2026-09-05T01:12:51Z,2026-09-05T01:12:51Z,2026-10-05T01:12:50Z,2190631
origin_vix_distance_ma20,"(0.0685, 0.447]",5954,0.4904266039637218,0.0043493673076369,0.006369529550937,0.0072959783124822,0.0222353769925471,9959998180,regime-analysis-112,33930550708,2026-09-05T01:12:51Z,2026-09-05T01:12:51Z,2026-10-05T01:12:50Z,2190631
origin_vix_trend_ma,"(-0.224, -0.0685]",6069,0.5748887790410282,0.0053117483959486,0.0049810436675786,0.0027827083434151,0.0190154709196251,9959998180,regime-analysis-112,33930550708,2026-09-05T01:12:51Z,2026-09-05T01:12:51Z,2026-10-05T01:12:50Z,2190631
origin_vix_trend_ma,"(-0.0685, 0.00107]",6085,0.5152013147082991,0.002338968261694,0.0023799043214311,0.0033319444237428,0.0188090777624863,9959998180,regime-analysis-112,33930550708,2026-09-05T01:12:51Z,2026-09-05T01:12:51Z,2026-10-05T01:12:50Z,2190631
origin_vix_trend_ma,"(0.00107, 0.059]",6012,0.4181636726546906,-0.0003961392067248,0.0036460467330863,0.0039472423012825,0.022319878248615,9959998180,regime-analysis-112,33930550708,2026-09-05T01:12:51Z,2026-09-05T01:12:51Z,2026-10-05T01:12:50Z,2190631
origin_vix_trend_ma,"(0.059, 0.24]",5959,0.507299882530626,0.0042401540389963,0.00537971034955,0.0079217105555092,0.0228069476852961,9959998180,regime-analysis-112,33930550708,2026-09-05T01:12:51Z,2026-09-05T01:12:51Z,2026-10-05T01:12:50Z,2190631
origin_vix_percentile_252,"(0.0029699999999999996, 0.262]",6211,0.5324424408307841,0.0037394912349749,0.0044687242045124,0.002513076165436,0.01840920097544,9959998180,regime-analysis-112,33930550708,2026-09-05T01:12:51Z,2026-09-05T01:12:51Z,2026-10-05T01:12:50Z,2190631
origin_vix_percentile_252,"(0.262, 0.504]",6101,0.5045074577938043,0.0021046055848095,0.0028253482339053,0.0029045294698046,0.0200590634014869,9959998180,regime-analysis-112,33930550708,2026-09-05T01:12:51Z,2026-09-05T01:12:51Z,2026-10-05T01:12:50Z,2190631
origin_vix_percentile_252,"(0.504, 0.706]",5807,0.4956087480626829,0.0028221784205155,0.004849097990538,0.0043713997712045,0.0221240734806388,9959998180,regime-analysis-112,33930550708,2026-09-05T01:12:51Z,2026-09-05T01:12:51Z,2026-10-05T01:12:50Z,2190631
origin_vix_percentile_252,"(0.706, 0.968]",6006,0.4825174825174825,0.0028139432357115,0.0042520797712937,0.0082226879520589,0.0224371383134012,9959998180,regime-analysis-112,33930550708,2026-09-05T01:12:51Z,2026-09-05T01:12:51Z,2026-10-05T01:12:50Z,2190631
origin_spy_return_5d,"(-0.0392, -0.00857]",6127,0.5095479027256407,0.0038193624930448,0.0050936737393202,0.0069095184530681,0.0215245589416771,9959998180,regime-analysis-112,33930550708,2026-09-05T01:12:51Z,2026-09-05T01:12:51Z,2026-10-05T01:12:50Z,2190631
origin_spy_return_5d,"(-0.00857, 0.00397]",6033,0.4936184319575667,0.0045000511851461,0.0079249519129841,0.0045667696787434,0.0209213901848992,9959998180,regime-analysis-112,33930550708,2026-09-05T01:12:51Z,2026-09-05T01:12:51Z,2026-10-05T01:12:50Z,2190631
origin_spy_return_5d,"(0.00397, 0.0134]",6006,0.5194805194805194,0.0031374013023369,0.0041703143553181,0.0035659285856823,0.0199379832859858,9959998180,regime-analysis-112,33930550708,2026-09-05T01:12:51Z,2026-09-05T01:12:51Z,2026-10-05T01:12:50Z,2190631
origin_spy_return_5d,"(0.0134, 0.0553]",5959,0.4935391844269172,-6.40428288953887e-06,-0.0009024472500691,0.002818681750434,0.0204907859114791,9959998180,regime-analysis-112,33930550708,2026-09-05T01:12:51Z,2026-09-05T01:12:51Z,2026-10-05T01:12:50Z,2190631
origin_spy_return_20d,"(-0.0803, -0.00336]",6127,0.4700505957238453,0.0015309484377613,0.0022401549012224,0.0096067487658164,0.0228687997865168,9959998180,regime-analysis-112,33930550708,2026-09-05T01:12:51Z,2026-09-05T01:12:51Z,2026-10-05T01:12:50Z,2190631
origin_spy_return_20d,"(-0.00336, 0.0138]",5996,0.5368579052701801,0.0052082646778727,0.0063955558763703,0.0061450015932359,0.0202058287561764,9959998180,regime-analysis-112,33930550708,2026-09-05T01:12:51Z,2026-09-05T01:12:51Z,2026-10-05T01:12:50Z,2190631
origin_spy_return_20d,"(0.0138, 0.032]",5996,0.4854903268845897,0.0035796247179232,0.007163515109517,0.0012829622242258,0.0190484185864452,9959998180,regime-analysis-112,33930550708,2026-09-05T01:12:51Z,2026-09-05T01:12:51Z,2026-10-05T01:12:50Z,2190631
origin_spy_return_20d,"(0.032, 0.128]",6006,0.5246420246420247,0.001212588411524,0.0006100199859401,0.0007826859694629,0.0207236492049516,9959998180,regime-analysis-112,33930550708,2026-09-05T01:12:51Z,2026-09-05T01:12:51Z,2026-10-05T01:12:50Z,2190631
origin_spy_return_60d,"(-0.078, 0.0229]",6111,0.5059728358697431,-3.664698006436916e-06,0.0004811327143663,0.0092190101033548,0.0237814066448032,9959998180,regime-analysis-112,33930550708,2026-09-05T01:12:51Z,2026-09-05T01:12:51Z,2026-10-05T01:12:50Z,2190631
origin_spy_return_60d,"(0.0229, 0.0451]",6012,0.649035262807718,0.0109224417640945,0.0110613547753158,0.0062237624019523,0.0179944201050566,9959998180,regime-analysis-112,33930550708,2026-09-05T01:12:51Z,2026-09-05T01:12:51Z,2026-10-05T01:12:50Z,2190631
origin_spy_return_60d,"(0.0451, 0.0744]",5975,0.4548953974895397,0.0028967641942707,0.0048152301378971,0.0022802782672319,0.0194887742808018,9959998180,regime-analysis-112,33930550708,2026-09-05T01:12:51Z,2026-09-05T01:12:51Z,2026-10-05T01:12:50Z,2190631
origin_spy_return_60d,"(0.0744, 0.162]",6027,0.4063381450141032,-0.0022559115782341,7.919889598480005e-05,0.0001194856016928,0.021568904011532,9959998180,regime-analysis-112,33930550708,2026-09-05T01:12:51Z,2026-09-05T01:12:51Z,2026-10-05T01:12:50Z,2190631
origin_spy_return_120d,"(-0.06, 0.0686]",6127,0.4915945813611881,0.0021158603110861,0.0031624963526577,0.0082856237374096,0.0223038258144753,9959998180,regime-analysis-112,33930550708,2026-09-05T01:12:51Z,2026-09-05T01:12:51Z,2026-10-05T01:12:50Z,2190631
origin_spy_return_120d,"(0.0686, 0.0987]",5944,0.5526581426648721,0.0056032499981344,0.0064414596292639,0.008105425673187,0.0216485717536726,9959998180,regime-analysis-112,33930550708,2026-09-05T01:12:51Z,2026-09-05T01:12:51Z,2026-10-05T01:12:50Z,2190631
origin_spy_return_120d,"(0.0987, 0.137]",6111,0.5614465717558501,0.003411914052219,0.0024776631883107,0.0046913113962437,0.01922281860714,9959998180,regime-analysis-112,33930550708,2026-09-05T01:12:51Z,2026-09-05T01:12:51Z,2026-10-05T01:12:50Z,2190631
origin_spy_return_120d,"(0.137, 0.342]",5943,0.4093891973750631,0.0003761250221981,0.0043553336385463,-0.0032834995983047,0.0197116851263561,9959998180,regime-analysis-112,33930550708,2026-09-05T01:12:51Z,2026-09-05T01:12:51Z,2026-10-05T01:12:50Z,2190631
origin_spy_distance_sma50,"(-0.0693, 0.00286]",6080,0.5243421052631579,0.0047649893336705,0.0054353521635897,0.009991458914522,0.0221009255010783,9959998180,regime-analysis-112,33930550708,2026-09-05T01:12:51Z,2026-09-05T01:12:51Z,2026-10-05T01:12:50Z,2190631
origin_spy_distance_sma50,"(0.00286, 0.0174]",6075,0.5529218106995885,0.0042598959308254,0.0042216202113376,0.0073658214311691,0.0195402547484828,9959998180,regime-analysis-112,33930550708,2026-09-05T01:12:51Z,2026-09-05T01:12:51Z,2026-10-05T01:12:50Z,2190631
origin_spy_distance_sma50,"(0.0174, 0.0327]",5943,0.4209994952044422,0.000837109030085,0.0050771512513106,0.0006801500468728,0.020135703831512,9959998180,regime-analysis-112,33930550708,2026-09-05T01:12:51Z,2026-09-05T01:12:51Z,2026-10-05T01:12:50Z,2190631
origin_spy_distance_sma50,"(0.0327, 0.0861]",6027,0.5163431226148996,0.0015812460595143,0.0016297668693689,-0.0002386153066134,0.0211058035455488,9959998180,regime-analysis-112,33930550708,2026-09-05T01:12:51Z,2026-09-05T01:12:51Z,2026-10-05T01:12:50Z,2190631
origin_spy_distance_sma200,"(-0.0461, 0.0643]",6059,0.4730153490675028,0.0020481741492008,0.003228684468394,0.0085089038890349,0.0232445099942158,9959998180,regime-analysis-112,33930550708,2026-09-05T01:12:51Z,2026-09-05T01:12:51Z,2026-10-05T01:12:50Z,2190631
origin_spy_distance_sma200,"(0.0643, 0.0872]",6033,0.526769434775402,0.0030605849571068,0.0045585864569873,0.0067271680866702,0.0206434875960059,9959998180,regime-analysis-112,33930550708,2026-09-05T01:12:51Z,2026-09-05T01:12:51Z,2026-10-05T01:12:50Z,2190631
origin_spy_distance_sma200,"(0.0872, 0.101]",6090,0.5454844006568145,0.0058318533123402,0.0069581124138495,0.0042618513588394,0.0197598529209925,9959998180,regime-analysis-112,33930550708,2026-09-05T01:12:51Z,2026-09-05T01:12:51Z,2026-10-05T01:12:50Z,2190631
origin_spy_distance_sma200,"(0.101, 0.13]",5943,0.4703011946828201,0.0004988606775339,0.0015564433547668,-0.0016819276183111,0.0192215529989542,9959998180,regime-analysis-112,33930550708,2026-09-05T01:12:51Z,2026-09-05T01:12:51Z,2026-10-05T01:12:50Z,2190631
origin_spy_trend_ma50_200,"(0.0115, 0.0452]",6090,0.5116584564860427,0.0021356778377119,0.0024781748884034,0.0040740645292451,0.023180058599685,9959998180,regime-analysis-112,33930550708,2026-09-05T01:12:51Z,2026-09-05T01:12:51Z,2026-10-05T01:12:50Z,2190631
origin_spy_trend_ma50_200,"(0.0452, 0.0645]",5980,0.4451505016722408,0.0001958413419849,0.0015374137513679,0.0064059448389772,0.020847229200392,9959998180,regime-analysis-112,33930550708,2026-09-05T01:12:51Z,2026-09-05T01:12:51Z,2026-10-05T01:12:50Z,2190631
origin_spy_trend_ma50_200,"(0.0645, 0.0795]",6070,0.4581548599670511,0.0015419268024115,0.0054086676353764,0.0036019584034368,0.0210272857665761,9959998180,regime-analysis-112,33930550708,2026-09-05T01:12:51Z,2026-09-05T01:12:51Z,2026-10-05T01:12:50Z,2190631
origin_spy_trend_ma50_200,"(0.0795, 0.0902]",5985,0.6018379281537176,0.007655506591077,0.0069461932993208,0.003862479873217,0.0177916839414776,9959998180,regime-analysis-112,33930550708,2026-09-05T01:12:51Z,2026-09-05T01:12:51Z,2026-10-05T01:12:50Z,2190631
origin_spy_volatility_20d,"(0.0557, 0.102]",6106,0.463969865705863,0.0049828368553827,0.0087644139691762,0.0004512905321674,0.0205757772082324,9959998180,regime-analysis-112,33930550708,2026-09-05T01:12:51Z,2026-09-05T01:12:51Z,2026-10-05T01:12:50Z,2190631
origin_spy_volatility_20d,"(0.102, 0.125]",6059,0.5375474500742696,0.0015429719319284,0.0014824799407449,0.0076571384487656,0.022490602755514,9959998180,regime-analysis-112,33930550708,2026-09-05T01:12:51Z,2026-09-05T01:12:51Z,2026-10-05T01:12:50Z,2190631
origin_spy_volatility_20d,"(0.125, 0.14]",5996,0.4711474316210807,0.0006345315423022,0.0011762993889344,0.0046086515233657,0.0205691040991805,9959998180,regime-analysis-112,33930550708,2026-09-05T01:12:51Z,2026-09-05T01:12:51Z,2026-10-05T01:12:50Z,2190631
origin_spy_volatility_20d,"(0.14, 0.207]",5964,0.5442655935613682,0.0043219973160301,0.0048857226616218,0.0052508008527274,0.0192342780978327,9959998180,regime-analysis-112,33930550708,2026-09-05T01:12:51Z,2026-09-05T01:12:51Z,2026-10-05T01:12:50Z,2190631
origin_spy_volatility_60d,"(0.0849, 0.111]",6069,0.3592025045312242,-0.0005349424742475,0.0040626152466499,-0.0017146856495572,0.0215809035234047,9959998180,regime-analysis-112,33930550708,2026-09-05T01:12:51Z,2026-09-05T01:12:51Z,2026-10-05T01:12:50Z,2190631
origin_spy_volatility_60d,"(0.111, 0.124]",6006,0.5607725607725608,0.0019609653500622,0.0016887317495776,0.0094621778961704,0.0209872272278361,9959998180,regime-analysis-112,33930550708,2026-09-05T01:12:51Z,2026-09-05T01:12:51Z,2026-10-05T01:12:50Z,2190631
origin_spy_volatility_60d,"(0.124, 0.14]",6065,0.5868095630667766,0.007439897921904,0.0073004402163038,0.00739445563587,0.0183057591814417,9959998180,regime-analysis-112,33930550708,2026-09-05T01:12:51Z,2026-09-05T01:12:51Z,2026-10-05T01:12:50Z,2190631
origin_spy_volatility_60d,"(0.14, 0.158]",5985,0.5102756892230577,0.002623415034646,0.0032771418571366,0.0028118038431853,0.0220390343916318,9959998180,regime-analysis-112,33930550708,2026-09-05T01:12:51Z,2026-09-05T01:12:51Z,2026-10-05T01:12:50Z,2190631
origin_spy_vol_change_20d,"(-0.517, -0.286]",6054,0.533201189296333,0.0086491081912053,0.0108677603132857,0.0037457755432275,0.020258479092142,9959998180,regime-analysis-112,33930550708,2026-09-05T01:12:51Z,2026-09-05T01:12:51Z,2026-10-05T01:12:50Z,2190631
origin_spy_vol_change_20d,"(-0.286, 0.00464]",6059,0.4814325796336029,0.0009533472115161,0.002688040376666,0.0029595168544921,0.0209362813736726,9959998180,regime-analysis-112,33930550708,2026-09-05T01:12:51Z,2026-09-05T01:12:51Z,2026-10-05T01:12:50Z,2190631
origin_spy_vol_change_20d,"(0.00464, 0.255]",6048,0.5125661375661376,0.001298609982952,0.0018568062535362,0.0074464022658245,0.0207230199660241,9959998180,regime-analysis-112,33930550708,2026-09-05T01:12:51Z,2026-09-05T01:12:51Z,2026-10-05T01:12:50Z,2190631
origin_spy_vol_change_20d,"(0.255, 1.673]",5964,0.4889336016096579,0.0005638978829548,0.0009019411379087,0.0037650828314014,0.0209794189238536,9959998180,regime-analysis-112,33930550708,2026-09-05T01:12:51Z,2026-09-05T01:12:51Z,2026-10-05T01:12:50Z,2190631
origin_market_breadth_20d,"(0.0466, 0.476]",7052,0.4970221213840045,0.0035033364903471,0.0046670250863775,0.0075999364908436,0.0220618596641064,9959998180,regime-analysis-112,33930550708,2026-09-05T01:12:51Z,2026-09-05T01:12:51Z,2026-10-05T01:12:50Z,2190631
origin_market_breadth_20d,"(0.476, 0.667]",6363,0.5007072135785007,0.0018252519461798,0.0026818782283175,0.0048240798160094,0.0200216296164959,9959998180,regime-analysis-112,33930550708,2026-09-05T01:12:51Z,2026-09-05T01:12:51Z,2026-10-05T01:12:50Z,2190631
origin_market_breadth_20d,"(0.667, 0.81]",4725,0.5477248677248677,0.0029698141569617,0.0021668863148625,0.0040048745875164,0.0202324421252717,9959998180,regime-analysis-112,33930550708,2026-09-05T01:12:51Z,2026-09-05T01:12:51Z,2026-10-05T01:12:50Z,2190631
origin_market_breadth_20d,"(0.81, 1.0]",5985,0.4815371762740184,0.0031751266399089,0.0064284392369393,0.0008163789877261,0.0202799812598724,9959998180,regime-analysis-112,33930550708,2026-09-05T01:12:51Z,2026-09-05T01:12:51Z,2026-10-05T01:12:50Z,2190631
origin_market_breadth_252d,"(0.809, 0.905]",7634,0.4588682211160597,0.0025783211842717,0.0054342736099036,-0.0015804342350631,0.0188217954586674,9959998180,regime-analysis-112,33930550708,2026-09-05T01:12:51Z,2026-09-05T01:12:51Z,2026-10-05T01:12:50Z,2190631
origin_market_breadth_252d,"(0.905, 0.952]",5592,0.5253934191702432,0.0034411058463982,0.0040331078091129,0.0076284090968457,0.0187280546102876,9959998180,regime-analysis-112,33930550708,2026-09-05T01:12:51Z,2026-09-05T01:12:51Z,2026-10-05T01:12:50Z,2190631
origin_market_breadth_252d,"(0.952, 1.0]",10899,0.5248187907147445,0.0027919574347353,0.0031792838921151,0.0071113316773248,0.0230790873081101,9959998180,regime-analysis-112,33930550708,2026-09-05T01:12:51Z,2026-09-05T01:12:51Z,2026-10-05T01:12:50Z,2190631
origin_market_breadth_above_sma200,"(0.523, 0.81]",6800,0.4958823529411765,0.0028457451336426,0.0040507123488211,0.0056593231536062,0.0203461284155146,9959998180,regime-analysis-112,33930550708,2026-09-05T01:12:51Z,2026-09-05T01:12:51Z,2026-10-05T01:12:50Z,2190631
origin_market_breadth_above_sma200,"(0.81, 0.952]",5670,0.4335097001763668,-0.0019604953994079,-0.0022312177980667,0.0048698560952008,0.0240464840095699,9959998180,regime-analysis-112,33930550708,2026-09-05T01:12:51Z,2026-09-05T01:12:51Z,2026-10-05T01:12:50Z,2190631
origin_market_breadth_above_sma200,"(0.952, 1.0]",11655,0.5432003432003432,0.0052441058687982,0.0071896662110494,0.0036039426139803,0.0193268642577028,9959998180,regime-analysis-112,33930550708,2026-09-05T01:12:51Z,2026-09-05T01:12:51Z,2026-10-05T01:12:50Z,2190631
origin_cross_asset_daily_volatility,"(0.0015400000000000001, 0.00834]",6043,0.4754261128578521,0.0024966045268606,0.0056620794386821,0.0019602615963165,0.0204182040233447,9959998180,regime-analysis-112,33930550708,2026-09-05T01:12:51Z,2026-09-05T01:12:51Z,2026-10-05T01:12:50Z,2190631
origin_cross_asset_daily_volatility,"(0.00834, 0.0113]",6027,0.4828272772523643,0.0020187446703136,0.0026395463764538,0.0034084881742951,0.0203338374150985,9959998180,regime-analysis-112,33930550708,2026-09-05T01:12:51Z,2026-09-05T01:12:51Z,2026-10-05T01:12:50Z,2190631
origin_cross_asset_daily_volatility,"(0.0113, 0.0157]",6127,0.4989391219193733,0.0012489031706908,0.0013471191057409,0.0056362729144024,0.0211000650750308,9959998180,regime-analysis-112,33930550708,2026-09-05T01:12:51Z,2026-09-05T01:12:51Z,2026-10-05T01:12:50Z,2190631
origin_cross_asset_daily_volatility,"(0.0157, 0.0647]",5928,0.5602226720647774,0.005811256222056,0.0068001194208855,0.0069462161725187,0.0210412443918189,9959998180,regime-analysis-112,33930550708,2026-09-05T01:12:51Z,2026-09-05T01:12:51Z,2026-10-05T01:12:50Z,2190631
origin_cross_asset_return_20d_dispersion,"(0.0172, 0.0446]",6054,0.5034687809712587,0.0029876863348149,0.0056058556294574,0.0040619611807779,0.0189393752479817,9959998180,regime-analysis-112,33930550708,2026-09-05T01:12:51Z,2026-09-05T01:12:51Z,2026-10-05T01:12:50Z,2190631
origin_cross_asset_return_20d_dispersion,"(0.0446, 0.0572]",6085,0.4986031224322103,0.0011388087373792,0.0019119745562798,0.0040817949413958,0.0205514153476494,9959998180,regime-analysis-112,33930550708,2026-09-05T01:12:51Z,2026-09-05T01:12:51Z,2026-10-05T01:12:50Z,2190631
origin_cross_asset_return_20d_dispersion,"(0.0572, 0.0702]",6022,0.4382265028229824,0.0020019525080548,0.004316940527708,0.0031534442163125,0.0216531052519635,9959998180,regime-analysis-112,33930550708,2026-09-05T01:12:51Z,2026-09-05T01:12:51Z,2026-10-05T01:12:50Z,2190631
origin_cross_asset_return_20d_dispersion,"(0.0702, 0.157]",5964,0.5767940979208585,0.0054128520545843,0.0045473788955685,0.0066533461423198,0.021771043010435,9959998180,regime-analysis-112,33930550708,2026-09-05T01:12:51Z,2026-09-05T01:12:51Z,2026-10-05T01:12:50Z,2190631
origin_vix_market,"(13.469000000000001, 15.98]",6106,0.5188339338355715,0.0037232012685418,0.0058504393865029,0.0028026281975115,0.0173552582802238,9919754402,regime-analysis-111,33819030583,2026-09-04T01:21:15Z,2026-09-04T01:21:15Z,2026-10-04T01:21:14Z,2138622
origin_vix_market,"(15.98, 17.17]",5996,0.4281187458305537,-0.0013061031152406,0.0018748872110382,0.0012798201237531,0.0213187093626794,9919754402,regime-analysis-111,33819030583,2026-09-04T01:21:15Z,2026-09-04T01:21:15Z,2026-10-04T01:21:14Z,2138622
origin_vix_market,"(17.17, 19.03]",6017,0.5386405185308293,0.0030522321919063,0.0037782090714962,0.0029614147316131,0.0210020299050835,9919754402,regime-analysis-111,33819030583,2026-09-04T01:21:15Z,2026-09-04T01:21:15Z,2026-10-04T01:21:14Z,2138622
origin_vix_market,"(19.03, 31.05]",6006,0.5512820512820513,0.0033811340323939,0.0041221873374263,0.0047706719057632,0.0209326969863527,9919754402,regime-analysis-111,33819030583,2026-09-04T01:21:15Z,2026-09-04T01:21:15Z,2026-10-04T01:21:14Z,2138622
origin_vix_change_1d,"(-5.361000000000001, -0.69]",6064,0.5108839050131926,0.0026771116493563,0.0036978730391616,0.0039935583558248,0.0195364175743888,9919754402,regime-analysis-111,33819030583,2026-09-04T01:21:15Z,2026-09-04T01:21:15Z,2026-10-04T01:21:14Z,2138622
origin_vix_change_1d,"(-0.69, -0.12]",6122,0.5147010780790592,0.0020281965133471,0.0037482383296273,0.0008214627085552,0.0204539013377989,9919754402,regime-analysis-111,33819030583,2026-09-04T01:21:15Z,2026-09-04T01:21:15Z,2026-10-04T01:21:14Z,2138622
origin_vix_change_1d,"(-0.12, 0.65]",5938,0.515998652745032,0.0022486028563835,0.0042929920252221,0.0037497331136623,0.0197540282966618,9919754402,regime-analysis-111,33819030583,2026-09-04T01:21:15Z,2026-09-04T01:21:15Z,2026-10-04T01:21:14Z,2138622
origin_vix_change_1d,"(0.65, 6.11]",6001,0.4955840693217797,0.0019283480930476,0.0039316020553113,0.0032904998069881,0.0208135544492447,9919754402,regime-analysis-111,33819030583,2026-09-04T01:21:15Z,2026-09-04T01:21:15Z,2026-10-04T01:21:14Z,2138622
origin_vix_change_5d,"(-10.071, -1.41]",6106,0.4945954798558795,0.0014699438182273,0.0018223434412243,0.0029244114247436,0.0206623433462128,9919754402,regime-analysis-111,33819030583,2026-09-04T01:21:15Z,2026-09-04T01:21:15Z,2026-10-04T01:21:14Z,2138622
origin_vix_change_5d,"(-1.41, 0.11]",6043,0.5040542776766507,0.0002738677638822,0.0028540199772879,0.0014620037978483,0.0211344286308007,9919754402,regime-analysis-111,33819030583,2026-09-04T01:21:15Z,2026-09-04T01:21:15Z,2026-10-04T01:21:14Z,2138622
origin_vix_change_5d,"(0.11, 1.23]",5954,0.4674168626133692,0.0007997813305959,0.0032259269416817,0.0038022720516795,0.0198420546046954,9919754402,regime-analysis-111,33819030583,2026-09-04T01:21:15Z,2026-09-04T01:21:15Z,2026-10-04T01:21:14Z,2138622
origin_vix_change_5d,"(1.23, 9.63]",6022,0.570906675523082,0.0063404993142457,0.0077839101556804,0.0036413258446658,0.0189089947911547,9919754402,regime-analysis-111,33819030583,2026-09-04T01:21:15Z,2026-09-04T01:21:15Z,2026-10-04T01:21:14Z,2138622
origin_vix_change_20d,"(-13.030999999999999, -2.02]",6085,0.5321281840591618,0.0030496516239201,0.0036174052731397,0.0020064432073637,0.0202897610248019,9919754402,regime-analysis-111,33819030583,2026-09-04T01:21:15Z,2026-09-04T01:21:15Z,2026-10-04T01:21:14Z,2138622
origin_vix_change_20d,"(-2.02, 0.09]",5980,0.5117056856187291,0.0023430202057885,0.0042136812564495,0.0020487011466064,0.0180574366508725,9919754402,regime-analysis-111,33819030583,2026-09-04T01:21:15Z,2026-09-04T01:21:15Z,2026-10-04T01:21:14Z,2138622
origin_vix_change_20d,"(0.09, 2.31]",6075,0.4480658436213992,0.0012019649027751,0.005454194829071,0.0020719334845932,0.0212600667225806,9919754402,regime-analysis-111,33819030583,2026-09-04T01:21:15Z,2026-09-04T01:21:15Z,2026-10-04T01:21:14Z,2138622
origin_vix_change_20d,"(2.31, 11.19]",5985,0.5458646616541354,0.0022898106963181,0.0023578929249653,0.0057160737593552,0.0209336020198462,9919754402,regime-analysis-111,33819030583,2026-09-04T01:21:15Z,2026-09-04T01:21:15Z,2026-10-04T01:21:14Z,2138622
origin_vix_pct_change_1d,"(-0.185, -0.0397]",6127,0.5154235351721886,0.0026315258761705,0.0040278751574524,0.0039472141560394,0.0193792072635499,9919754402,regime-analysis-111,33819030583,2026-09-04T01:21:15Z,2026-09-04T01:21:15Z,2026-10-04T01:21:14Z,2138622
origin_vix_pct_change_1d,"(-0.0397, -0.00642]",5954,0.5090695330870003,0.0021747237213203,0.0037168821087732,0.0009445962814272,0.0205787466435243,9919754402,regime-analysis-111,33819030583,2026-09-04T01:21:15Z,2026-09-04T01:21:15Z,2026-10-04T01:21:14Z,2138622
origin_vix_pct_change_1d,"(-0.00642, 0.0427]",6043,0.4971040873738209,0.0007998996847631,0.0027622648756592,0.0033658216260424,0.0203161602932411,9919754402,regime-analysis-111,33819030583,2026-09-04T01:21:15Z,2026-09-04T01:21:15Z,2026-10-04T01:21:14Z,2138622
origin_vix_pct_change_1d,"(0.0427, 0.397]",6001,0.5155807365439093,0.0032776848673438,0.0051582192858176,0.0035177086589426,0.0203060095592774,9919754402,regime-analysis-111,33819030583,2026-09-04T01:21:15Z,2026-09-04T01:21:15Z,2026-10-04T01:21:14Z,2138622
origin_vix_pct_change_5d,"(-0.382, -0.078]",6043,0.4918087042859507,0.0010673931734235,0.0014401969300777,0.0027407174818221,0.020732565052588,9919754402,regime-analysis-111,33819030583,2026-09-04T01:21:15Z,2026-09-04T01:21:15Z,2026-10-04T01:21:14Z,2138622
origin_vix_pct_change_5d,"(-0.078, 0.0068]",6106,0.5067147068457255,0.0006846057818927,0.0032215790577148,0.0016588911508731,0.0210600606084367,9919754402,regime-analysis-111,33819030583,2026-09-04T01:21:15Z,2026-09-04T01:21:15Z,2026-10-04T01:21:14Z,2138622
origin_vix_pct_change_5d,"(0.0068, 0.0764]",6017,0.4814691706830646,0.0007001357815687,0.0026603214195031,0.003469217487006,0.0199303580296756,9919754402,regime-analysis-111,33819030583,2026-09-04T01:21:15Z,2026-09-04T01:21:15Z,2026-10-04T01:21:14Z,2138622
origin_vix_pct_change_5d,"(0.0764, 0.54]",5959,0.5578117133747273,0.0064996925516122,0.0084032089255126,0.003975920525753,0.0188099673576325,9919754402,regime-analysis-111,33819030583,2026-09-04T01:21:15Z,2026-09-04T01:21:15Z,2026-10-04T01:21:14Z,2138622
origin_vix_pct_change_20d,"(-0.437, -0.107]",6085,0.5477403451109285,0.0040864042867548,0.0046802236720468,0.0019653837926746,0.0197581347449205,9919754402,regime-analysis-111,33819030583,2026-09-04T01:21:15Z,2026-09-04T01:21:15Z,2026-10-04T01:21:14Z,2138622
origin_vix_pct_change_20d,"(-0.107, 0.0056]",6001,0.4974170971504749,0.0013864400719787,0.0032241243044321,0.002134685870594,0.0185972129647951,9919754402,regime-analysis-111,33819030583,2026-09-04T01:21:15Z,2026-09-04T01:21:15Z,2026-10-04T01:21:14Z,2138622
origin_vix_pct_change_20d,"(0.0056, 0.15]",6054,0.4545754872811364,0.0018185845577325,0.0056536724043009,0.0017085440632385,0.0206833920602678,9919754402,regime-analysis-111,33819030583,2026-09-04T01:21:15Z,2026-09-04T01:21:15Z,2026-10-04T01:21:14Z,2138622
origin_vix_pct_change_20d,"(0.15, 0.612]",5985,0.5375104427736007,0.0015671406674405,0.0020720942376286,0.0060392650117717,0.0215274519597587,9919754402,regime-analysis-111,33819030583,2026-09-04T01:21:15Z,2026-09-04T01:21:15Z,2026-10-04T01:21:14Z,2138622
origin_vix_distance_ma20,"(-0.255, -0.0833]",6069,0.5450650848574724,0.0032332178104469,0.0035865226362796,0.0008636822415092,0.0180355499822149,9919754402,regime-analysis-111,33819030583,2026-09-04T01:21:15Z,2026-09-04T01:21:15Z,2026-10-04T01:21:14Z,2138622
origin_vix_distance_ma20,"(-0.0833, -0.00953]",6085,0.4829909613804437,0.0014432021630129,0.0029265722550504,0.0036127221321645,0.0204369300488015,9919754402,regime-analysis-111,33819030583,2026-09-04T01:21:15Z,2026-09-04T01:21:15Z,2026-10-04T01:21:14Z,2138622
origin_vix_distance_ma20,"(-0.00953, 0.0653]",5954,0.4754786698018139,0.0001648773573903,0.0028553299850051,0.0038024117833061,0.0212196796843974,9919754402,regime-analysis-111,33819030583,2026-09-04T01:21:15Z,2026-09-04T01:21:15Z,2026-10-04T01:21:14Z,2138622
origin_vix_distance_ma20,"(0.0653, 0.447]",6017,0.5333222536147582,0.0040200898993774,0.0062955816787208,0.0035555053492462,0.0208959174682852,9919754402,regime-analysis-111,33819030583,2026-09-04T01:21:15Z,2026-09-04T01:21:15Z,2026-10-04T01:21:14Z,2138622
origin_vix_trend_ma,"(-0.224, -0.0712]",6069,0.5534684462020102,0.0040062051467818,0.0050350769508088,0.0007413291823998,0.0188025373145104,9919754402,regime-analysis-111,33819030583,2026-09-04T01:21:15Z,2026-09-04T01:21:15Z,2026-10-04T01:21:14Z,2138622
origin_vix_trend_ma,"(-0.0712, -0.000928]",6001,0.5035827362106315,0.0020719368185242,0.0026873587436204,0.0044029781055918,0.0187853338812192,9919754402,regime-analysis-111,33819030583,2026-09-04T01:21:15Z,2026-09-04T01:21:15Z,2026-10-04T01:21:14Z,2138622
origin_vix_trend_ma,"(-0.000928, 0.0569]",6054,0.4286422200198216,-0.0012020928489806,0.0029199246581753,0.0017386161642731,0.0214002184365507,9919754402,regime-analysis-111,33819030583,2026-09-04T01:21:15Z,2026-09-04T01:21:15Z,2026-10-04T01:21:14Z,2138622
origin_vix_trend_ma,"(0.0569, 0.24]",6001,0.5517413764372605,0.0040168243605962,0.0050148311994048,0.0049676981276469,0.0215778820927771,9919754402,regime-analysis-111,33819030583,2026-09-04T01:21:15Z,2026-09-04T01:21:15Z,2026-10-04T01:21:14Z,2138622
origin_vix_percentile_252,"(0.0029699999999999996, 0.262]",6169,0.4979737396660723,0.0022081103952446,0.0048334360573134,0.0022766901498775,0.0180321041604274,9919754402,regime-analysis-111,33819030583,2026-09-04T01:21:15Z,2026-09-04T01:21:15Z,2026-10-04T01:21:14Z,2138622
origin_vix_percentile_252,"(0.262, 0.504]",6164,0.4461388708630759,-0.0002577854248095,0.0022765481104933,0.0018254306684319,0.0206809280251888,9919754402,regime-analysis-111,33819030583,2026-09-04T01:21:15Z,2026-09-04T01:21:15Z,2026-10-04T01:21:14Z,2138622
origin_vix_percentile_252,"(0.504, 0.706]",5870,0.5327086882453151,0.0032746087060379,0.0046799240236958,0.0033646368548122,0.0214113283706157,9919754402,regime-analysis-111,33819030583,2026-09-04T01:21:15Z,2026-09-04T01:21:15Z,2026-10-04T01:21:14Z,2138622
origin_vix_percentile_252,"(0.706, 0.968]",5922,0.563660925363053,0.0037690050641356,0.0039065660475186,0.0044260153038843,0.0205145883127557,9919754402,regime-analysis-111,33819030583,2026-09-04T01:21:15Z,2026-09-04T01:21:15Z,2026-10-04T01:21:14Z,2138622
origin_spy_return_5d,"(-0.0392, -0.00842]",6043,0.5502233989740195,0.004195702788758,0.0051288691045879,0.0037098406809566,0.0200676836256335,9919754402,regime-analysis-111,33819030583,2026-09-04T01:21:15Z,2026-09-04T01:21:15Z,2026-10-04T01:21:14Z,2138622
origin_spy_return_5d,"(-0.00842, 0.00398]",6075,0.5232921810699589,0.0049351682050333,0.0075985496174963,0.003394965733577,0.0200434640454928,9919754402,regime-analysis-111,33819030583,2026-09-04T01:21:15Z,2026-09-04T01:21:15Z,2026-10-04T01:21:14Z,2138622
origin_spy_return_5d,"(0.00398, 0.0137]",6027,0.5047287207565954,0.0013486265375099,0.0036688710791282,0.0015777250570842,0.0197737824322205,9919754402,regime-analysis-111,33819030583,2026-09-04T01:21:15Z,2026-09-04T01:21:15Z,2026-10-04T01:21:14Z,2138622
origin_spy_return_5d,"(0.0137, 0.0553]",5980,0.4583612040133779,-0.0016536966848866,-0.0008045624040256,0.0031281277853865,0.0206821969049379,9919754402,regime-analysis-111,33819030583,2026-09-04T01:21:15Z,2026-09-04T01:21:15Z,2026-10-04T01:21:14Z,2138622
origin_spy_return_20d,"(-0.0803, -0.00304]",6127,0.507262934551983,0.0016616465027989,0.0023903239990191,0.0048642655896521,0.0217015304464248,9919754402,regime-analysis-111,33819030583,2026-09-04T01:21:15Z,2026-09-04T01:21:15Z,2026-10-04T01:21:14Z,2138622
origin_spy_return_20d,"(-0.00304, 0.0138]",5975,0.5695397489539749,0.0044004476765851,0.0054141797423697,0.0038459661387983,0.0201280680664187,9919754402,regime-analysis-111,33819030583,2026-09-04T01:21:15Z,2026-09-04T01:21:15Z,2026-10-04T01:21:14Z,2138622
origin_spy_return_20d,"(0.0138, 0.0318]",5996,0.4719813208805871,0.0025435796699307,0.0068522290956636,0.0010518338943061,0.0179555538527819,9919754402,regime-analysis-111,33819030583,2026-09-04T01:21:15Z,2026-09-04T01:21:15Z,2026-10-04T01:21:14Z,2138622
origin_spy_return_20d,"(0.0318, 0.128]",6027,0.4888003982080637,0.0003069450925571,0.001057697524954,0.0020189709913359,0.0207395380443367,9919754402,regime-analysis-111,33819030583,2026-09-04T01:21:15Z,2026-09-04T01:21:15Z,2026-10-04T01:21:14Z,2138622
origin_spy_return_60d,"(-0.078, 0.0229]",6048,0.5431547619047619,8.541516870587252e-05,4.58085218998883e-06,0.005729547539544,0.0221157453258799,9919754402,regime-analysis-111,33819030583,2026-09-04T01:21:15Z,2026-09-04T01:21:15Z,2026-10-04T01:21:14Z,2138622
origin_spy_return_60d,"(0.0229, 0.0455]",6054,0.5994383878427486,0.0088340870367111,0.0109317398318703,0.0021287710588097,0.0184324587846917,9919754402,regime-analysis-111,33819030583,2026-09-04T01:21:15Z,2026-09-04T01:21:15Z,2026-10-04T01:21:14Z,2138622
origin_spy_return_60d,"(0.0455, 0.0752]",6017,0.473491773308958,0.0025367699874645,0.0047128944734615,0.0015982586576182,0.0193721641092823,9919754402,regime-analysis-111,33819030583,2026-09-04T01:21:15Z,2026-09-04T01:21:15Z,2026-10-04T01:21:14Z,2138622
origin_spy_return_60d,"(0.0752, 0.162]",6006,0.4202464202464202,-0.0026118971214059,-1.8314392250823617e-05,0.0023479073077047,0.020642813149783,9919754402,regime-analysis-111,33819030583,2026-09-04T01:21:15Z,2026-09-04T01:21:15Z,2026-10-04T01:21:14Z,2138622
origin_spy_return_120d,"(-0.06, 0.0686]",6106,0.5445463478545692,0.002764234697539,0.00300689783482,0.0034417089728165,0.0204042326502955,9919754402,regime-analysis-111,33819030583,2026-09-04T01:21:15Z,2026-09-04T01:21:15Z,2026-10-04T01:21:14Z,2138622
origin_spy_return_120d,"(0.0686, 0.0988]",6007,0.5608456800399534,0.0048880364624322,0.0060644461504893,0.005622140322209,0.0214316075375502,9919754402,regime-analysis-111,33819030583,2026-09-04T01:21:15Z,2026-09-04T01:21:15Z,2026-10-04T01:21:14Z,2138622
origin_spy_return_120d,"(0.0988, 0.137]",5985,0.5199665831244779,0.001041791770841,0.0024534126528339,0.0040870508000178,0.0205486005571613,9919754402,regime-analysis-111,33819030583,2026-09-04T01:21:15Z,2026-09-04T01:21:15Z,2026-10-04T01:21:14Z,2138622
origin_spy_return_120d,"(0.137, 0.342]",6027,0.4116475858636137,0.0001823243607939,0.0041451844716336,-0.0013257232121244,0.0181811672575435,9919754402,regime-analysis-111,33819030583,2026-09-04T01:21:15Z,2026-09-04T01:21:15Z,2026-10-04T01:21:14Z,2138622
origin_spy_distance_sma50,"(-0.0693, 0.00286]",6038,0.5326266975819808,0.0033971381335555,0.0051528953595358,0.0040865915188701,0.0214367699664269,9919754402,regime-analysis-111,33819030583,2026-09-04T01:21:15Z,2026-09-04T01:21:15Z,2026-10-04T01:21:14Z,2138622
origin_spy_distance_sma50,"(0.00286, 0.0174]",6075,0.5443621399176954,0.003388204244266,0.0040577517324387,0.0043837818401639,0.0190848680066674,9919754402,regime-analysis-111,33819030583,2026-09-04T01:21:15Z,2026-09-04T01:21:15Z,2026-10-04T01:21:14Z,2138622
origin_spy_distance_sma50,"(0.0174, 0.0327]",6006,0.4397269397269397,0.0010331052148814,0.0047277429010129,0.001433473864415,0.0192546355194533,9919754402,regime-analysis-111,33819030583,2026-09-04T01:21:15Z,2026-09-04T01:21:15Z,2026-10-04T01:21:14Z,2138622
origin_spy_distance_sma50,"(0.0327, 0.0861]",6006,0.51998001998002,0.0010447475872609,0.0017144688518515,0.0018885079657925,0.020790884000827,9919754402,regime-analysis-111,33819030583,2026-09-04T01:21:15Z,2026-09-04T01:21:15Z,2026-10-04T01:21:14Z,2138622
origin_spy_distance_sma200,"(-0.0461, 0.0643]",6059,0.5149364581614128,0.0017173406736942,0.0031580729837393,0.0033447794954412,0.0218625713375047,9919754402,regime-analysis-111,33819030583,2026-09-04T01:21:15Z,2026-09-04T01:21:15Z,2026-10-04T01:21:14Z,2138622
origin_spy_distance_sma200,"(0.0643, 0.0872]",6012,0.5464071856287425,0.0036180608799746,0.0045947248983457,0.0040770095742032,0.0199682889502947,9919754402,regime-analysis-111,33819030583,2026-09-04T01:21:15Z,2026-09-04T01:21:15Z,2026-10-04T01:21:14Z,2138622
origin_spy_distance_sma200,"(0.0872, 0.101]",6111,0.5180821469481264,0.0044605334055729,0.0066108308935742,0.0051049633431754,0.0199120459370792,9919754402,regime-analysis-111,33819030583,2026-09-04T01:21:15Z,2026-09-04T01:21:15Z,2026-10-04T01:21:14Z,2138622
origin_spy_distance_sma200,"(0.101, 0.13]",5943,0.4570082449941107,-0.0009827736883366,0.001228152423891,-0.0007934198840608,0.0187938742742706,9919754402,regime-analysis-111,33819030583,2026-09-04T01:21:15Z,2026-09-04T01:21:15Z,2026-10-04T01:21:14Z,2138622
origin_spy_trend_ma50_200,"(0.0115, 0.0452]",6090,0.5582922824302134,0.002816971105775,0.0024241627389016,0.004165786146995,0.0219742472760687,9919754402,regime-analysis-111,33819030583,2026-09-04T01:21:15Z,2026-09-04T01:21:15Z,2026-10-04T01:21:14Z,2138622
origin_spy_trend_ma50_200,"(0.0452, 0.0645]",5980,0.4438127090301003,-0.0005059628528723,0.0020526184353434,0.0028607346649596,0.0206732452752968,9919754402,regime-analysis-111,33819030583,2026-09-04T01:21:15Z,2026-09-04T01:21:15Z,2026-10-04T01:21:14Z,2138622
origin_spy_trend_ma50_200,"(0.0645, 0.0795]",6070,0.4663920922570016,0.0003790039078773,0.0046222778469576,0.0018897709957029,0.0201302754978107,9919754402,regime-analysis-111,33819030583,2026-09-04T01:21:15Z,2026-09-04T01:21:15Z,2026-10-04T01:21:14Z,2138622
origin_spy_trend_ma50_200,"(0.0795, 0.0902]",5985,0.5684210526315789,0.0062062815153188,0.0065765934651378,0.0028922967863967,0.0177525873863574,9919754402,regime-analysis-111,33819030583,2026-09-04T01:21:15Z,2026-09-04T01:21:15Z,2026-10-04T01:21:14Z,2138622
origin_spy_volatility_20d,"(0.0557, 0.102]",6106,0.4346544382574517,0.0028802644825796,0.0086744983177394,0.0021939475497835,0.0198803501969726,9919754402,regime-analysis-111,33819030583,2026-09-04T01:21:15Z,2026-09-04T01:21:15Z,2026-10-04T01:21:14Z,2138622
origin_spy_volatility_20d,"(0.102, 0.125]",5975,0.5439330543933054,0.0011440938538814,0.0012229042505927,0.003205982066829,0.0226393493454412,9919754402,regime-analysis-111,33819030583,2026-09-04T01:21:15Z,2026-09-04T01:21:15Z,2026-10-04T01:21:14Z,2138622
origin_spy_volatility_20d,"(0.125, 0.14]",6059,0.5317709192936128,0.0017159500180937,0.0008125096831184,0.0035635139070149,0.0187302067881982,9919754402,regime-analysis-111,33819030583,2026-09-04T01:21:15Z,2026-09-04T01:21:15Z,2026-10-04T01:21:14Z,2138622
origin_spy_volatility_20d,"(0.14, 0.207]",5985,0.5281537176274018,0.0031336755048938,0.0048888240514158,0.0028596190127444,0.0193389017318587,9919754402,regime-analysis-111,33819030583,2026-09-04T01:21:15Z,2026-09-04T01:21:15Z,2026-10-04T01:21:14Z,2138622
origin_spy_volatility_60d,"(0.0849, 0.111]",6048,0.3581349206349206,-0.0009841972417802,0.0040868328303327,0.0004076799749212,0.0200665571756792,9919754402,regime-analysis-111,33819030583,2026-09-04T01:21:15Z,2026-09-04T01:21:15Z,2026-10-04T01:21:14Z,2138622
origin_spy_volatility_60d,"(0.111, 0.124]",6027,0.5871909739505559,0.0014307806130559,0.000631818956819,0.004795744662998,0.020011894374367,9919754402,regime-analysis-111,33819030583,2026-09-04T01:21:15Z,2026-09-04T01:21:15Z,2026-10-04T01:21:14Z,2138622
origin_spy_volatility_60d,"(0.124, 0.14]",6044,0.5570814030443415,0.005508243200385,0.0075785342327819,0.0027438759497718,0.0188229128064467,9919754402,regime-analysis-111,33819030583,2026-09-04T01:21:15Z,2026-09-04T01:21:15Z,2026-10-04T01:21:14Z,2138622
origin_spy_volatility_60d,"(0.14, 0.158]",6006,0.5352980352980353,0.002932423080963,0.0033510071644377,0.0038802113435775,0.0216698751651036,9919754402,regime-analysis-111,33819030583,2026-09-04T01:21:15Z,2026-09-04T01:21:15Z,2026-10-04T01:21:14Z,2138622
origin_spy_vol_change_20d,"(-0.517, -0.286]",6033,0.5110227084369302,0.0070215476465741,0.0108010644695434,0.0033783712359718,0.0204656742711171,9919754402,regime-analysis-111,33819030583,2026-09-04T01:21:15Z,2026-09-04T01:21:15Z,2026-10-04T01:21:14Z,2138622
origin_spy_vol_change_20d,"(-0.286, 0.00464]",6122,0.4970597843841882,0.0005573656903027,0.0024527191541526,0.0002845189553887,0.0197536023030794,9919754402,regime-analysis-111,33819030583,2026-09-04T01:21:15Z,2026-09-04T01:21:15Z,2026-10-04T01:21:14Z,2138622
origin_spy_vol_change_20d,"(0.00464, 0.255]",6027,0.5440517670482827,0.001754618580985,0.0016723760067913,0.0048833899307924,0.0196029043088571,9919754402,regime-analysis-111,33819030583,2026-09-04T01:21:15Z,2026-09-04T01:21:15Z,2026-10-04T01:21:14Z,2138622
origin_spy_vol_change_20d,"(0.255, 1.673]",5943,0.4849402658589937,-0.0004666719050008,0.0007064056778963,0.003315229230652,0.0207540821117298,9919754402,regime-analysis-111,33819030583,2026-09-04T01:21:15Z,2026-09-04T01:21:15Z,2026-10-04T01:21:14Z,2138622
origin_market_breadth_20d,"(0.0466, 0.476]",7010,0.5787446504992867,0.0040702711541834,0.0044323539115288,0.0034488887154595,0.0210071533797247,9919754402,regime-analysis-111,33819030583,2026-09-04T01:21:15Z,2026-09-04T01:21:15Z,2026-10-04T01:21:14Z,2138622
origin_market_breadth_20d,"(0.476, 0.667]",6405,0.5086651053864168,0.0014613645819691,0.002652536012029,0.0025594715835567,0.019419048409859,9919754402,regime-analysis-111,33819030583,2026-09-04T01:21:15Z,2026-09-04T01:21:15Z,2026-10-04T01:21:14Z,2138622
origin_market_breadth_20d,"(0.667, 0.857]",6174,0.4747327502429543,0.0004646963089786,0.0021741187117822,0.003351950754303,0.0210457528865843,9919754402,regime-analysis-111,33819030583,2026-09-04T01:21:15Z,2026-09-04T01:21:15Z,2026-10-04T01:21:14Z,2138622
origin_market_breadth_20d,"(0.857, 1.0]",4536,0.4499559082892416,0.0028247726662301,0.0072691015740168,0.0022030572744798,0.018587643707629,9919754402,regime-analysis-111,33819030583,2026-09-04T01:21:15Z,2026-09-04T01:21:15Z,2026-10-04T01:21:14Z,2138622
origin_market_breadth_252d,"(0.809, 0.905]",7634,0.4287398480482054,0.000980087745521,0.0057320361192455,-0.0016441838765742,0.0187718284328365,9919754402,regime-analysis-111,33819030583,2026-09-04T01:21:15Z,2026-09-04T01:21:15Z,2026-10-04T01:21:14Z,2138622
origin_market_breadth_252d,"(0.905, 0.952]",5634,0.5252041178558751,0.0028033317118199,0.0037252420809846,0.0036912022530509,0.0184116945698721,9919754402,regime-analysis-111,33819030583,2026-09-04T01:21:15Z,2026-09-04T01:21:15Z,2026-10-04T01:21:14Z,2138622
origin_market_breadth_252d,"(0.952, 1.0]",10857,0.5577047066408769,0.0027907234088874,0.0027364437804697,0.0058039608881125,0.0219999590101925,9919754402,regime-analysis-111,33819030583,2026-09-04T01:21:15Z,2026-09-04T01:21:15Z,2026-10-04T01:21:14Z,2138622
origin_market_breadth_above_sma200,"(0.523, 0.81]",6674,0.5404554989511537,0.0031001412843251,0.0042562409300421,0.0028716819493583,0.0202968315991375,9919754402,regime-analysis-111,33819030583,2026-09-04T01:21:15Z,2026-09-04T01:21:15Z,2026-10-04T01:21:14Z,2138622
origin_market_breadth_above_sma200,"(0.81, 0.952]",5691,0.4804076612194693,-0.0016016027014714,-0.0021784777548052,0.0030562789765843,0.0218407175512979,9919754402,regime-analysis-111,33819030583,2026-09-04T01:21:15Z,2026-09-04T01:21:15Z,2026-10-04T01:21:14Z,2138622
origin_market_breadth_above_sma200,"(0.952, 1.0]",11760,0.5056122448979592,0.0035713624835442,0.0066707068604288,0.00295061633983,0.0192289628196865,9919754402,regime-analysis-111,33819030583,2026-09-04T01:21:15Z,2026-09-04T01:21:15Z,2026-10-04T01:21:14Z,2138622
origin_cross_asset_daily_volatility,"(0.0015400000000000001, 0.00834]",6085,0.4637633525061627,0.0021905824252041,0.0060540687038406,0.0006626918823118,0.019742944511962,9919754402,regime-analysis-111,33819030583,2026-09-04T01:21:15Z,2026-09-04T01:21:15Z,2026-10-04T01:21:14Z,2138622
origin_cross_asset_daily_volatility,"(0.00834, 0.0113]",6048,0.4970238095238095,0.0016929361791109,0.0025700606824308,0.0025947250527836,0.0192540588718825,9919754402,regime-analysis-111,33819030583,2026-09-04T01:21:15Z,2026-09-04T01:21:15Z,2026-10-04T01:21:14Z,2138622
origin_cross_asset_daily_volatility,"(0.0113, 0.0157]",6022,0.5222517436067752,0.0004336886045026,0.0006952038798853,0.0037050150048302,0.0206555635667474,9919754402,regime-analysis-111,33819030583,2026-09-04T01:21:15Z,2026-09-04T01:21:15Z,2026-10-04T01:21:14Z,2138622
origin_cross_asset_daily_volatility,"(0.0157, 0.0647]",5970,0.5551088777219431,0.0045887102041955,0.0063461800516358,0.0048946665929596,0.0209241224832842,9919754402,regime-analysis-111,33819030583,2026-09-04T01:21:15Z,2026-09-04T01:21:15Z,2026-10-04T01:21:14Z,2138622
origin_cross_asset_return_20d_dispersion,"(0.0172, 0.0446]",6054,0.4910802775024777,0.0024853032726026,0.0055393559629703,0.0030616294806328,0.0179992338583642,9919754402,regime-analysis-111,33819030583,2026-09-04T01:21:15Z,2026-09-04T01:21:15Z,2026-10-04T01:21:14Z,2138622
origin_cross_asset_return_20d_dispersion,"(0.0446, 0.0572]",6022,0.5277316506144138,0.0010850991269975,0.002007791122038,0.0004480015150219,0.0191365519491214,9919754402,regime-analysis-111,33819030583,2026-09-04T01:21:15Z,2026-09-04T01:21:15Z,2026-10-04T01:21:14Z,2138622
origin_cross_asset_return_20d_dispersion,"(0.0572, 0.0698]",6043,0.4795631308952507,0.001593992736041,0.0043034232804266,0.001720377149121,0.0216403178028097,9919754402,regime-analysis-111,33819030583,2026-09-04T01:21:15Z,2026-09-04T01:21:15Z,2026-10-04T01:21:14Z,2138622
origin_cross_asset_return_20d_dispersion,"(0.0698, 0.157]",6006,0.5391275391275391,0.0037232523651316,0.0038002300570751,0.0065982231153526,0.0217963806756691,9919754402,regime-analysis-111,33819030583,2026-09-04T01:21:15Z,2026-09-04T01:21:15Z,2026-10-04T01:21:14Z,2138622
origin_vix_market,"(13.469000000000001, 15.98]",6064,0.504122691292876,0.0036881241676671,0.0059971375179618,0.0037143002871163,0.0185174457973982,9874003459,regime-analysis-110,33696956081,2026-09-03T01:09:06Z,2026-09-03T01:09:06Z,2026-10-03T01:09:05Z,2157677
origin_vix_market,"(15.98, 17.17]",6080,0.4516447368421052,-0.0004647700874208,0.0015571172209931,0.0034797823663815,0.0215396364700733,9874003459,regime-analysis-110,33696956081,2026-09-03T01:09:06Z,2026-09-03T01:09:06Z,2026-10-03T01:09:05Z,2157677
origin_vix_market,"(17.17, 19.03]",6038,0.5207022192779066,0.0027401594882272,0.0035165770093091,0.0044038575470207,0.0222308231048422,9874003459,regime-analysis-110,33696956081,2026-09-03T01:09:06Z,2026-09-03T01:09:06Z,2026-10-03T01:09:05Z,2157677
origin_vix_market,"(19.03, 31.05]",5943,0.6027258960121151,0.005338066829758,0.0038924740320327,0.0037197406539856,0.0200675088164171,9874003459,regime-analysis-110,33696956081,2026-09-03T01:09:06Z,2026-09-03T01:09:06Z,2026-10-03T01:09:05Z,2157677
origin_vix_change_1d,"(-5.361000000000001, -0.69]",6043,0.5275525401290749,0.0027905638265228,0.0036310430443901,0.0047449233009604,0.0207027029486119,9874003459,regime-analysis-110,33696956081,2026-09-03T01:09:06Z,2026-09-03T01:09:06Z,2026-10-03T01:09:05Z,2157677
origin_vix_change_1d,"(-0.69, -0.12]",6101,0.5046713653499426,0.0019067356217617,0.0036306163014679,0.0025843363056911,0.0206626237340481,9874003459,regime-analysis-110,33696956081,2026-09-03T01:09:06Z,2026-09-03T01:09:06Z,2026-10-03T01:09:05Z,2157677
origin_vix_change_1d,"(-0.12, 0.65]",6043,0.5242429256991561,0.0032552475336046,0.0038931214042312,0.0040607700012788,0.0208395223372232,9874003459,regime-analysis-110,33696956081,2026-09-03T01:09:06Z,2026-09-03T01:09:06Z,2026-10-03T01:09:05Z,2157677
origin_vix_change_1d,"(0.65, 6.11]",5938,0.5210508588750421,0.0033075723985793,0.0038028063234866,0.0039403273623724,0.0201480904433721,9874003459,regime-analysis-110,33696956081,2026-09-03T01:09:06Z,2026-09-03T01:09:06Z,2026-10-03T01:09:05Z,2157677
origin_vix_change_5d,"(-10.071, -1.44]",6064,0.5194591029023746,0.002430077367205,0.0018295666328943,0.0032711117676182,0.0209908097546671,9874003459,regime-analysis-110,33696956081,2026-09-03T01:09:06Z,2026-09-03T01:09:06Z,2026-10-03T01:09:05Z,2157677
origin_vix_change_5d,"(-1.44, 0.07]",6085,0.495973705834018,0.0009693414863273,0.0032123803994574,0.0038539506451677,0.0215324216784675,9874003459,regime-analysis-110,33696956081,2026-09-03T01:09:06Z,2026-09-03T01:09:06Z,2026-10-03T01:09:05Z,2157677
origin_vix_change_5d,"(0.07, 1.23]",6122,0.4918327344005227,0.0012649284443959,0.0026266131969565,0.0035976988951254,0.020747717090179,9874003459,regime-analysis-110,33696956081,2026-09-03T01:09:06Z,2026-09-03T01:09:06Z,2026-10-03T01:09:05Z,2157677
origin_vix_change_5d,"(1.23, 9.63]",5854,0.5722582849333789,0.0067355437213457,0.0074270630308849,0.0046233481779262,0.0190316220643355,9874003459,regime-analysis-110,33696956081,2026-09-03T01:09:06Z,2026-09-03T01:09:06Z,2026-10-03T01:09:05Z,2157677
origin_vix_change_20d,"(-13.030999999999999, -2.04]",6043,0.5106735065364885,0.0026077941696062,0.0043106874220879,0.0021997436362884,0.0213613882100658,9874003459,regime-analysis-110,33696956081,2026-09-03T01:09:06Z,2026-09-03T01:09:06Z,2026-10-03T01:09:05Z,2157677
origin_vix_change_20d,"(-2.04, 0.07]",6064,0.4892810026385224,0.0023536320802847,0.0040581032226687,0.0032681789189197,0.0185509181541063,9874003459,regime-analysis-110,33696956081,2026-09-03T01:09:06Z,2026-09-03T01:09:06Z,2026-10-03T01:09:05Z,2157677
origin_vix_change_20d,"(0.07, 2.28]",5991,0.4920714404940744,0.0030708450538845,0.0050377146629999,0.0031730732489723,0.0214970580164644,9874003459,regime-analysis-110,33696956081,2026-09-03T01:09:06Z,2026-09-03T01:09:06Z,2026-10-03T01:09:05Z,2157677
origin_vix_change_20d,"(2.28, 11.19]",6027,0.5853658536585366,0.0032154370600272,0.0015532120768484,0.0066793321239768,0.0209678421503079,9874003459,regime-analysis-110,33696956081,2026-09-03T01:09:06Z,2026-09-03T01:09:06Z,2026-10-03T01:09:05Z,2157677
origin_vix_pct_change_1d,"(-0.185, -0.0397]",6127,0.5253794679288396,0.0028400824509175,0.004035062035179,0.0050801405266018,0.0202927298965089,9874003459,regime-analysis-110,33696956081,2026-09-03T01:09:06Z,2026-09-03T01:09:06Z,2026-10-03T01:09:05Z,2157677
origin_vix_pct_change_1d,"(-0.0397, -0.00639]",6017,0.5065647332557753,0.0018439730854701,0.0032192052655747,0.0022128280375995,0.0210795321994314,9874003459,regime-analysis-110,33696956081,2026-09-03T01:09:06Z,2026-09-03T01:09:06Z,2026-10-03T01:09:05Z,2157677
origin_vix_pct_change_1d,"(-0.00639, 0.0427]",6043,0.5141486016879033,0.0021202771553212,0.0026750293969057,0.0038296487849002,0.0210349023755836,9874003459,regime-analysis-110,33696956081,2026-09-03T01:09:06Z,2026-09-03T01:09:06Z,2026-10-03T01:09:05Z,2157677
origin_vix_pct_change_1d,"(0.0427, 0.397]",5938,0.5313236780060626,0.0044626121419216,0.0050424375124842,0.0041755354308426,0.0199492555542155,9874003459,regime-analysis-110,33696956081,2026-09-03T01:09:06Z,2026-09-03T01:09:06Z,2026-10-03T01:09:05Z,2157677
origin_vix_pct_change_5d,"(-0.382, -0.078]",6127,0.5088950546760241,0.0022304232359786,0.0020760259619075,0.003530576727953,0.0209217181290143,9874003459,regime-analysis-110,33696956081,2026-09-03T01:09:06Z,2026-09-03T01:09:06Z,2026-10-03T01:09:05Z,2157677
origin_vix_pct_change_5d,"(-0.078, 0.00389]",6022,0.5064762537363002,0.0011571951066409,0.0029760902895985,0.0035960590870997,0.0216083841397054,9874003459,regime-analysis-110,33696956081,2026-09-03T01:09:06Z,2026-09-03T01:09:06Z,2026-10-03T01:09:05Z,2157677
origin_vix_pct_change_5d,"(0.00389, 0.0721]",5954,0.4897547866980181,0.0004194086216218,0.0015604217308732,0.0033217550207838,0.0210957589419751,9874003459,regime-analysis-110,33696956081,2026-09-03T01:09:06Z,2026-09-03T01:09:06Z,2026-10-03T01:09:05Z,2157677
origin_vix_pct_change_5d,"(0.0721, 0.54]",6022,0.5720690800398539,0.0074188983640342,0.0083472935883342,0.0048675628488527,0.0187353853952468,9874003459,regime-analysis-110,33696956081,2026-09-03T01:09:06Z,2026-09-03T01:09:06Z,2026-10-03T01:09:05Z,2157677
origin_vix_pct_change_20d,"(-0.437, -0.114]",6043,0.5052126427271223,0.0030257132444557,0.005020039560178,0.0021942806299119,0.0210940297111327,9874003459,regime-analysis-110,33696956081,2026-09-03T01:09:06Z,2026-09-03T01:09:06Z,2026-10-03T01:09:05Z,2157677
origin_vix_pct_change_20d,"(-0.114, 0.00376]",6064,0.4947229551451187,0.0019371602845532,0.0033512076140806,0.0032736230065736,0.0188173507743327,9874003459,regime-analysis-110,33696956081,2026-09-03T01:09:06Z,2026-09-03T01:09:06Z,2026-10-03T01:09:05Z,2157677
origin_vix_pct_change_20d,"(0.00376, 0.149]",5991,0.4904022700717743,0.0036109402184605,0.0053232271223072,0.0028413554724612,0.020879827780646,9874003459,regime-analysis-110,33696956081,2026-09-03T01:09:06Z,2026-09-03T01:09:06Z,2026-10-03T01:09:05Z,2157677
origin_vix_pct_change_20d,"(0.149, 0.612]",6027,0.5870250539240086,0.0026785679491967,0.0012694050179949,0.0070090685100856,0.0215813855952703,9874003459,regime-analysis-110,33696956081,2026-09-03T01:09:06Z,2026-09-03T01:09:06Z,2026-10-03T01:09:05Z,2157677
origin_vix_distance_ma20,"(-0.255, -0.0833]",6132,0.5156555772994129,0.0027152307547851,0.0037617555255604,0.0025021950973718,0.0191780063703669,9874003459,regime-analysis-110,33696956081,2026-09-03T01:09:06Z,2026-09-03T01:09:06Z,2026-10-03T01:09:05Z,2157677
origin_vix_distance_ma20,"(-0.0833, -0.00956]",5959,0.510991777143816,0.0025296518349277,0.0030634388680623,0.0037056217094388,0.0210518134026906,9874003459,regime-analysis-110,33696956081,2026-09-03T01:09:06Z,2026-09-03T01:09:06Z,2026-10-03T01:09:05Z,2157677
origin_vix_distance_ma20,"(-0.00956, 0.0621]",6038,0.471844981782047,-0.0001972173357404,0.0020759583813155,0.0051711195629897,0.0223475750774792,9874003459,regime-analysis-110,33696956081,2026-09-03T01:09:06Z,2026-09-03T01:09:06Z,2026-10-03T01:09:05Z,2157677
origin_vix_distance_ma20,"(0.0621, 0.447]",5996,0.579219479653102,0.0062166452603247,0.0060612451573107,0.0039574756970077,0.0198064953984206,9874003459,regime-analysis-110,33696956081,2026-09-03T01:09:06Z,2026-09-03T01:09:06Z,2026-10-03T01:09:05Z,2157677
origin_vix_trend_ma,"(-0.224, -0.0712]",6069,0.5226561212720382,0.003711759622391,0.0051423694206098,0.0015233591488439,0.0199896430996536,9874003459,regime-analysis-110,33696956081,2026-09-03T01:09:06Z,2026-09-03T01:09:06Z,2026-10-03T01:09:05Z,2157677
origin_vix_trend_ma,"(-0.0712, -0.000928]",6064,0.5301781002638523,0.0028314509962674,0.0030874190038798,0.0045606870021179,0.0193266251690903,9874003459,regime-analysis-110,33696956081,2026-09-03T01:09:06Z,2026-09-03T01:09:06Z,2026-10-03T01:09:05Z,2157677
origin_vix_trend_ma,"(-0.000928, 0.0564]",6033,0.4012928891098956,-0.0016201781839574,0.0024991712034416,0.00356134728726,0.0224378096884707,9874003459,regime-analysis-110,33696956081,2026-09-03T01:09:06Z,2026-09-03T01:09:06Z,2026-10-03T01:09:05Z,2157677
origin_vix_trend_ma,"(0.0564, 0.24]",5959,0.6244336298036584,0.0063578023115525,0.0042274426990378,0.0057040818031556,0.0206176524599375,9874003459,regime-analysis-110,33696956081,2026-09-03T01:09:06Z,2026-09-03T01:09:06Z,2026-10-03T01:09:05Z,2157677
origin_vix_percentile_252,"(0.0029699999999999996, 0.262]",6148,0.4899154196486662,0.0026857444839683,0.005146762693378,0.0036418990995372,0.019022547777978,9874003459,regime-analysis-110,33696956081,2026-09-03T01:09:06Z,2026-09-03T01:09:06Z,2026-10-03T01:09:05Z,2157677
origin_vix_percentile_252,"(0.262, 0.504]",6248,0.4695902688860435,0.0002726611281644,0.0018142731367989,0.0035672156287219,0.021017894453786,9874003459,regime-analysis-110,33696956081,2026-09-03T01:09:06Z,2026-09-03T01:09:06Z,2026-10-03T01:09:05Z,2157677
origin_vix_percentile_252,"(0.504, 0.706]",5891,0.5230011882532677,0.0031051522761813,0.0044692710932454,0.0038174239054509,0.0226051989643939,9874003459,regime-analysis-110,33696956081,2026-09-03T01:09:06Z,2026-09-03T01:09:06Z,2026-10-03T01:09:05Z,2157677
origin_vix_percentile_252,"(0.706, 0.968]",5838,0.5998629667694416,0.0053614595932152,0.0035789017059303,0.0043183797816033,0.0197506064527174,9874003459,regime-analysis-110,33696956081,2026-09-03T01:09:06Z,2026-09-03T01:09:06Z,2026-10-03T01:09:05Z,2157677
origin_spy_return_5d,"(-0.0392, -0.00697]",6043,0.615588283964918,0.0068381146789013,0.0052711764102119,0.0043371808176914,0.0192103884741606,9874003459,regime-analysis-110,33696956081,2026-09-03T01:09:06Z,2026-09-03T01:09:06Z,2026-10-03T01:09:05Z,2157677
origin_spy_return_5d,"(-0.00697, 0.00441]",6075,0.476872427983539,0.0036366057295408,0.0067392445879338,0.0053068074237587,0.0214080328020928,9874003459,regime-analysis-110,33696956081,2026-09-03T01:09:06Z,2026-09-03T01:09:06Z,2026-10-03T01:09:05Z,2157677
origin_spy_return_5d,"(0.00441, 0.0139]",6069,0.4730598121601582,0.0012725027655245,0.0035122315110542,0.0025992799219271,0.0206894887345338,9874003459,regime-analysis-110,33696956081,2026-09-03T01:09:06Z,2026-09-03T01:09:06Z,2026-10-03T01:09:05Z,2157677
origin_spy_return_5d,"(0.0139, 0.0553]",5938,0.5121252947120243,-0.0005607492615605,-0.0006585353977868,0.0030572643444596,0.0210567551203301,9874003459,regime-analysis-110,33696956081,2026-09-03T01:09:06Z,2026-09-03T01:09:06Z,2026-10-03T01:09:05Z,2157677
origin_spy_return_20d,"(-0.0803, -0.00265]",6106,0.5791025221094006,0.0042811017262387,0.0022995504682505,0.0056950560131724,0.020933209439609,9874003459,regime-analysis-110,33696956081,2026-09-03T01:09:06Z,2026-09-03T01:09:06Z,2026-10-03T01:09:05Z,2157677
origin_spy_return_20d,"(-0.00265, 0.0138]",5996,0.5637091394262842,0.0046215962222361,0.0048928307117412,0.0071854574485111,0.0212090766029378,9874003459,regime-analysis-110,33696956081,2026-09-03T01:09:06Z,2026-09-03T01:09:06Z,2026-10-03T01:09:05Z,2157677
origin_spy_return_20d,"(0.0138, 0.0318]",6080,0.462828947368421,0.0027618167460248,0.0063795986315629,0.0024054648270244,0.0186067662582072,9874003459,regime-analysis-110,33696956081,2026-09-03T01:09:06Z,2026-09-03T01:09:06Z,2026-10-03T01:09:05Z,2157677
origin_spy_return_20d,"(0.0318, 0.128]",5943,0.4709742554265522,-0.0004770565243799,0.001351767117701,-1.7791809152093293e-05,0.0216430686281516,9874003459,regime-analysis-110,33696956081,2026-09-03T01:09:06Z,2026-09-03T01:09:06Z,2026-10-03T01:09:05Z,2157677
origin_spy_return_60d,"(-0.078, 0.0232]",6111,0.6126656848306333,0.0019719260464088,-1.5779575323450355e-05,0.0061748659897979,0.0224215921823307,9874003459,regime-analysis-110,33696956081,2026-09-03T01:09:06Z,2026-09-03T01:09:06Z,2026-10-03T01:09:05Z,2157677
origin_spy_return_60d,"(0.0232, 0.0461]",6012,0.585163007318696,0.0092212968936988,0.0106760162943261,0.0045710100360084,0.0191652284685341,9874003459,regime-analysis-110,33696956081,2026-09-03T01:09:06Z,2026-09-03T01:09:06Z,2026-10-03T01:09:05Z,2157677
origin_spy_return_60d,"(0.0461, 0.0752]",6038,0.4562769128850613,0.0027395087897289,0.0046274365740038,0.0020569948126993,0.0196922790869649,9874003459,regime-analysis-110,33696956081,2026-09-03T01:09:06Z,2026-09-03T01:09:06Z,2026-10-03T01:09:05Z,2157677
origin_spy_return_60d,"(0.0752, 0.162]",5964,0.4211938296445339,-0.0027199587670224,-0.0003065498396015,0.0024718060404098,0.0210596933853669,9874003459,regime-analysis-110,33696956081,2026-09-03T01:09:06Z,2026-09-03T01:09:06Z,2026-10-03T01:09:05Z,2157677
origin_spy_return_120d,"(-0.06, 0.0686]",6064,0.5653034300791556,0.0035675689709483,0.0029124795862655,0.0023342318163594,0.0204188929210257,9874003459,regime-analysis-110,33696956081,2026-09-03T01:09:06Z,2026-09-03T01:09:06Z,2026-10-03T01:09:05Z,2157677
origin_spy_return_120d,"(0.0686, 0.0988]",6007,0.5698351922756784,0.0055520782451667,0.0055863366112369,0.0092510173514767,0.0223932381791045,9874003459,regime-analysis-110,33696956081,2026-09-03T01:09:06Z,2026-09-03T01:09:06Z,2026-10-03T01:09:05Z,2157677
origin_spy_return_120d,"(0.0988, 0.138]",6090,0.5318555008210181,0.002162323597573,0.0024086006117589,0.0054045196303847,0.0206055824680746,9874003459,regime-analysis-110,33696956081,2026-09-03T01:09:06Z,2026-09-03T01:09:06Z,2026-10-03T01:09:05Z,2157677
origin_spy_return_120d,"(0.138, 0.342]",5964,0.408953722334004,-5.791850895093071e-05,0.0040766602626947,-0.0017206008064295,0.0189331573123604,9874003459,regime-analysis-110,33696956081,2026-09-03T01:09:06Z,2026-09-03T01:09:06Z,2026-10-03T01:09:05Z,2157677
origin_spy_distance_sma50,"(-0.0693, 0.00313]",6101,0.623176528437961,0.0068687667926143,0.0048649844659629,0.0056052571593152,0.0198830938443598,9874003459,regime-analysis-110,33696956081,2026-09-03T01:09:06Z,2026-09-03T01:09:06Z,2026-10-03T01:09:05Z,2157677
origin_spy_distance_sma50,"(0.00313, 0.0174]",5970,0.5505862646566164,0.0037803078333279,0.0039205272629813,0.0080404755114801,0.0202839090304305,9874003459,regime-analysis-110,33696956081,2026-09-03T01:09:06Z,2026-09-03T01:09:06Z,2026-10-03T01:09:05Z,2157677
origin_spy_distance_sma50,"(0.0174, 0.0327]",6048,0.4206349206349206,0.0003315482737249,0.0044338726613888,0.0021494450782845,0.0206146397310231,9874003459,regime-analysis-110,33696956081,2026-09-03T01:09:06Z,2026-09-03T01:09:06Z,2026-10-03T01:09:05Z,2157677
origin_spy_distance_sma50,"(0.0327, 0.0861]",6006,0.4821844821844822,0.0002211470286691,0.0017144688518515,-0.0004698055713889,0.0215888548629928,9874003459,regime-analysis-110,33696956081,2026-09-03T01:09:06Z,2026-09-03T01:09:06Z,2026-10-03T01:09:05Z,2157677
origin_spy_distance_sma200,"(-0.0461, 0.0643]",6038,0.5736999006293475,0.0043653806304355,0.0031508089148691,0.003723768063688,0.021050143660076,9874003459,regime-analysis-110,33696956081,2026-09-03T01:09:06Z,2026-09-03T01:09:06Z,2026-10-03T01:09:05Z,2157677
origin_spy_distance_sma200,"(0.0643, 0.0873]",6117,0.4922347555991499,0.002827164465791,0.0048187791519005,0.0068794627539152,0.0219404259353103,9874003459,regime-analysis-110,33696956081,2026-09-03T01:09:06Z,2026-09-03T01:09:06Z,2026-10-03T01:09:05Z,2157677
origin_spy_distance_sma200,"(0.0873, 0.101]",5943,0.552246340232206,0.0051123021382124,0.005934452231971,0.004873354888574,0.0201076617893111,9874003459,regime-analysis-110,33696956081,2026-09-03T01:09:06Z,2026-09-03T01:09:06Z,2026-10-03T01:09:05Z,2157677
origin_spy_distance_sma200,"(0.101, 0.13]",6027,0.4599303135888501,-0.0010330426266513,0.0010669443922977,-0.0001909123996718,0.0192353590470823,9874003459,regime-analysis-110,33696956081,2026-09-03T01:09:06Z,2026-09-03T01:09:06Z,2026-10-03T01:09:05Z,2157677
origin_spy_trend_ma50_200,"(0.0115, 0.0452]",6090,0.5538587848932677,0.0025397888531461,0.002431085894202,0.0010764467189995,0.02239331152166,9874003459,regime-analysis-110,33696956081,2026-09-03T01:09:06Z,2026-09-03T01:09:06Z,2026-10-03T01:09:05Z,2157677
origin_spy_trend_ma50_200,"(0.0452, 0.0645]",5980,0.4655518394648829,0.0013523573973899,0.0023748482009235,0.0065508664365789,0.0205085542596673,9874003459,regime-analysis-110,33696956081,2026-09-03T01:09:06Z,2026-09-03T01:09:06Z,2026-10-03T01:09:05Z,2157677
origin_spy_trend_ma50_200,"(0.0645, 0.0795]",6070,0.4443163097199341,0.0002170531597731,0.0039833094799618,0.004685865905673,0.0213457164320963,9874003459,regime-analysis-110,33696956081,2026-09-03T01:09:06Z,2026-09-03T01:09:06Z,2026-10-03T01:09:05Z,2157677
origin_spy_trend_ma50_200,"(0.0795, 0.0902]",5985,0.6140350877192983,0.0071739804425243,0.0061845256284973,0.0030416969836819,0.0180713075144407,9874003459,regime-analysis-110,33696956081,2026-09-03T01:09:06Z,2026-09-03T01:09:06Z,2026-10-03T01:09:05Z,2157677
origin_spy_volatility_20d,"(0.0557, 0.102]",6064,0.4366754617414248,0.0033970253818664,0.0085474031604647,0.0007935572995714,0.0204117612779873,9874003459,regime-analysis-110,33696956081,2026-09-03T01:09:06Z,2026-09-03T01:09:06Z,2026-10-03T01:09:05Z,2157677
origin_spy_volatility_20d,"(0.102, 0.125]",6059,0.5489354678989933,0.0020932592600905,0.0012511179924201,0.0060177475026714,0.0226526194035206,9874003459,regime-analysis-110,33696956081,2026-09-03T01:09:06Z,2026-09-03T01:09:06Z,2026-10-03T01:09:05Z,2157677
origin_spy_volatility_20d,"(0.125, 0.139]",5975,0.5407531380753138,0.0015554537442063,0.0002343503165488,0.0045782251378629,0.0196267079302089,9874003459,regime-analysis-110,33696956081,2026-09-03T01:09:06Z,2026-09-03T01:09:06Z,2026-10-03T01:09:05Z,2157677
origin_spy_volatility_20d,"(0.139, 0.207]",6027,0.5515181682429069,0.0041864511508583,0.0048760179101755,0.0039404256715118,0.0196520614929199,9874003459,regime-analysis-110,33696956081,2026-09-03T01:09:06Z,2026-09-03T01:09:06Z,2026-10-03T01:09:05Z,2157677
origin_spy_volatility_60d,"(0.0849, 0.111]",6048,0.3831018518518518,-0.0002331107524763,0.0040063430855437,-0.001096145025601,0.0201381911634325,9874003459,regime-analysis-110,33696956081,2026-09-03T01:09:06Z,2026-09-03T01:09:06Z,2026-10-03T01:09:05Z,2157677
origin_spy_volatility_60d,"(0.111, 0.124]",6027,0.6203749792599966,0.0020487666908269,-0.0001381697619296,0.0064675710594399,0.0210195765131996,9874003459,regime-analysis-110,33696956081,2026-09-03T01:09:06Z,2026-09-03T01:09:06Z,2026-10-03T01:09:05Z,2157677
origin_spy_volatility_60d,"(0.124, 0.14]",6107,0.5627967905682004,0.0071640119348206,0.0072756325352713,0.0075903961045489,0.0187700089196802,9874003459,regime-analysis-110,33696956081,2026-09-03T01:09:06Z,2026-09-03T01:09:06Z,2026-10-03T01:09:05Z,2157677
origin_spy_volatility_60d,"(0.14, 0.158]",5943,0.5108531044926805,0.0022075573077228,0.003764105342086,0.0023005871838013,0.0224856946967007,9874003459,regime-analysis-110,33696956081,2026-09-03T01:09:06Z,2026-09-03T01:09:06Z,2026-10-03T01:09:05Z,2157677
origin_spy_vol_change_20d,"(-0.517, -0.286]",6054,0.5374958704988437,0.0086009425139299,0.0107955662281103,0.0031650812819703,0.0206085427258531,9874003459,regime-analysis-110,33696956081,2026-09-03T01:09:06Z,2026-09-03T01:09:06Z,2026-10-03T01:09:05Z,2157677
origin_spy_vol_change_20d,"(-0.286, -0.00311]",6017,0.4621904603623068,-0.0006540181411015,0.0017607366951764,0.0008413706516459,0.0203654300971264,9874003459,regime-analysis-110,33696956081,2026-09-03T01:09:06Z,2026-09-03T01:09:06Z,2026-10-03T01:09:05Z,2157677
origin_spy_vol_change_20d,"(-0.00311, 0.255]",6090,0.5366174055829228,0.0019913906632865,0.0016106745748892,0.006416168017964,0.0198880648990963,9874003459,regime-analysis-110,33696956081,2026-09-03T01:09:06Z,2026-09-03T01:09:06Z,2026-10-03T01:09:05Z,2157677
origin_spy_vol_change_20d,"(0.255, 1.673]",5964,0.5409121395036888,0.0012652161329048,0.000744510557714,0.0048757732700902,0.0215158400510147,9874003459,regime-analysis-110,33696956081,2026-09-03T01:09:06Z,2026-09-03T01:09:06Z,2026-10-03T01:09:05Z,2157677
origin_market_breadth_20d,"(0.0466, 0.476]",6947,0.5789549445803944,0.0056179452843826,0.0042994668105663,0.0054140111328784,0.0206501459867368,9874003459,regime-analysis-110,33696956081,2026-09-03T01:09:06Z,2026-09-03T01:09:06Z,2026-10-03T01:09:05Z,2157677
origin_market_breadth_20d,"(0.476, 0.667]",6426,0.5238095238095238,0.0020909770026862,0.0025487339164137,0.004847041875564,0.0197285832394528,9874003459,regime-analysis-110,33696956081,2026-09-03T01:09:06Z,2026-09-03T01:09:06Z,2026-10-03T01:09:05Z,2157677
origin_market_breadth_20d,"(0.667, 0.857]",6132,0.5249510763209393,0.001596490543726,0.0022041906297608,0.0048400696869535,0.0215973086073673,9874003459,regime-analysis-110,33696956081,2026-09-03T01:09:06Z,2026-09-03T01:09:06Z,2026-10-03T01:09:05Z,2157677
origin_market_breadth_20d,"(0.857, 1.0]",4620,0.416017316017316,0.0012021716139366,0.0065881650964427,-0.0013116946858568,0.0203624587466477,9874003459,regime-analysis-110,33696956081,2026-09-03T01:09:06Z,2026-09-03T01:09:06Z,2026-10-03T01:09:05Z,2157677
origin_market_breadth_252d,"(0.809, 0.905]",7592,0.4498155953635405,0.0025453652426608,0.0061082655082147,8.015925244680492e-05,0.0184901910495133,9874003459,regime-analysis-110,33696956081,2026-09-03T01:09:06Z,2026-09-03T01:09:06Z,2026-10-03T01:09:05Z,2157677
origin_market_breadth_252d,"(0.905, 0.952]",5739,0.5398152988325492,0.0037952183129457,0.0035581709183407,0.0064489883418999,0.019045544080737,9874003459,regime-analysis-110,33696956081,2026-09-03T01:09:06Z,2026-09-03T01:09:06Z,2026-10-03T01:09:05Z,2157677
origin_market_breadth_252d,"(0.952, 1.0]",10794,0.5573466740781916,0.0024738767982311,0.0021683977328529,0.0050730212308209,0.0228888074790826,9874003459,regime-analysis-110,33696956081,2026-09-03T01:09:06Z,2026-09-03T01:09:06Z,2026-10-03T01:09:05Z,2157677
origin_market_breadth_above_sma200,"(0.523, 0.81]",6527,0.5097288187528727,0.0038260157685789,0.0042266652294984,0.00745789023762,0.0206439333388327,9874003459,regime-analysis-110,33696956081,2026-09-03T01:09:06Z,2026-09-03T01:09:06Z,2026-10-03T01:09:05Z,2157677
origin_market_breadth_above_sma200,"(0.81, 0.952]",5733,0.5065410779696494,-0.0011882949319255,-0.0019403458721083,-0.0008085495061402,0.022343886029465,9874003459,regime-analysis-110,33696956081,2026-09-03T01:09:06Z,2026-09-03T01:09:06Z,2026-10-03T01:09:05Z,2157677
origin_market_breadth_above_sma200,"(0.952, 1.0]",11865,0.5308048883270122,0.0041844321031266,0.0062146261018962,0.0040737689879458,0.0197135477747146,9874003459,regime-analysis-110,33696956081,2026-09-03T01:09:06Z,2026-09-03T01:09:06Z,2026-10-03T01:09:05Z,2157677
origin_cross_asset_daily_volatility,"(0.0015400000000000001, 0.00823]",6043,0.4845275525401291,0.0034088052640605,0.0071052844700727,0.001386856108926,0.0198600302862487,9874003459,regime-analysis-110,33696956081,2026-09-03T01:09:06Z,2026-09-03T01:09:06Z,2026-10-03T01:09:05Z,2157677
origin_cross_asset_daily_volatility,"(0.00823, 0.0113]",6090,0.4954022988505747,0.0015661088809449,0.0018986238144569,0.0025716111958175,0.020347863140886,9874003459,regime-analysis-110,33696956081,2026-09-03T01:09:06Z,2026-09-03T01:09:06Z,2026-10-03T01:09:05Z,2157677
origin_cross_asset_daily_volatility,"(0.0113, 0.0157]",6064,0.52061345646438,0.0006770876905524,0.0001959819883953,0.0042981937470065,0.0208449931807753,9874003459,regime-analysis-110,33696956081,2026-09-03T01:09:06Z,2026-09-03T01:09:06Z,2026-10-03T01:09:05Z,2157677
origin_cross_asset_daily_volatility,"(0.0157, 0.0647]",5928,0.5781039136302294,0.0056621666547234,0.0058218103756438,0.0071307985448051,0.021323381859051,9874003459,regime-analysis-110,33696956081,2026-09-03T01:09:06Z,2026-09-03T01:09:06Z,2026-10-03T01:09:05Z,2157677
origin_cross_asset_return_20d_dispersion,"(0.0172, 0.0443]",6075,0.5132510288065844,0.0034099779709615,0.0054389644470238,0.0042936653870675,0.0187104657106303,9874003459,regime-analysis-110,33696956081,2026-09-03T01:09:06Z,2026-09-03T01:09:06Z,2026-10-03T01:09:05Z,2157677
origin_cross_asset_return_20d_dispersion,"(0.0443, 0.0566]",6022,0.5376951179010295,0.0020401049659487,0.002125872493095,0.0036262969696729,0.0197677658000891,9874003459,regime-analysis-110,33696956081,2026-09-03T01:09:06Z,2026-09-03T01:09:06Z,2026-10-03T01:09:05Z,2157677
origin_cross_asset_return_20d_dispersion,"(0.0566, 0.0693]",6022,0.5089671205579541,0.0033024549997649,0.0039994687607194,0.0013787895794389,0.0206281709643347,9874003459,regime-analysis-110,33696956081,2026-09-03T01:09:06Z,2026-09-03T01:09:06Z,2026-10-03T01:09:05Z,2157677
origin_cross_asset_return_20d_dispersion,"(0.0693, 0.157]",6006,0.5174825174825175,0.0024841299855585,0.0033752024177486,0.0060194565233157,0.0232786023091963,9874003459,regime-analysis-110,33696956081,2026-09-03T01:09:06Z,2026-09-03T01:09:06Z,2026-10-03T01:09:05Z,2157677
origin_vix_market,"(13.469000000000001, 15.99]",6127,0.4950220336216746,0.003058525047736,0.0063958286248349,-7.758806163995423e-05,0.0184481159473603,9827810499,regime-analysis-109,33572569001,2026-09-02T01:26:11Z,2026-09-02T01:26:11Z,2026-10-02T01:26:10Z,2141743
origin_vix_market,"(15.99, 17.17]",6038,0.4277906591586618,-0.0014836986107107,0.0009271352493126,-0.0006830407711669,0.0217130493105413,9827810499,regime-analysis-109,33572569001,2026-09-02T01:26:11Z,2026-09-02T01:26:11Z,2026-10-02T01:26:10Z,2141743
origin_vix_market,"(17.17, 19.0]",5933,0.4636777347041969,0.0002453731967015,0.0032423038913243,0.0010918797636529,0.0220134292193781,9827810499,regime-analysis-109,33572569001,2026-09-02T01:26:11Z,2026-09-02T01:26:11Z,2026-10-02T01:26:10Z,2141743
origin_vix_market,"(19.0, 31.05]",6027,0.5488634478181517,0.0046254725707829,0.0036706922456734,0.0011223058449658,0.0205354152468326,9827810499,regime-analysis-109,33572569001,2026-09-02T01:26:11Z,2026-09-02T01:26:11Z,2026-10-02T01:26:10Z,2141743
origin_vix_change_1d,"(-5.361000000000001, -0.69]",6043,0.4871752440840642,0.0022936443957289,0.0033069498776159,0.0012564999076207,0.0201363281584559,9827810499,regime-analysis-109,33572569001,2026-09-02T01:26:11Z,2026-09-02T01:26:11Z,2026-10-02T01:26:10Z,2141743
origin_vix_change_1d,"(-0.69, -0.12]",6143,0.4873840143252482,0.0008194830066986,0.0035583802780513,-0.0014257725802815,0.0205495904289715,9827810499,regime-analysis-109,33572569001,2026-09-02T01:26:11Z,2026-09-02T01:26:11Z,2026-10-02T01:26:10Z,2141743
origin_vix_change_1d,"(-0.12, 0.65]",6085,0.4971240755957272,0.0021199291455356,0.0037871420968256,0.0014774202483733,0.020977644872794,9827810499,regime-analysis-109,33572569001,2026-09-02T01:26:11Z,2026-09-02T01:26:11Z,2026-10-02T01:26:10Z,2141743
origin_vix_change_1d,"(0.65, 6.11]",5854,0.4632729757430816,0.0012504590146946,0.0036312517857753,0.0001397450534598,0.0210008006969735,9827810499,regime-analysis-109,33572569001,2026-09-02T01:26:11Z,2026-09-02T01:26:11Z,2026-10-02T01:26:10Z,2141743
origin_vix_change_5d,"(-10.071, -1.52]",6043,0.5134866788019196,0.0013440794442833,0.0024499075113683,0.0006621790128398,0.0208374120921261,9827810499,regime-analysis-109,33572569001,2026-09-02T01:26:11Z,2026-09-02T01:26:11Z,2026-10-02T01:26:10Z,2141743
origin_vix_change_5d,"(-1.52, 0.02]",6211,0.4260183545322814,-0.0009747132539419,0.002408661521333,-0.0014653301990748,0.0217884810080984,9827810499,regime-analysis-109,33572569001,2026-09-02T01:26:11Z,2026-09-02T01:26:11Z,2026-10-02T01:26:10Z,2141743
origin_vix_change_5d,"(0.02, 1.14]",5917,0.4767618725705594,0.0008359388260256,0.0021041445088845,0.0009193010311632,0.020666608909491,9827810499,regime-analysis-109,33572569001,2026-09-02T01:26:11Z,2026-09-02T01:26:11Z,2026-10-02T01:26:10Z,2141743
origin_vix_change_5d,"(1.14, 9.63]",5954,0.5214981525025193,0.0053913260028521,0.0073782205092957,0.0013944896919479,0.0193104735751225,9827810499,regime-analysis-109,33572569001,2026-09-02T01:26:11Z,2026-09-02T01:26:11Z,2026-10-02T01:26:10Z,2141743
origin_vix_change_20d,"(-13.030999999999999, -2.04]",6106,0.4534883720930232,0.0011236225317226,0.0045302202917288,-0.0003203411168285,0.0210747303897414,9827810499,regime-analysis-109,33572569001,2026-09-02T01:26:11Z,2026-09-02T01:26:11Z,2026-10-02T01:26:10Z,2141743
origin_vix_change_20d,"(-2.04, 0.01]",6022,0.4785785453337761,0.0015440119545576,0.0038804872028973,-0.0005021690660216,0.0185933613052498,9827810499,regime-analysis-109,33572569001,2026-09-02T01:26:11Z,2026-09-02T01:26:11Z,2026-10-02T01:26:10Z,2141743
origin_vix_change_20d,"(0.01, 2.28]",6012,0.4599135063206919,0.0012625171050822,0.0046918966324924,-0.0008649324016559,0.0220311750025826,9827810499,regime-analysis-109,33572569001,2026-09-02T01:26:11Z,2026-09-02T01:26:11Z,2026-10-02T01:26:10Z,2141743
origin_vix_change_20d,"(2.28, 11.19]",5985,0.5445279866332497,0.002567318481428,0.0011541577577153,0.0031449818394455,0.0209531615275277,9827810499,regime-analysis-109,33572569001,2026-09-02T01:26:11Z,2026-09-02T01:26:11Z,2026-10-02T01:26:10Z,2141743
origin_vix_pct_change_1d,"(-0.185, -0.0397]",6127,0.4824547086665579,0.0022446933370864,0.0037154121238331,0.0013891767316412,0.0200165059032923,9827810499,regime-analysis-109,33572569001,2026-09-02T01:26:11Z,2026-09-02T01:26:11Z,2026-10-02T01:26:10Z,2141743
origin_vix_pct_change_1d,"(-0.0397, -0.00642]",5954,0.4907625125965737,0.0009342259154922,0.0034459502985671,-0.0015171271889926,0.0205927539736198,9827810499,regime-analysis-109,33572569001,2026-09-02T01:26:11Z,2026-09-02T01:26:11Z,2026-10-02T01:26:10Z,2141743
origin_vix_pct_change_1d,"(-0.00642, 0.0427]",6085,0.4747740345110928,0.0001719199431598,0.0018976605883213,0.0005533093981725,0.0214476765001128,9827810499,regime-analysis-109,33572569001,2026-09-02T01:26:11Z,2026-09-02T01:26:11Z,2026-10-02T01:26:10Z,2141743
origin_vix_pct_change_1d,"(0.0427, 0.397]",5959,0.488001342507132,0.0031469681296943,0.0052553033950805,0.0009728611337479,0.0205987784974266,9827810499,regime-analysis-109,33572569001,2026-09-02T01:26:11Z,2026-09-02T01:26:11Z,2026-10-02T01:26:10Z,2141743
origin_vix_pct_change_5d,"(-0.382, -0.0795]",6127,0.5172188673086339,0.0016989260714456,0.0032231439557563,0.0007034699375959,0.0201950139542644,9827810499,regime-analysis-109,33572569001,2026-09-02T01:26:11Z,2026-09-02T01:26:11Z,2026-10-02T01:26:10Z,2141743
origin_vix_pct_change_5d,"(-0.0795, 0.00107]",6022,0.4251079375622716,-0.0013850866785415,0.0014463060112843,-0.0014227940714293,0.0224742423782489,9827810499,regime-analysis-109,33572569001,2026-09-02T01:26:11Z,2026-09-02T01:26:11Z,2026-10-02T01:26:10Z,2141743
origin_vix_pct_change_5d,"(0.00107, 0.0704]",6038,0.4673733024180192,0.0003774847630703,0.001549400132024,0.0002697712461854,0.0209847258158894,9827810499,regime-analysis-109,33572569001,2026-09-02T01:26:11Z,2026-09-02T01:26:11Z,2026-10-02T01:26:10Z,2141743
origin_vix_pct_change_5d,"(0.0704, 0.54]",5938,0.5261030650050522,0.0058549936098277,0.0081394408820444,0.0018982324926603,0.0189840196735975,9827810499,regime-analysis-109,33572569001,2026-09-02T01:26:11Z,2026-09-02T01:26:11Z,2026-10-02T01:26:10Z,2141743
origin_vix_pct_change_20d,"(-0.437, -0.114]",6106,0.443170651817884,0.0012457635381799,0.0052322535328815,-0.0003071068572191,0.0209506225145249,9827810499,regime-analysis-109,33572569001,2026-09-02T01:26:11Z,2026-09-02T01:26:11Z,2026-10-02T01:26:10Z,2141743
origin_vix_pct_change_20d,"(-0.114, 0.000637]",6022,0.4890401859847227,0.0014201672210093,0.0031686614024193,-0.0005155879283888,0.018719200343123,9827810499,regime-analysis-109,33572569001,2026-09-02T01:26:11Z,2026-09-02T01:26:11Z,2026-10-02T01:26:10Z,2141743
origin_vix_pct_change_20d,"(0.000637, 0.149]",6012,0.468562874251497,0.0019358329925875,0.0049764117927902,-0.0011949117776487,0.0214494250806771,9827810499,regime-analysis-109,33572569001,2026-09-02T01:26:11Z,2026-09-02T01:26:11Z,2026-10-02T01:26:10Z,2141743
origin_vix_pct_change_20d,"(0.149, 0.612]",5985,0.5358395989974938,0.0018909650786407,0.0008683590703786,0.0034764498442021,0.021537535885171,9827810499,regime-analysis-109,33572569001,2026-09-02T01:26:11Z,2026-09-02T01:26:11Z,2026-10-02T01:26:10Z,2141743
origin_vix_distance_ma20,"(-0.255, -0.0848]",6069,0.4872301861921239,0.0014842061417544,0.0039668647070884,-0.0011445420637791,0.0184751520130297,9827810499,regime-analysis-109,33572569001,2026-09-02T01:26:11Z,2026-09-02T01:26:11Z,2026-10-02T01:26:10Z,2141743
origin_vix_distance_ma20,"(-0.0848, -0.0102]",6001,0.4395934010998167,0.0005805642710137,0.0027578980451561,0.0007317788633776,0.0214384323703536,9827810499,regime-analysis-109,33572569001,2026-09-02T01:26:11Z,2026-09-02T01:26:11Z,2026-10-02T01:26:10Z,2141743
origin_vix_distance_ma20,"(-0.0102, 0.0602]",6080,0.4774671052631579,-0.0007494485542481,0.0017628613043119,0.001135636880991,0.0226516353054283,9827810499,regime-analysis-109,33572569001,2026-09-02T01:26:11Z,2026-09-02T01:26:11Z,2026-10-02T01:26:10Z,2141743
origin_vix_distance_ma20,"(0.0602, 0.447]",5975,0.5317154811715481,0.0052183375834834,0.0058245842619408,0.0007184646568884,0.0200850123044655,9827810499,regime-analysis-109,33572569001,2026-09-02T01:26:11Z,2026-09-02T01:26:11Z,2026-10-02T01:26:10Z,2141743
origin_vix_trend_ma,"(-0.224, -0.0685]",6111,0.4773359515627557,0.0022333004630232,0.0054466015414608,-0.0015549572424507,0.0196729812248575,9827810499,regime-analysis-109,33572569001,2026-09-02T01:26:11Z,2026-09-02T01:26:11Z,2026-10-02T01:26:10Z,2141743
origin_vix_trend_ma,"(-0.0685, -0.00155]",5959,0.5024332941768753,0.0024369771851298,0.0036597547987319,0.0008346943651005,0.018916075803707,9827810499,regime-analysis-109,33572569001,2026-09-02T01:26:11Z,2026-09-02T01:26:11Z,2026-10-02T01:26:10Z,2141743
origin_vix_trend_ma,"(-0.00155, 0.0543]",6059,0.3893381746162733,-0.0028935667678403,0.0013527182469527,0.000392298993257,0.0227371053071313,9827810499,regime-analysis-109,33572569001,2026-09-02T01:26:11Z,2026-09-02T01:26:11Z,2026-10-02T01:26:10Z,2141743
origin_vix_trend_ma,"(0.0543, 0.24]",5996,0.5678785857238159,0.0047493342206081,0.0038119337971676,0.0018002231691504,0.0213143789797286,9827810499,regime-analysis-109,33572569001,2026-09-02T01:26:11Z,2026-09-02T01:26:11Z,2026-10-02T01:26:10Z,2141743
origin_vix_percentile_252,"(0.0029699999999999996, 0.262]",6148,0.4801561483409239,0.0022454173732508,0.0053971909623304,-0.0002334569382716,0.0188575467034961,9827810499,regime-analysis-109,33572569001,2026-09-02T01:26:11Z,2026-09-02T01:26:11Z,2026-10-02T01:26:10Z,2141743
origin_vix_percentile_252,"(0.262, 0.504]",6290,0.4531001589825119,-0.0006861560006603,0.001431760504631,-0.0003448835074547,0.0211492769167491,9827810499,regime-analysis-109,33572569001,2026-09-02T01:26:11Z,2026-09-02T01:26:11Z,2026-10-02T01:26:10Z,2141743
origin_vix_percentile_252,"(0.504, 0.702]",5665,0.4402471315092674,-8.488769954930874e-05,0.0040704709614861,0.00127772364827,0.0224400551106894,9827810499,regime-analysis-109,33572569001,2026-09-02T01:26:11Z,2026-09-02T01:26:11Z,2026-10-02T01:26:10Z,2141743
origin_vix_percentile_252,"(0.702, 0.968]",6022,0.5611092660245766,0.0049994216485386,0.0034703112195714,0.000831780768237,0.0203287213975845,9827810499,regime-analysis-109,33572569001,2026-09-02T01:26:11Z,2026-09-02T01:26:11Z,2026-10-02T01:26:10Z,2141743
origin_spy_return_5d,"(-0.0392, -0.00611]",6085,0.5396877567789646,0.0053242340319134,0.0056148184057715,0.0003259926981096,0.020057406915886,9827810499,regime-analysis-109,33572569001,2026-09-02T01:26:11Z,2026-09-02T01:26:11Z,2026-10-02T01:26:10Z,2141743
origin_spy_return_5d,"(-0.00611, 0.0046]",6033,0.4231725509696668,0.0009825536060279,0.0060091929217345,0.0009740347943555,0.0217766884274066,9827810499,regime-analysis-109,33572569001,2026-09-02T01:26:11Z,2026-09-02T01:26:11Z,2026-10-02T01:26:10Z,2141743
origin_spy_return_5d,"(0.0046, 0.0143]",6006,0.4477189477189477,-0.0001157054309914,0.0026914856893532,-0.0004508866477038,0.0206755050120534,9827810499,regime-analysis-109,33572569001,2026-09-02T01:26:11Z,2026-09-02T01:26:11Z,2026-10-02T01:26:10Z,2141743
origin_spy_return_5d,"(0.0143, 0.0553]",6001,0.5247458756873854,0.0002472504491452,-7.324748784949469e-05,0.0005816839625318,0.0201470514796954,9827810499,regime-analysis-109,33572569001,2026-09-02T01:26:11Z,2026-09-02T01:26:11Z,2026-10-02T01:26:10Z,2141743
origin_spy_return_20d,"(-0.0803, -0.00262]",6127,0.5514933899134976,0.003872634272281,0.0021854965178182,0.0022336059096817,0.0208247915358207,9827810499,regime-analysis-109,33572569001,2026-09-02T01:26:11Z,2026-09-02T01:26:11Z,2026-10-02T01:26:10Z,2141743
origin_spy_return_20d,"(-0.00262, 0.0138]",6017,0.5246800731261426,0.0025446439888662,0.0045337970626616,0.0022911463915301,0.0215813252005946,9827810499,regime-analysis-109,33572569001,2026-09-02T01:26:11Z,2026-09-02T01:26:11Z,2026-10-02T01:26:10Z,2141743
origin_spy_return_20d,"(0.0138, 0.0317]",5996,0.404603068712475,0.0009529394459055,0.0060576332080594,-0.0010377501998503,0.0192445932940042,9827810499,regime-analysis-109,33572569001,2026-09-02T01:26:11Z,2026-09-02T01:26:11Z,2026-10-02T01:26:10Z,2141743
origin_spy_return_20d,"(0.0317, 0.128]",5985,0.4532999164578112,-0.0009420292178409,0.0015293522080841,-0.0021062829261096,0.0209972779507025,9827810499,regime-analysis-109,33572569001,2026-09-02T01:26:11Z,2026-09-02T01:26:11Z,2026-10-02T01:26:10Z,2141743
origin_spy_return_60d,"(-0.078, 0.0232]",6111,0.5486827033218786,0.0012770435378489,4.50733109254537e-05,0.0036293895041914,0.0224595466000393,9827810499,regime-analysis-109,33572569001,2026-09-02T01:26:11Z,2026-09-02T01:26:11Z,2026-10-02T01:26:10Z,2141743
origin_spy_return_60d,"(0.0232, 0.0461]",5970,0.5370184254606365,0.0068640949811844,0.0104325767133097,0.0008474259990009,0.0189579168090543,9827810499,regime-analysis-109,33572569001,2026-09-02T01:26:11Z,2026-09-02T01:26:11Z,2026-10-02T01:26:10Z,2141743
origin_spy_return_60d,"(0.0461, 0.077]",6101,0.4328798557613506,0.000909854452214,0.0044682796307022,-0.0019467805227655,0.02047806522264,9827810499,regime-analysis-109,33572569001,2026-09-02T01:26:11Z,2026-09-02T01:26:11Z,2026-10-02T01:26:10Z,2141743
origin_spy_return_60d,"(0.077, 0.162]",5943,0.4164563351842504,-0.0025608529352646,-0.0006181666223833,-0.0011304638683103,0.0207204934968086,9827810499,regime-analysis-109,33572569001,2026-09-02T01:26:11Z,2026-09-02T01:26:11Z,2026-10-02T01:26:10Z,2141743
origin_spy_return_120d,"(-0.06, 0.0686]",6043,0.545755419493629,0.003146767704602,0.002898497471105,4.476865237553725e-05,0.0203275282546111,9827810499,regime-analysis-109,33572569001,2026-09-02T01:26:11Z,2026-09-02T01:26:11Z,2026-10-02T01:26:10Z,2141743
origin_spy_return_120d,"(0.0686, 0.099]",6091,0.5097685109177474,0.0021445041723826,0.0040996452003894,0.0040182459720592,0.0228996465918886,9827810499,regime-analysis-109,33572569001,2026-09-02T01:26:11Z,2026-09-02T01:26:11Z,2026-10-02T01:26:10Z,2141743
origin_spy_return_120d,"(0.099, 0.138]",6027,0.5055583208893314,0.0019849044303645,0.0032964919234204,0.0018561659121348,0.0196582132989663,9827810499,regime-analysis-109,33572569001,2026-09-02T01:26:11Z,2026-09-02T01:26:11Z,2026-10-02T01:26:10Z,2141743
origin_spy_return_120d,"(0.138, 0.342]",5964,0.3730717639168343,-0.0008260526556931,0.0039890375277833,-0.0045758060696121,0.0197361786068204,9827810499,regime-analysis-109,33572569001,2026-09-02T01:26:11Z,2026-09-02T01:26:11Z,2026-10-02T01:26:10Z,2141743
origin_spy_distance_sma50,"(-0.0693, 0.00313]",6101,0.5726930011473529,0.005674975940531,0.004866080352383,0.0016943035368956,0.0204951078029014,9827810499,regime-analysis-109,33572569001,2026-09-02T01:26:11Z,2026-09-02T01:26:11Z,2026-10-02T01:26:10Z,2141743
origin_spy_distance_sma50,"(0.00313, 0.0174]",5991,0.5102653980971458,0.0019546337540562,0.00362696891411,0.0036664419989395,0.020058114052631,9827810499,regime-analysis-109,33572569001,2026-09-02T01:26:11Z,2026-09-02T01:26:11Z,2026-10-02T01:26:10Z,2141743
origin_spy_distance_sma50,"(0.0174, 0.0327]",6027,0.3832752613240418,-0.0006870413193187,0.0041971264077475,-0.0009843908651745,0.0208487334837705,9827810499,regime-analysis-109,33572569001,2026-09-02T01:26:11Z,2026-09-02T01:26:11Z,2026-10-02T01:26:10Z,2141743
origin_spy_distance_sma50,"(0.0327, 0.0861]",6006,0.4685314685314685,-0.0005124721754995,0.0015704175687309,-0.0029515481875543,0.0212526624535892,9827810499,regime-analysis-109,33572569001,2026-09-02T01:26:11Z,2026-09-02T01:26:11Z,2026-10-02T01:26:10Z,2141743
origin_spy_distance_sma200,"(-0.0461, 0.0646]",6122,0.5504737014047697,0.0037216468965776,0.0028488138243811,0.0006079048509134,0.0214596896139883,9827810499,regime-analysis-109,33572569001,2026-09-02T01:26:11Z,2026-09-02T01:26:11Z,2026-10-02T01:26:10Z,2141743
origin_spy_distance_sma200,"(0.0646, 0.0872]",5949,0.4795763993948563,0.0013960658952059,0.0048152918214659,0.002962934650444,0.0210125008970249,9827810499,regime-analysis-109,33572569001,2026-09-02T01:26:11Z,2026-09-02T01:26:11Z,2026-10-02T01:26:10Z,2141743
origin_spy_distance_sma200,"(0.0872, 0.101]",6069,0.4615257867853023,0.0027461555118644,0.0057275138628273,0.001248462128158,0.0205560736615978,9827810499,regime-analysis-109,33572569001,2026-09-02T01:26:11Z,2026-09-02T01:26:11Z,2026-10-02T01:26:10Z,2141743
origin_spy_distance_sma200,"(0.101, 0.13]",5985,0.4429406850459482,-0.0014437766076505,0.0008852539447541,-0.0033888605936819,0.0196112318617009,9827810499,regime-analysis-109,33572569001,2026-09-02T01:26:11Z,2026-09-02T01:26:11Z,2026-10-02T01:26:10Z,2141743
origin_spy_trend_ma50_200,"(0.0115, 0.0452]",6069,0.5272697314219805,0.0020784086703626,0.0023762270711569,-0.0022821872125283,0.022163895264518,9827810499,regime-analysis-109,33572569001,2026-09-02T01:26:11Z,2026-09-02T01:26:11Z,2026-10-02T01:26:10Z,2141743
origin_spy_trend_ma50_200,"(0.0452, 0.0645]",6001,0.4424262622896184,0.0001823816324119,0.0023919573792009,0.0028138192349992,0.0205988387239074,9827810499,regime-analysis-109,33572569001,2026-09-02T01:26:11Z,2026-09-02T01:26:11Z,2026-10-02T01:26:10Z,2141743
origin_spy_trend_ma50_200,"(0.0645, 0.0795]",6070,0.4540362438220758,-0.0001390496297121,0.0036096348522458,0.000673502518905,0.0212294860803753,9827810499,regime-analysis-109,33572569001,2026-09-02T01:26:11Z,2026-09-02T01:26:11Z,2026-10-02T01:26:10Z,2141743
origin_spy_trend_ma50_200,"(0.0795, 0.0902]",5985,0.5119465329991646,0.0043860033370031,0.0059246773418623,0.0002538650642002,0.0186329706511863,9827810499,regime-analysis-109,33572569001,2026-09-02T01:26:11Z,2026-09-02T01:26:11Z,2026-10-02T01:26:10Z,2141743
origin_spy_volatility_20d,"(0.0557, 0.102]",6106,0.4430068784801834,0.0031343747054709,0.0078053356977358,-0.0012993128681868,0.0206535656360349,9827810499,regime-analysis-109,33572569001,2026-09-02T01:26:11Z,2026-09-02T01:26:11Z,2026-10-02T01:26:10Z,2141743
origin_spy_volatility_20d,"(0.102, 0.123]",5996,0.4848232154769846,-0.0002646861369911,0.0019595752019688,0.0012740223667796,0.0226872439343522,9827810499,regime-analysis-109,33572569001,2026-09-02T01:26:11Z,2026-09-02T01:26:11Z,2026-10-02T01:26:10Z,2141743
origin_spy_volatility_20d,"(0.123, 0.139]",6017,0.4739903606448396,-0.0002657860859018,-0.0001458577134945,-3.785895950428345e-05,0.0199656818476349,9827810499,regime-analysis-109,33572569001,2026-09-02T01:26:11Z,2026-09-02T01:26:11Z,2026-10-02T01:26:10Z,2141743
origin_spy_volatility_20d,"(0.139, 0.207]",6006,0.5346320346320347,0.0038565324876474,0.0045976971282602,0.0015259809118654,0.0193524354506379,9827810499,regime-analysis-109,33572569001,2026-09-02T01:26:11Z,2026-09-02T01:26:11Z,2026-10-02T01:26:10Z,2141743
origin_spy_volatility_60d,"(0.0849, 0.111]",6069,0.3379469434832756,-0.0014625401042115,0.0039178818592987,-0.0025604544980175,0.0211402598290057,9827810499,regime-analysis-109,33572569001,2026-09-02T01:26:11Z,2026-09-02T01:26:11Z,2026-10-02T01:26:10Z,2141743
origin_spy_volatility_60d,"(0.111, 0.124]",6006,0.5975690975690976,0.0018409277169157,-0.0004684524052191,0.0031838347413555,0.0202408477758905,9827810499,regime-analysis-109,33572569001,2026-09-02T01:26:11Z,2026-09-02T01:26:11Z,2026-10-02T01:26:10Z,2141743
origin_spy_volatility_60d,"(0.124, 0.14]",6044,0.5297816015883521,0.0048742043244108,0.007179365134518,0.0013150213184348,0.0190528137949296,9827810499,regime-analysis-109,33572569001,2026-09-02T01:26:11Z,2026-09-02T01:26:11Z,2026-10-02T01:26:10Z,2141743
origin_spy_volatility_60d,"(0.14, 0.158]",6006,0.4716949716949717,0.0012444865474642,0.0036278643090659,-0.0004808565137105,0.0222253823138472,9827810499,regime-analysis-109,33572569001,2026-09-02T01:26:11Z,2026-09-02T01:26:11Z,2026-10-02T01:26:10Z,2141743
origin_spy_vol_change_20d,"(-0.517, -0.284]",6075,0.4839506172839506,0.0058551983602839,0.010708876200618,-0.0005247964988375,0.0211218350678901,9827810499,regime-analysis-109,33572569001,2026-09-02T01:26:11Z,2026-09-02T01:26:11Z,2026-10-02T01:26:10Z,2141743
origin_spy_vol_change_20d,"(-0.284, 0.00464]",6080,0.4595394736842105,-0.0005654324081888,0.001730811471425,-0.0031018828472946,0.0200031452100091,9827810499,regime-analysis-109,33572569001,2026-09-02T01:26:11Z,2026-09-02T01:26:11Z,2026-10-02T01:26:10Z,2141743
origin_spy_vol_change_20d,"(0.00464, 0.27]",6027,0.4954371992699519,0.0007419613620584,0.0009286990468681,0.0041706862553537,0.0201737672630878,9827810499,regime-analysis-109,33572569001,2026-09-02T01:26:11Z,2026-09-02T01:26:11Z,2026-10-02T01:26:10Z,2141743
origin_spy_vol_change_20d,"(0.27, 1.673]",5943,0.497223624432105,0.0004223844842811,0.0008359599446612,0.0009344671237356,0.0213673321872518,9827810499,regime-analysis-109,33572569001,2026-09-02T01:26:11Z,2026-09-02T01:26:11Z,2026-10-02T01:26:10Z,2141743
origin_market_breadth_20d,"(0.0466, 0.476]",6884,0.5643521208599651,0.0046535475004331,0.004191750425268,-0.0005829052082885,0.0207113437926056,9827810499,regime-analysis-109,33572569001,2026-09-02T01:26:11Z,2026-09-02T01:26:11Z,2026-10-02T01:26:10Z,2141743
origin_market_breadth_20d,"(0.476, 0.667]",6447,0.4609896075694121,0.0006383975805709,0.0023432939571999,0.0018123849620923,0.0200430714753566,9827810499,regime-analysis-109,33572569001,2026-09-02T01:26:11Z,2026-09-02T01:26:11Z,2026-10-02T01:26:10Z,2141743
origin_market_breadth_20d,"(0.667, 0.857]",6111,0.4786450662739323,0.0001326076007576,0.0021695692916025,0.0013104386448818,0.0213838605554216,9827810499,regime-analysis-109,33572569001,2026-09-02T01:26:11Z,2026-09-02T01:26:11Z,2026-10-02T01:26:10Z,2141743
origin_market_breadth_20d,"(0.857, 1.0]",4683,0.4042280589365791,0.0004598329859049,0.0061763125690835,-0.0015026989579833,0.0205074262382348,9827810499,regime-analysis-109,33572569001,2026-09-02T01:26:11Z,2026-09-02T01:26:11Z,2026-10-02T01:26:10Z,2141743
origin_market_breadth_252d,"(0.809, 0.905]",7529,0.4141320228449993,0.001245182740348,0.0064450027548527,-0.0041425768381773,0.019485445153535,9827810499,regime-analysis-109,33572569001,2026-09-02T01:26:11Z,2026-09-02T01:26:11Z,2026-10-02T01:26:10Z,2141743
origin_market_breadth_252d,"(0.905, 0.952]",5886,0.5178389398572885,0.003194440542595,0.0036416569668462,0.0009708670372589,0.0184774516018825,9827810499,regime-analysis-109,33572569001,2026-09-02T01:26:11Z,2026-09-02T01:26:11Z,2026-10-02T01:26:10Z,2141743
origin_market_breadth_252d,"(0.952, 1.0]",10710,0.5143790849673202,0.0010212021690337,0.0015112901142364,0.0031855850017478,0.0226931302248468,9827810499,regime-analysis-109,33572569001,2026-09-02T01:26:11Z,2026-09-02T01:26:11Z,2026-10-02T01:26:10Z,2141743
origin_market_breadth_above_sma200,"(0.523, 0.81]",6359,0.4821512816480579,0.0018669908739218,0.0038281471822186,-3.2002042074211095e-05,0.0209596223402074,9827810499,regime-analysis-109,33572569001,2026-09-02T01:26:11Z,2026-09-02T01:26:11Z,2026-10-02T01:26:10Z,2141743
origin_market_breadth_above_sma200,"(0.81, 0.952]",5796,0.4927536231884058,-0.0003663284716835,-0.0016086114351677,-0.0017407581394936,0.0216650849272347,9827810499,regime-analysis-109,33572569001,2026-09-02T01:26:11Z,2026-09-02T01:26:11Z,2026-10-02T01:26:10Z,2141743
origin_market_breadth_above_sma200,"(0.952, 1.0]",11970,0.4806182121971595,0.0024532646592109,0.0059419765846381,0.0015819225478231,0.0200212657224832,9827810499,regime-analysis-109,33572569001,2026-09-02T01:26:11Z,2026-09-02T01:26:11Z,2026-10-02T01:26:10Z,2141743
origin_cross_asset_daily_volatility,"(0.0015400000000000001, 0.00823]",6106,0.4313789715034392,0.0020866466053083,0.0071812040741542,-0.002034893389812,0.0204303314471176,9827810499,regime-analysis-109,33572569001,2026-09-02T01:26:11Z,2026-09-02T01:26:11Z,2026-10-02T01:26:10Z,2141743
origin_cross_asset_daily_volatility,"(0.00823, 0.0113]",6006,0.4638694638694638,0.000464775894791,0.001866323016991,2.942188735391324e-05,0.0200564359657454,9827810499,regime-analysis-109,33572569001,2026-09-02T01:26:11Z,2026-09-02T01:26:11Z,2026-10-02T01:26:10Z,2141743
origin_cross_asset_daily_volatility,"(0.0113, 0.0157]",6022,0.49368980405181,-8.763767154963098e-05,0.0004476728271247,0.0003714729860363,0.0205837045927787,9827810499,regime-analysis-109,33572569001,2026-09-02T01:26:11Z,2026-09-02T01:26:11Z,2026-10-02T01:26:10Z,2141743
origin_cross_asset_daily_volatility,"(0.0157, 0.0647]",5991,0.5478217325988983,0.0040243329958422,0.0047390555649868,0.003113673609785,0.0215900507617551,9827810499,regime-analysis-109,33572569001,2026-09-02T01:26:11Z,2026-09-02T01:26:11Z,2026-10-02T01:26:10Z,2141743
origin_cross_asset_return_20d_dispersion,"(0.0162, 0.0442]",6096,0.5091863517060368,0.0027407887217605,0.0055397009553063,0.0016779517908476,0.0184759753292263,9827810499,regime-analysis-109,33572569001,2026-09-02T01:26:11Z,2026-09-02T01:26:11Z,2026-10-02T01:26:10Z,2141743
origin_cross_asset_return_20d_dispersion,"(0.0442, 0.0566]",6022,0.5043175024908668,0.0017285083215221,0.0025736978011282,-0.0004212608439433,0.0194622825933435,9827810499,regime-analysis-109,33572569001,2026-09-02T01:26:11Z,2026-09-02T01:26:11Z,2026-10-02T01:26:10Z,2141743
origin_cross_asset_return_20d_dispersion,"(0.0566, 0.0692]",6022,0.4425440053138492,0.0009229020508796,0.0037690184097432,-0.0021434526391954,0.021865529367086,9827810499,regime-analysis-109,33572569001,2026-09-02T01:26:11Z,2026-09-02T01:26:11Z,2026-10-02T01:26:10Z,2141743
origin_cross_asset_return_20d_dispersion,"(0.0692, 0.157]",5985,0.4793650793650794,0.0010760053142339,0.0023691364621887,0.0023155535862728,0.0228908925923284,9827810499,regime-analysis-109,33572569001,2026-09-02T01:26:11Z,2026-09-02T01:26:11Z,2026-10-02T01:26:10Z,2141743
origin_vix_market,"(13.469000000000001, 15.99]",6106,0.57631837536849,0.0056129148445492,0.0064447595777326,0.0029581878299527,0.0176398448391155,9783881323,regime-analysis-108,33456918817,2026-09-01T02:36:01Z,2026-09-01T02:36:01Z,2026-10-01T02:36:00Z,2175247
origin_vix_market,"(15.99, 17.17]",6017,0.4941000498587335,0.0003403930098637,0.0008564627953762,0.0011220477071674,0.020950015123085,9783881323,regime-analysis-108,33456918817,2026-09-01T02:36:01Z,2026-09-01T02:36:01Z,2026-10-01T02:36:00Z,2175247
origin_vix_market,"(17.17, 19.0]",5975,0.4972384937238494,0.0011140923994928,0.002954258908384,-8.686896328810431e-05,0.0226003622687995,9783881323,regime-analysis-108,33456918817,2026-09-01T02:36:01Z,2026-09-01T02:36:01Z,2026-10-01T02:36:00Z,2175247
origin_vix_market,"(19.0, 31.05]",6027,0.472042475526796,0.001902486332322,0.0035485606675822,0.0034855251108625,0.0215140920984466,9783881323,regime-analysis-108,33456918817,2026-09-01T02:36:01Z,2026-09-01T02:36:01Z,2026-10-01T02:36:00Z,2175247
origin_vix_change_1d,"(-5.361000000000001, -0.69]",6085,0.4961380443714051,0.0012251637004473,0.0029773347729029,0.0035195130226338,0.0208813125909619,9783881323,regime-analysis-108,33456918817,2026-09-01T02:36:01Z,2026-09-01T02:36:01Z,2026-10-01T02:36:00Z,2175247
origin_vix_change_1d,"(-0.69, -0.12]",6185,0.5329021827000808,0.0026723783454946,0.0035056531987627,-0.0004598982166525,0.0200336151124646,9783881323,regime-analysis-108,33456918817,2026-09-01T02:36:01Z,2026-09-01T02:36:01Z,2026-10-01T02:36:00Z,2175247
origin_vix_change_1d,"(-0.12, 0.64]",5896,0.51797829036635,0.0028735338826866,0.0039108164309325,0.0026775245338205,0.0210228888374014,9783881323,regime-analysis-108,33456918817,2026-09-01T02:36:01Z,2026-09-01T02:36:01Z,2026-10-01T02:36:00Z,2175247
origin_vix_change_1d,"(0.64, 6.11]",5959,0.4932035576439,0.0022684096386332,0.0034714196909358,0.0018365200213295,0.020732687035533,9783881323,regime-analysis-108,33456918817,2026-09-01T02:36:01Z,2026-09-01T02:36:01Z,2026-10-01T02:36:00Z,2175247
origin_vix_change_5d,"(-10.071, -1.55]",6085,0.4565324568611339,0.0002401462860746,0.0025865569607373,0.0022474655491767,0.0223713299356635,9783881323,regime-analysis-108,33456918817,2026-09-01T02:36:01Z,2026-09-01T02:36:01Z,2026-10-01T02:36:00Z,2175247
origin_vix_change_5d,"(-1.55, -0.11]",5985,0.5253132832080201,0.0011010880199817,0.0017492662838145,0.000827320399809,0.0206817053269428,9783881323,regime-analysis-108,33456918817,2026-09-01T02:36:01Z,2026-09-01T02:36:01Z,2026-10-01T02:36:00Z,2175247
origin_vix_change_5d,"(-0.11, 1.09]",6059,0.5023931341805579,0.0022553119545645,0.0027831544872651,0.0020135138478965,0.0200793566242424,9783881323,regime-analysis-108,33456918817,2026-09-01T02:36:01Z,2026-09-01T02:36:01Z,2026-10-01T02:36:00Z,2175247
origin_vix_change_5d,"(1.09, 9.63]",5996,0.5573715810540361,0.0054581976167412,0.0067498698948416,0.0024141182233551,0.0194958906587903,9783881323,regime-analysis-108,33456918817,2026-09-01T02:36:01Z,2026-09-01T02:36:01Z,2026-10-01T02:36:00Z,2175247
origin_vix_change_20d,"(-13.030999999999999, -2.1]",6043,0.5270560979645871,0.0036765732454857,0.0052801375300441,-0.0006370075496472,0.0212760478095504,9783881323,regime-analysis-108,33456918817,2026-09-01T02:36:01Z,2026-09-01T02:36:01Z,2026-10-01T02:36:00Z,2175247
origin_vix_change_20d,"(-2.1, -0.04]",6064,0.5654683377308707,0.0031885427053271,0.0031712361395921,0.0007020674282437,0.0182820169666424,9783881323,regime-analysis-108,33456918817,2026-09-01T02:36:01Z,2026-09-01T02:36:01Z,2026-10-01T02:36:00Z,2175247
origin_vix_change_20d,"(-0.04, 2.25]",5991,0.4688699716241028,0.0022279351953388,0.0050360419820182,0.0019426404756629,0.0211728485883337,9783881323,regime-analysis-108,33456918817,2026-09-01T02:36:01Z,2026-09-01T02:36:01Z,2026-10-01T02:36:00Z,2175247
origin_vix_change_20d,"(2.25, 11.19]",6027,0.4786792765886842,-7.5796391207427e-05,0.0003707874869276,0.0055178387886498,0.0219326178073862,9783881323,regime-analysis-108,33456918817,2026-09-01T02:36:01Z,2026-09-01T02:36:01Z,2026-10-01T02:36:00Z,2175247
origin_vix_pct_change_1d,"(-0.185, -0.0411]",6043,0.4962766837663412,0.0012567153929497,0.0032554784163638,0.0034115028444022,0.0206701505762493,9783881323,regime-analysis-108,33456918817,2026-09-01T02:36:01Z,2026-09-01T02:36:01Z,2026-10-01T02:36:00Z,2175247
origin_vix_pct_change_1d,"(-0.0411, -0.00642]",6122,0.5341391702058151,0.00281587766313,0.0035225712282371,-0.0003391857866383,0.0201207601660756,9783881323,regime-analysis-108,33456918817,2026-09-01T02:36:01Z,2026-09-01T02:36:01Z,2026-10-01T02:36:00Z,2175247
origin_vix_pct_change_1d,"(-0.00642, 0.0421]",6022,0.4858850880106277,0.0009477385964329,0.0019314660760513,0.002246597252848,0.0213225034471051,9783881323,regime-analysis-108,33456918817,2026-09-01T02:36:01Z,2026-09-01T02:36:01Z,2026-10-01T02:36:00Z,2175247
origin_vix_pct_change_1d,"(0.0421, 0.397]",5938,0.5242505894240485,0.004025458738977,0.0051658108627806,0.0022287047443022,0.0205413610288313,9783881323,regime-analysis-108,33456918817,2026-09-01T02:36:01Z,2026-09-01T02:36:01Z,2026-10-01T02:36:00Z,2175247
origin_vix_pct_change_5d,"(-0.382, -0.0811]",6064,0.4851583113456464,0.0016085214530284,0.0035024844964817,0.0022971847228672,0.0210906749907855,9783881323,regime-analysis-108,33456918817,2026-09-01T02:36:01Z,2026-09-01T02:36:01Z,2026-10-01T02:36:00Z,2175247
origin_vix_pct_change_5d,"(-0.0811, -0.00581]",6006,0.4961704961704962,-0.0002835118449566,0.0008274212167918,0.0007820866300583,0.021980635347343,9783881323,regime-analysis-108,33456918817,2026-09-01T02:36:01Z,2026-09-01T02:36:01Z,2026-10-01T02:36:00Z,2175247
origin_vix_pct_change_5d,"(-0.00581, 0.0679]",6059,0.4880343290972108,0.0011457295182492,0.0014212300803293,0.0015782859630484,0.0202542449163364,9783881323,regime-analysis-108,33456918817,2026-09-01T02:36:01Z,2026-09-01T02:36:01Z,2026-10-01T02:36:00Z,2175247
origin_vix_pct_change_5d,"(0.0679, 0.54]",5996,0.5718812541694464,0.0065794384408964,0.0081261040478809,0.0028539190496217,0.0193191648145945,9783881323,regime-analysis-108,33456918817,2026-09-01T02:36:01Z,2026-09-01T02:36:01Z,2026-10-01T02:36:00Z,2175247
origin_vix_pct_change_20d,"(-0.437, -0.117]",6043,0.5270560979645871,0.0036765732454857,0.0052801375300441,-0.0006370075496472,0.0212760478095504,9783881323,regime-analysis-108,33456918817,2026-09-01T02:36:01Z,2026-09-01T02:36:01Z,2026-10-01T02:36:00Z,2175247
origin_vix_pct_change_20d,"(-0.117, -0.00264]",6064,0.5654683377308707,0.0031885427053271,0.0031712361395921,0.0007020674282437,0.0182820169666424,9783881323,regime-analysis-108,33456918817,2026-09-01T02:36:01Z,2026-09-01T02:36:01Z,2026-10-01T02:36:00Z,2175247
origin_vix_pct_change_20d,"(-0.00264, 0.146]",5991,0.4590218661325321,0.0024121233428461,0.005217481673644,0.0018654742013615,0.021032346555472,9783881323,regime-analysis-108,33456918817,2026-09-01T02:36:01Z,2026-09-01T02:36:01Z,2026-10-01T02:36:00Z,2175247
origin_vix_pct_change_20d,"(0.146, 0.612]",6027,0.4884685581549693,-0.000258884360631,0.000190431556526,0.005594544139461,0.0220722806046111,9783881323,regime-analysis-108,33456918817,2026-09-01T02:36:01Z,2026-09-01T02:36:01Z,2026-10-01T02:36:00Z,2175247
origin_vix_distance_ma20,"(-0.255, -0.0848]",6090,0.5201970443349754,0.0027493009971636,0.0040746443196159,-0.0002240987763643,0.0195794869428057,9783881323,regime-analysis-108,33456918817,2026-09-01T02:36:01Z,2026-09-01T02:36:01Z,2026-10-01T02:36:00Z,2175247
origin_vix_distance_ma20,"(-0.0848, -0.0102]",6064,0.5163258575197889,0.0025503212548955,0.0030010148689833,0.0016338949753628,0.0208601172233463,9783881323,regime-analysis-108,33456918817,2026-09-01T02:36:01Z,2026-09-01T02:36:01Z,2026-10-01T02:36:00Z,2175247
origin_vix_distance_ma20,"(-0.0102, 0.0599]",6017,0.4916071131793252,2.680585843310909e-05,0.0013939991205907,0.0027662888154103,0.0217044667057068,9783881323,regime-analysis-108,33456918817,2026-09-01T02:36:01Z,2026-09-01T02:36:01Z,2026-10-01T02:36:00Z,2175247
origin_vix_distance_ma20,"(0.0599, 0.447]",5954,0.512428619415519,0.0037074081257032,0.005398636204561,0.0033782896114165,0.0205134579651259,9783881323,regime-analysis-108,33456918817,2026-09-01T02:36:01Z,2026-09-01T02:36:01Z,2026-10-01T02:36:00Z,2175247
origin_vix_trend_ma,"(-0.224, -0.0662]",6111,0.5339551628211422,0.004113738524658,0.0050005015606492,-0.0011726917957256,0.0206924144541087,9783881323,regime-analysis-108,33456918817,2026-09-01T02:36:01Z,2026-09-01T02:36:01Z,2026-10-01T02:36:00Z,2175247
origin_vix_trend_ma,"(-0.0662, -0.000928]",6022,0.5730654267685155,0.0041097970800491,0.0041028350804826,0.002006913220532,0.0183459835293734,9783881323,regime-analysis-108,33456918817,2026-09-01T02:36:01Z,2026-09-01T02:36:01Z,2026-10-01T02:36:00Z,2175247
origin_vix_trend_ma,"(-0.000928, 0.0543]",5975,0.4207531380753138,-0.0018588847017732,0.0014103012289289,0.0020993220606659,0.0220339018370443,9783881323,regime-analysis-108,33456918817,2026-09-01T02:36:01Z,2026-09-01T02:36:01Z,2026-10-01T02:36:00Z,2175247
origin_vix_trend_ma,"(0.0543, 0.24]",6017,0.5118829981718465,0.0026029868615416,0.0032993224211206,0.004626809467907,0.021586224064712,9783881323,regime-analysis-108,33456918817,2026-09-01T02:36:01Z,2026-09-01T02:36:01Z,2026-10-01T02:36:00Z,2175247
origin_vix_percentile_252,"(0.0029699999999999996, 0.262]",6148,0.5735198438516591,0.0052859978972615,0.0055498087225212,0.0025677171190383,0.0179079753072446,9783881323,regime-analysis-108,33456918817,2026-09-01T02:36:01Z,2026-09-01T02:36:01Z,2026-10-01T02:36:00Z,2175247
origin_vix_percentile_252,"(0.262, 0.496]",5917,0.4970424201453439,0.0005542177981321,0.0016477151651258,0.0015270838487436,0.0209843214823729,9783881323,regime-analysis-108,33456918817,2026-09-01T02:36:01Z,2026-09-01T02:36:01Z,2026-10-01T02:36:00Z,2175247
origin_vix_percentile_252,"(0.496, 0.702]",6059,0.4692193431259284,0.0004909577695594,0.003284816957452,-0.0006420704016017,0.0225767951651442,9783881323,regime-analysis-108,33456918817,2026-09-01T02:36:01Z,2026-09-01T02:36:01Z,2026-10-01T02:36:00Z,2175247
origin_vix_percentile_252,"(0.702, 0.968]",6001,0.4995834027662056,0.0026147733849974,0.00329469257444,0.0040610728734679,0.0212318725064002,9783881323,regime-analysis-108,33456918817,2026-09-01T02:36:01Z,2026-09-01T02:36:01Z,2026-10-01T02:36:00Z,2175247
origin_spy_return_5d,"(-0.0392, -0.00603]",6064,0.5150065963060686,0.0041111051977867,0.0055684836693319,0.0035220102230425,0.0206337869519049,9783881323,regime-analysis-108,33456918817,2026-09-01T02:36:01Z,2026-09-01T02:36:01Z,2026-10-01T02:36:00Z,2175247
origin_spy_return_5d,"(-0.00603, 0.00475]",6033,0.4999171224929554,0.002937978605125,0.0059430133983377,0.0027454045235084,0.021062660004003,9783881323,regime-analysis-108,33456918817,2026-09-01T02:36:01Z,2026-09-01T02:36:01Z,2026-10-01T02:36:00Z,2175247
origin_spy_return_5d,"(0.00475, 0.0144]",6006,0.4643689643689643,0.000860534168423,0.0024787707468893,0.0011751481476963,0.0204485048441821,9783881323,regime-analysis-108,33456918817,2026-09-01T02:36:01Z,2026-09-01T02:36:01Z,2026-10-01T02:36:00Z,2175247
origin_spy_return_5d,"(0.0144, 0.0553]",6022,0.5612753238126869,0.0010994113140808,-0.0001602575832432,5.377590058443764e-05,0.0205014445768843,9783881323,regime-analysis-108,33456918817,2026-09-01T02:36:01Z,2026-09-01T02:36:01Z,2026-10-01T02:36:00Z,2175247
origin_spy_return_20d,"(-0.0803, -0.00262]",6106,0.4647887323943662,0.001396747650915,0.0020393632744756,0.0055313725030944,0.0221365844729389,9783881323,regime-analysis-108,33456918817,2026-09-01T02:36:01Z,2026-09-01T02:36:01Z,2026-10-01T02:36:00Z,2175247
origin_spy_return_20d,"(-0.00262, 0.0136]",6017,0.5575868372943327,0.0031997732766353,0.0043528716809703,0.0042704621834349,0.0209014806647634,9783881323,regime-analysis-108,33456918817,2026-09-01T02:36:01Z,2026-09-01T02:36:01Z,2026-10-01T02:36:00Z,2175247
origin_spy_return_20d,"(0.0136, 0.0317]",6059,0.5146063706882323,0.0033026859167876,0.0057258590073888,0.001562667302258,0.0184057644068523,9783881323,regime-analysis-108,33456918817,2026-09-01T02:36:01Z,2026-09-01T02:36:01Z,2026-10-01T02:36:00Z,2175247
origin_spy_return_20d,"(0.0317, 0.128]",5943,0.5042907622412923,0.0011191383242846,0.0017175416386355,-0.0039770921949796,0.0212042757401803,9783881323,regime-analysis-108,33456918817,2026-09-01T02:36:01Z,2026-09-01T02:36:01Z,2026-10-01T02:36:00Z,2175247
origin_spy_return_60d,"(-0.078, 0.0232]",6132,0.4755381604696673,-0.0009113109923604,0.0002500621286057,0.0047101323068517,0.023430408825532,9783881323,regime-analysis-108,33456918817,2026-09-01T02:36:01Z,2026-09-01T02:36:01Z,2026-10-01T02:36:00Z,2175247
origin_spy_return_60d,"(0.0232, 0.0469]",6012,0.6047904191616766,0.0084390334257449,0.0100457433467866,0.0014715571685324,0.0189978023087767,9783881323,regime-analysis-108,33456918817,2026-09-01T02:36:01Z,2026-09-01T02:36:01Z,2026-10-01T02:36:00Z,2175247
origin_spy_return_60d,"(0.0469, 0.077]",5975,0.465439330543933,0.0023324781628415,0.0045153633489403,0.0001167747230248,0.0197794742097611,9783881323,regime-analysis-108,33456918817,2026-09-01T02:36:01Z,2026-09-01T02:36:01Z,2026-10-01T02:36:00Z,2175247
origin_spy_return_60d,"(0.077, 0.162]",6006,0.4953379953379953,-0.0007726068898369,-0.0008930694706765,0.0011446906024533,0.0203788408949061,9783881323,regime-analysis-108,33456918817,2026-09-01T02:36:01Z,2026-09-01T02:36:01Z,2026-10-01T02:36:00Z,2175247
origin_spy_return_120d,"(-0.06, 0.0686]",6043,0.4522588118484196,0.0008325080566305,0.0029992998847666,0.0015473600817915,0.0223008383913934,9783881323,regime-analysis-108,33456918817,2026-09-01T02:36:01Z,2026-09-01T02:36:01Z,2026-10-01T02:36:00Z,2175247
origin_spy_return_120d,"(0.0686, 0.099]",6070,0.5250411861614498,0.0022065431381693,0.003606419590789,0.0051778251224647,0.0229333530674292,9783881323,regime-analysis-108,33456918817,2026-09-01T02:36:01Z,2026-09-01T02:36:01Z,2026-10-01T02:36:00Z,2175247
origin_spy_return_120d,"(0.099, 0.138]",6069,0.5793376173999011,0.0043245165457313,0.0032048627128042,0.0019006862575506,0.019042723062683,9783881323,regime-analysis-108,33456918817,2026-09-01T02:36:01Z,2026-09-01T02:36:01Z,2026-10-01T02:36:00Z,2175247
origin_spy_return_120d,"(0.138, 0.342]",5943,0.4832576139996635,0.0016445458593457,0.0040514660640726,-0.0011800583263439,0.0183287944524227,9783881323,regime-analysis-108,33456918817,2026-09-01T02:36:01Z,2026-09-01T02:36:01Z,2026-10-01T02:36:00Z,2175247
origin_spy_distance_sma50,"(-0.0693, 0.00313]",6122,0.5142110421430905,0.0039892267473498,0.0049737744547406,0.0049910506842309,0.0215822430238593,9783881323,regime-analysis-108,33456918817,2026-09-01T02:36:01Z,2026-09-01T02:36:01Z,2026-10-01T02:36:00Z,2175247
origin_spy_distance_sma50,"(0.00313, 0.0174]",5991,0.5458187280921382,0.0031396185559175,0.0034800835863279,0.004917015761215,0.0192584005710494,9783881323,regime-analysis-108,33456918817,2026-09-01T02:36:01Z,2026-09-01T02:36:01Z,2026-10-01T02:36:00Z,2175247
origin_spy_distance_sma50,"(0.0174, 0.0327]",6048,0.4892526455026455,0.0008959288920777,0.003936098684733,0.0019234292195411,0.0200479788591455,9783881323,regime-analysis-108,33456918817,2026-09-01T02:36:01Z,2026-09-01T02:36:01Z,2026-10-01T02:36:00Z,2175247
origin_spy_distance_sma50,"(0.0327, 0.0861]",5964,0.4914486921529175,0.000971413671693,0.0014151170220738,-0.0044171160132203,0.021749494544487,9783881323,regime-analysis-108,33456918817,2026-09-01T02:36:01Z,2026-09-01T02:36:01Z,2026-10-01T02:36:00Z,2175247
origin_spy_distance_sma200,"(-0.0461, 0.0646]",6101,0.4459924602524176,0.0009703080270416,0.0028619775824976,0.0028568773896647,0.0231173705173778,9783881323,regime-analysis-108,33456918817,2026-09-01T02:36:01Z,2026-09-01T02:36:01Z,2026-10-01T02:36:00Z,2175247
origin_spy_distance_sma200,"(0.0646, 0.0872]",5991,0.5277916875312969,0.0026597632932626,0.0046824828914647,0.0034630015685434,0.0210634918838566,9783881323,regime-analysis-108,33456918817,2026-09-01T02:36:01Z,2026-09-01T02:36:01Z,2026-10-01T02:36:00Z,2175247
origin_spy_distance_sma200,"(0.0872, 0.101]",6006,0.5680985680985681,0.0042228434514097,0.0052499346722291,0.0024645742305053,0.0195959271092274,9783881323,regime-analysis-108,33456918817,2026-09-01T02:36:01Z,2026-09-01T02:36:01Z,2026-10-01T02:36:00Z,2175247
origin_spy_distance_sma200,"(0.101, 0.13]",6027,0.4999170399867264,0.0011990544318827,0.001078334638715,-0.0012737034094347,0.018839245992356,9783881323,regime-analysis-108,33456918817,2026-09-01T02:36:01Z,2026-09-01T02:36:01Z,2026-10-01T02:36:00Z,2175247
origin_spy_trend_ma50_200,"(0.0115, 0.046]",6132,0.4600456621004566,0.000299530689328,0.0019069103233544,-0.0028629453462512,0.0238895195397929,9783881323,regime-analysis-108,33456918817,2026-09-01T02:36:01Z,2026-09-01T02:36:01Z,2026-10-01T02:36:00Z,2175247
origin_spy_trend_ma50_200,"(0.046, 0.0645]",5938,0.5070730885820142,0.0013689466465212,0.0026586928595162,0.0058964080118332,0.0201885991445537,9783881323,regime-analysis-108,33456918817,2026-09-01T02:36:01Z,2026-09-01T02:36:01Z,2026-10-01T02:36:00Z,2175247
origin_spy_trend_ma50_200,"(0.0645, 0.0795]",6070,0.4645799011532125,0.0008395681547972,0.0034657511611634,0.0024162179687977,0.0205078020519444,9783881323,regime-analysis-108,33456918817,2026-09-01T02:36:01Z,2026-09-01T02:36:01Z,2026-10-01T02:36:00Z,2175247
origin_spy_trend_ma50_200,"(0.0795, 0.0902]",5985,0.6108604845446951,0.0065800975638128,0.0058523490211609,0.0022019282789614,0.017980774807516,9783881323,regime-analysis-108,33456918817,2026-09-01T02:36:01Z,2026-09-01T02:36:01Z,2026-10-01T02:36:00Z,2175247
origin_spy_volatility_20d,"(0.0557, 0.102]",6043,0.5432732086711898,0.0062454889984205,0.0077853004750992,-0.0003354007350896,0.0196388266743186,9783881323,regime-analysis-108,33456918817,2026-09-01T02:36:01Z,2026-09-01T02:36:01Z,2026-10-01T02:36:00Z,2175247
origin_spy_volatility_20d,"(0.102, 0.123]",6101,0.5035240124569743,0.000126521691604,0.0018263814007195,0.0024919198608361,0.0222450839331946,9783881323,regime-analysis-108,33456918817,2026-09-01T02:36:01Z,2026-09-01T02:36:01Z,2026-10-01T02:36:00Z,2175247
origin_spy_volatility_20d,"(0.123, 0.14]",6038,0.4667108314011262,-0.0005433270841032,-7.585523769388882e-05,0.003569226908222,0.0197343991351119,9783881323,regime-analysis-108,33456918817,2026-09-01T02:36:01Z,2026-09-01T02:36:01Z,2026-10-01T02:36:00Z,2175247
origin_spy_volatility_20d,"(0.14, 0.207]",5943,0.5275113579000504,0.00323250884552,0.004343362101785,0.0017793883948477,0.0210191389146093,9783881323,regime-analysis-108,33456918817,2026-09-01T02:36:01Z,2026-09-01T02:36:01Z,2026-10-01T02:36:00Z,2175247
origin_spy_volatility_60d,"(0.0849, 0.111]",6132,0.4458577951728636,0.0010098327116189,0.0039785523505905,0.0002831527863553,0.0195322249804824,9783881323,regime-analysis-108,33456918817,2026-09-01T02:36:01Z,2026-09-01T02:36:01Z,2026-10-01T02:36:00Z,2175247
origin_spy_volatility_60d,"(0.111, 0.124]",6027,0.5463746474199436,-0.000212665030849,-0.0007009603718908,0.0053536648968104,0.0207509803749356,9783881323,regime-analysis-108,33456918817,2026-09-01T02:36:01Z,2026-09-01T02:36:01Z,2026-10-01T02:36:00Z,2175247
origin_spy_volatility_60d,"(0.124, 0.14]",5981,0.5684668115699716,0.0066170462839781,0.0071186996913902,0.0045526977711548,0.0187999888834823,9783881323,regime-analysis-108,33456918817,2026-09-01T02:36:01Z,2026-09-01T02:36:01Z,2026-10-01T02:36:00Z,2175247
origin_spy_volatility_60d,"(0.14, 0.158]",5985,0.4813700918964076,0.0016635712818461,0.0034745485440078,-0.0026616947129564,0.0235901813541342,9783881323,regime-analysis-108,33456918817,2026-09-01T02:36:01Z,2026-09-01T02:36:01Z,2026-10-01T02:36:00Z,2175247
origin_spy_vol_change_20d,"(-0.517, -0.28]",6096,0.4986876640419947,0.0066742495166176,0.0102389209202282,-0.000364525553885,0.0210995899286287,9783881323,regime-analysis-108,33456918817,2026-09-01T02:36:01Z,2026-09-01T02:36:01Z,2026-10-01T02:36:00Z,2175247
origin_spy_vol_change_20d,"(-0.28, 0.00464]",6017,0.5231843111184976,0.0017734182913788,0.0020137101102586,0.0010711136655365,0.0196734585807602,9783881323,regime-analysis-108,33456918817,2026-09-01T02:36:01Z,2026-09-01T02:36:01Z,2026-10-01T02:36:00Z,2175247
origin_spy_vol_change_20d,"(0.00464, 0.27]",5985,0.4970760233918128,-0.000851288053976,-0.0004714258952891,0.0046641597693343,0.0208557210885889,9783881323,regime-analysis-108,33456918817,2026-09-01T02:36:01Z,2026-09-01T02:36:01Z,2026-10-01T02:36:00Z,2175247
origin_spy_vol_change_20d,"(0.27, 1.673]",6027,0.5218184834909574,0.0013575022537848,0.0019632386034005,0.0021842598909447,0.0210134295696195,9783881323,regime-analysis-108,33456918817,2026-09-01T02:36:01Z,2026-09-01T02:36:01Z,2026-10-01T02:36:00Z,2175247
origin_market_breadth_20d,"(0.0466, 0.476]",6800,0.4802941176470588,0.0026036968982252,0.0040534627819392,0.002950081075246,0.0220559485635002,9783881323,regime-analysis-108,33456918817,2026-09-01T02:36:01Z,2026-09-01T02:36:01Z,2026-10-01T02:36:00Z,2175247
origin_market_breadth_20d,"(0.476, 0.667]",6489,0.4874402835567884,0.0013895369250245,0.002222626926549,0.0029158239793825,0.020139482066801,9783881323,regime-analysis-108,33456918817,2026-09-01T02:36:01Z,2026-09-01T02:36:01Z,2026-10-01T02:36:00Z,2175247
origin_market_breadth_20d,"(0.667, 0.857]",6111,0.6049746359024709,0.0028216797688313,0.0021832020822986,0.0017962855981288,0.0203166292142895,9783881323,regime-analysis-108,33456918817,2026-09-01T02:36:01Z,2026-09-01T02:36:01Z,2026-10-01T02:36:00Z,2175247
origin_market_breadth_20d,"(0.857, 1.0]",4725,0.4617989417989418,0.0022176636849307,0.0059716803754575,-0.0009854308302247,0.0198195260793353,9783881323,regime-analysis-108,33456918817,2026-09-01T02:36:01Z,2026-09-01T02:36:01Z,2026-10-01T02:36:00Z,2175247
origin_market_breadth_252d,"(0.809, 0.905]",7445,0.5083948959032908,0.0038566811217553,0.0067673607441172,-0.0005374085394842,0.0182648363146561,9783881323,regime-analysis-108,33456918817,2026-09-01T02:36:01Z,2026-09-01T02:36:01Z,2026-10-01T02:36:00Z,2175247
origin_market_breadth_252d,"(0.905, 0.952]",6054,0.5389824909150974,0.0036836737488001,0.0038290726628027,0.0047901680074362,0.0193266104216657,9783881323,regime-analysis-108,33456918817,2026-09-01T02:36:01Z,2026-09-01T02:36:01Z,2026-10-01T02:36:00Z,2175247
origin_market_breadth_252d,"(0.952, 1.0]",10626,0.4950122341426689,0.0003227590971519,0.0009391778752085,0.0019107475240618,0.0231020821909729,9783881323,regime-analysis-108,33456918817,2026-09-01T02:36:01Z,2026-09-01T02:36:01Z,2026-10-01T02:36:00Z,2175247
origin_market_breadth_above_sma200,"(0.523, 0.81]",6191,0.478436439993539,0.0016861892862009,0.0032448676962573,0.0033195191507541,0.0215151123155407,9783881323,regime-analysis-108,33456918817,2026-09-01T02:36:01Z,2026-09-01T02:36:01Z,2026-10-01T02:36:00Z,2175247
origin_market_breadth_above_sma200,"(0.81, 0.952]",5880,0.414625850340136,-0.0022538940157369,-0.0012353914764797,-0.0015247169141854,0.0235499600399808,9783881323,regime-analysis-108,33456918817,2026-09-01T02:36:01Z,2026-09-01T02:36:01Z,2026-10-01T02:36:00Z,2175247
origin_market_breadth_above_sma200,"(0.952, 1.0]",12054,0.5730877716940435,0.0047500654500336,0.0058668522247137,0.0027971184772134,0.0188148254385314,9783881323,regime-analysis-108,33456918817,2026-09-01T02:36:01Z,2026-09-01T02:36:01Z,2026-10-01T02:36:00Z,2175247
origin_cross_asset_daily_volatility,"(0.0015400000000000001, 0.00809]",6106,0.491320013101867,0.0033020123160675,0.0068868591656194,0.0001137896204265,0.0201383106764619,9783881323,regime-analysis-108,33456918817,2026-09-01T02:36:01Z,2026-09-01T02:36:01Z,2026-10-01T02:36:00Z,2175247
origin_cross_asset_daily_volatility,"(0.00809, 0.0112]",5985,0.5294903926482873,0.0019868573324882,0.0019068252388031,0.0019137539141179,0.0193852377772706,9783881323,regime-analysis-108,33456918817,2026-09-01T02:36:01Z,2026-09-01T02:36:01Z,2026-10-01T02:36:00Z,2175247
origin_cross_asset_daily_volatility,"(0.0112, 0.0156]",6043,0.4759225550223399,-0.0001606401251804,0.0008043125565786,0.0022103256889116,0.0218378951445409,9783881323,regime-analysis-108,33456918817,2026-09-01T02:36:01Z,2026-09-01T02:36:01Z,2026-10-01T02:36:00Z,2175247
origin_cross_asset_daily_volatility,"(0.0156, 0.0647]",5991,0.5446503087965281,0.0038993339897607,0.0042096375969976,0.0033043997654525,0.0212846198916299,9783881323,regime-analysis-108,33456918817,2026-09-01T02:36:01Z,2026-09-01T02:36:01Z,2026-10-01T02:36:00Z,2175247
origin_cross_asset_return_20d_dispersion,"(0.0161, 0.044]",6054,0.5629335976214074,0.004411294706674,0.0060619800224333,0.0038209710960351,0.0180506156793961,9783881323,regime-analysis-108,33456918817,2026-09-01T02:36:01Z,2026-09-01T02:36:01Z,2026-10-01T02:36:00Z,2175247
origin_cross_asset_return_20d_dispersion,"(0.044, 0.0562]",6085,0.5035332785538209,0.0008997230966278,0.0021834669041562,0.0014030610980669,0.0197797702727992,9783881323,regime-analysis-108,33456918817,2026-09-01T02:36:01Z,2026-09-01T02:36:01Z,2026-10-01T02:36:00Z,2175247
origin_cross_asset_return_20d_dispersion,"(0.0562, 0.0692]",6001,0.4540909848358607,0.0023888077103603,0.0040898924987277,-3.638827695588472e-06,0.0216440820750666,9783881323,regime-analysis-108,33456918817,2026-09-01T02:36:01Z,2026-09-01T02:36:01Z,2026-10-01T02:36:00Z,2175247
origin_cross_asset_return_20d_dispersion,"(0.0692, 0.157]",5985,0.5197994987468672,0.0013245717169564,0.0015062393801269,0.0022814243173112,0.0232152489976833,9783881323,regime-analysis-108,33456918817,2026-09-01T02:36:01Z,2026-09-01T02:36:01Z,2026-10-01T02:36:00Z,2175247
origin_vix_market,"(13.469000000000001, 15.99]",6085,0.5360723089564503,0.0047459082987185,0.0064497732066214,0.0027864601146557,0.0187064443826546,9709710395,regime-analysis-107,33231539720,2026-08-29T05:03:14Z,2026-08-29T05:03:14Z,2026-09-28T05:03:13Z,2172215
origin_vix_market,"(15.99, 17.19]",6185,0.4924818108326597,-0.0002285376471247,0.0005151197503803,0.0056949133637127,0.0213783568125918,9709710395,regime-analysis-107,33231539720,2026-08-29T05:03:14Z,2026-08-29T05:03:14Z,2026-09-28T05:03:13Z,2172215
origin_vix_market,"(17.19, 19.03]",5891,0.5286029536581226,0.0030558351541841,0.0033451967349503,0.0053180169221592,0.0218605163495527,9709710395,regime-analysis-107,33231539720,2026-08-29T05:03:14Z,2026-08-29T05:03:14Z,2026-09-28T05:03:13Z,2172215
origin_vix_market,"(19.03, 31.05]",5964,0.5479543930248155,0.0023314845842293,0.0035750270158446,0.0025565029895711,0.02057113020199,9709710395,regime-analysis-107,33231539720,2026-08-29T05:03:14Z,2026-08-29T05:03:14Z,2026-09-28T05:03:13Z,2172215
origin_vix_change_1d,"(-5.361000000000001, -0.69]",6169,0.5360674339439131,0.0020809669360305,0.002863810676367,0.0045574545131153,0.0202402432979981,9709710395,regime-analysis-107,33231539720,2026-08-29T05:03:14Z,2026-08-29T05:03:14Z,2026-09-28T05:03:13Z,2172215
origin_vix_change_1d,"(-0.69, -0.12]",6248,0.5064020486555698,0.0021161070643688,0.0035324798388539,0.0036408693078737,0.0207257590028169,9709710395,regime-analysis-107,33231539720,2026-08-29T05:03:14Z,2026-08-29T05:03:14Z,2026-09-28T05:03:13Z,2172215
origin_vix_change_1d,"(-0.12, 0.63]",5686,0.516707703130496,0.0025884881725801,0.0039101993826181,0.0042168823218145,0.0218915249834439,9709710395,regime-analysis-107,33231539720,2026-08-29T05:03:14Z,2026-08-29T05:03:14Z,2026-09-28T05:03:13Z,2172215
origin_vix_change_1d,"(0.63, 6.11]",6022,0.5448356027897708,0.0030878744417201,0.0035685361875205,0.0039710709501237,0.0197091595953844,9709710395,regime-analysis-107,33231539720,2026-08-29T05:03:14Z,2026-08-29T05:03:14Z,2026-09-28T05:03:13Z,2172215
origin_vix_change_5d,"(-10.071, -1.6]",6106,0.4261382246970193,0.0005922461447347,0.0028659928088544,0.0044770245939754,0.0226835663294654,9709710395,regime-analysis-107,33231539720,2026-08-29T05:03:14Z,2026-08-29T05:03:14Z,2026-09-28T05:03:13Z,2172215
origin_vix_change_5d,"(-1.6, -0.11]",6132,0.5084801043705154,0.0004025302874079,0.0017730800277003,0.0036441770819268,0.02097999065195,9709710395,regime-analysis-107,33231539720,2026-08-29T05:03:14Z,2026-08-29T05:03:14Z,2026-09-28T05:03:13Z,2172215
origin_vix_change_5d,"(-0.11, 1.05]",5870,0.527427597955707,0.0023205155084234,0.0027580478756854,0.0042693140326089,0.0203897711887648,9709710395,regime-analysis-107,33231539720,2026-08-29T05:03:14Z,2026-08-29T05:03:14Z,2026-09-28T05:03:13Z,2172215
origin_vix_change_5d,"(1.05, 9.63]",6017,0.6438424464018614,0.0065923631190455,0.006464829791505,0.0039904256376735,0.0183940930248786,9709710395,regime-analysis-107,33231539720,2026-08-29T05:03:14Z,2026-08-29T05:03:14Z,2026-09-28T05:03:13Z,2172215
origin_vix_change_20d,"(-13.030999999999999, -2.1]",6064,0.5054419525065963,0.0028313664199327,0.0053105234334727,0.0036571297180876,0.0210201200971044,9709710395,regime-analysis-107,33231539720,2026-08-29T05:03:14Z,2026-08-29T05:03:14Z,2026-09-28T05:03:13Z,2172215
origin_vix_change_20d,"(-2.1, -0.06]",6001,0.5372437927012165,0.002282542404654,0.0029726455521671,0.0048343199255952,0.0194144574099877,9709710395,regime-analysis-107,33231539720,2026-08-29T05:03:14Z,2026-08-29T05:03:14Z,2026-09-28T05:03:13Z,2172215
origin_vix_change_20d,"(-0.06, 2.25]",6075,0.4758847736625514,0.003069375228142,0.0053213976106164,0.0036401514084586,0.0215922621346275,9709710395,regime-analysis-107,33231539720,2026-08-29T05:03:14Z,2026-08-29T05:03:14Z,2026-09-28T05:03:13Z,2172215
origin_vix_change_20d,"(2.25, 11.19]",5985,0.5864661654135338,0.0016472595074544,0.0001823809795915,0.0042527255104625,0.0204469864060448,9709710395,regime-analysis-107,33231539720,2026-08-29T05:03:14Z,2026-08-29T05:03:14Z,2026-09-28T05:03:13Z,2172215
origin_vix_pct_change_1d,"(-0.185, -0.0411]",6085,0.5447822514379622,0.0023688133095433,0.003027367798073,0.0049204285114542,0.0199653657274919,9709710395,regime-analysis-107,33231539720,2026-08-29T05:03:14Z,2026-08-29T05:03:14Z,2026-09-28T05:03:13Z,2172215
origin_vix_pct_change_1d,"(-0.0411, -0.00784]",6017,0.5037394050191125,0.0024195800233788,0.0040177005267252,0.0032300044022097,0.0209580732786032,9709710395,regime-analysis-107,33231539720,2026-08-29T05:03:14Z,2026-08-29T05:03:14Z,2026-09-28T05:03:13Z,2172215
origin_vix_pct_change_1d,"(-0.00784, 0.0404]",6022,0.493025572899369,0.0007911268189451,0.0018932085138698,0.0041429837844034,0.0219278677121231,9709710395,regime-analysis-107,33231539720,2026-08-29T05:03:14Z,2026-08-29T05:03:14Z,2026-09-28T05:03:13Z,2172215
origin_vix_pct_change_1d,"(0.0404, 0.397]",6001,0.5624062656223963,0.0042718276805448,0.0049098420122278,0.0040708678787723,0.0196428556178417,9709710395,regime-analysis-107,33231539720,2026-08-29T05:03:14Z,2026-08-29T05:03:14Z,2026-09-28T05:03:13Z,2172215
origin_vix_pct_change_5d,"(-0.382, -0.082]",6064,0.4104551451187335,0.000766272414298,0.0038726048836868,0.0049186157670225,0.0220171881036594,9709710395,regime-analysis-107,33231539720,2026-08-29T05:03:14Z,2026-08-29T05:03:14Z,2026-09-28T05:03:13Z,2172215
origin_vix_pct_change_5d,"(-0.082, -0.00657]",6069,0.5224913494809689,0.0001110874556044,0.0005727925183526,0.0032267682102989,0.0217355289911922,9709710395,regime-analysis-107,33231539720,2026-08-29T05:03:14Z,2026-08-29T05:03:14Z,2026-09-28T05:03:13Z,2172215
origin_vix_pct_change_5d,"(-0.00657, 0.0679]",6059,0.5192275953127579,0.0014478963600381,0.0015919500013956,0.0038847996713473,0.0203341073066527,9709710395,regime-analysis-107,33231539720,2026-08-29T05:03:14Z,2026-08-29T05:03:14Z,2026-09-28T05:03:13Z,2172215
origin_vix_pct_change_5d,"(0.0679, 0.54]",5933,0.654643519298837,0.0076316493966022,0.0078974417393339,0.0043496253130394,0.0183534237342108,9709710395,regime-analysis-107,33231539720,2026-08-29T05:03:14Z,2026-08-29T05:03:14Z,2026-09-28T05:03:13Z,2172215
origin_vix_pct_change_20d,"(-0.437, -0.117]",6064,0.5054419525065963,0.0028313664199327,0.0053105234334727,0.0036571297180876,0.0210201200971044,9709710395,regime-analysis-107,33231539720,2026-08-29T05:03:14Z,2026-08-29T05:03:14Z,2026-09-28T05:03:13Z,2172215
origin_vix_pct_change_20d,"(-0.117, -0.00367]",6001,0.5372437927012165,0.002282542404654,0.0029726455521671,0.0048343199255952,0.0194144574099877,9709710395,regime-analysis-107,33231539720,2026-08-29T05:03:14Z,2026-08-29T05:03:14Z,2026-09-28T05:03:13Z,2172215
origin_vix_pct_change_20d,"(-0.00367, 0.146]",6075,0.4823045267489712,0.0036788017494166,0.0055003285065061,0.0034377356093474,0.0213501623891903,9709710395,regime-analysis-107,33231539720,2026-08-29T05:03:14Z,2026-08-29T05:03:14Z,2026-09-28T05:03:13Z,2172215
origin_vix_pct_change_20d,"(0.146, 0.612]",5985,0.5799498746867168,0.0010286686775892,7.593935379760811e-07,0.004458185156177,0.0206927267491577,9709710395,regime-analysis-107,33231539720,2026-08-29T05:03:14Z,2026-08-29T05:03:14Z,2026-09-28T05:03:13Z,2172215
origin_vix_distance_ma20,"(-0.255, -0.0848]",6090,0.4937602627257799,0.0023010237900829,0.0042151530228039,0.0038919060413937,0.0190472662779116,9709710395,regime-analysis-107,33231539720,2026-08-29T05:03:14Z,2026-08-29T05:03:14Z,2026-09-28T05:03:13Z,2172215
origin_vix_distance_ma20,"(-0.0848, -0.0102]",5980,0.4615384615384615,0.0011004219288334,0.0029940356490232,0.0043358755048276,0.0223392150025018,9709710395,regime-analysis-107,33231539720,2026-08-29T05:03:14Z,2026-08-29T05:03:14Z,2026-09-28T05:03:13Z,2172215
origin_vix_distance_ma20,"(-0.0102, 0.0593]",6038,0.5210334547863531,0.0010114898342711,0.0011343212423006,0.0044541815699276,0.0218864152254989,9709710395,regime-analysis-107,33231539720,2026-08-29T05:03:14Z,2026-08-29T05:03:14Z,2026-09-28T05:03:13Z,2172215
origin_vix_distance_ma20,"(0.0593, 0.447]",6017,0.6277214558750208,0.0054298008922254,0.0054906521448292,0.0036944455443418,0.0192427855767347,9709710395,regime-analysis-107,33231539720,2026-08-29T05:03:14Z,2026-08-29T05:03:14Z,2026-09-28T05:03:13Z,2172215
origin_vix_trend_ma,"(-0.224, -0.0662]",6069,0.5391333003789751,0.0038511240730801,0.0054647409906373,0.0038045348657426,0.0199612200276443,9709710395,regime-analysis-107,33231539720,2026-08-29T05:03:14Z,2026-08-29T05:03:14Z,2026-09-28T05:03:13Z,2172215
origin_vix_trend_ma,"(-0.0662, -0.000377]",6085,0.4645850451930978,0.0018224127811595,0.0035589800853833,0.0047840381208163,0.0202265921147807,9709710395,regime-analysis-107,33231539720,2026-08-29T05:03:14Z,2026-08-29T05:03:14Z,2026-09-28T05:03:13Z,2172215
origin_vix_trend_ma,"(-0.000377, 0.0564]",5970,0.5025125628140703,0.000563222423562,0.0020094440318656,0.0034375672550501,0.0217277719321543,9709710395,regime-analysis-107,33231539720,2026-08-29T05:03:14Z,2026-08-29T05:03:14Z,2026-09-28T05:03:13Z,2172215
origin_vix_trend_ma,"(0.0564, 0.24]",6001,0.5984002666222297,0.0035907272058546,0.0027733066063172,0.0043378103470216,0.0205935873176208,9709710395,regime-analysis-107,33231539720,2026-08-29T05:03:14Z,2026-08-29T05:03:14Z,2026-09-28T05:03:13Z,2172215
origin_vix_percentile_252,"(0.0029699999999999996, 0.262]",6106,0.5330822142155257,0.0039158863465564,0.005532880119914,0.0027540657359749,0.0191203089873307,9709710395,regime-analysis-107,33231539720,2026-08-29T05:03:14Z,2026-08-29T05:03:14Z,2026-09-28T05:03:13Z,2172215
origin_vix_percentile_252,"(0.262, 0.504]",6248,0.4929577464788732,0.0005942760270689,0.0014096049304038,0.00579134048623,0.0208940549010459,9709710395,regime-analysis-107,33231539720,2026-08-29T05:03:14Z,2026-08-29T05:03:14Z,2026-09-28T05:03:13Z,2172215
origin_vix_percentile_252,"(0.504, 0.706]",5975,0.5218410041841004,0.002917630108937,0.0038426507098648,0.0045688263994201,0.0220788637894417,9709710395,regime-analysis-107,33231539720,2026-08-29T05:03:14Z,2026-08-29T05:03:14Z,2026-09-28T05:03:13Z,2172215
origin_vix_percentile_252,"(0.706, 0.968]",5796,0.5584886128364389,0.002469973611763,0.0030900767939411,0.0031840427867706,0.0204114044951565,9709710395,regime-analysis-107,33231539720,2026-08-29T05:03:14Z,2026-08-29T05:03:14Z,2026-09-28T05:03:13Z,2172215
origin_spy_return_5d,"(-0.0392, -0.00587]",6127,0.6402807246613351,0.0060657688782972,0.0052271759333661,0.0040279180520969,0.0193045124654539,9709710395,regime-analysis-107,33231539720,2026-08-29T05:03:14Z,2026-08-29T05:03:14Z,2026-09-28T05:03:13Z,2172215
origin_spy_return_5d,"(-0.00587, 0.00486]",6033,0.6031824962705122,0.0056152998192003,0.0062464849663219,0.0044789234151324,0.019713232118974,9709710395,regime-analysis-107,33231539720,2026-08-29T05:03:14Z,2026-08-29T05:03:14Z,2026-09-28T05:03:13Z,2172215
origin_spy_return_5d,"(0.00486, 0.0146]",6006,0.4823509823509823,0.0006437722299302,0.0013503048638108,0.0034425397794815,0.0215809501333447,9709710395,regime-analysis-107,33231539720,2026-08-29T05:03:14Z,2026-08-29T05:03:14Z,2026-09-28T05:03:13Z,2172215
origin_spy_return_5d,"(0.0146, 0.0553]",5959,0.3743916764557812,-0.0026072025735265,0.0009463028945932,0.0044265443339869,0.0219326245248771,9709710395,regime-analysis-107,33231539720,2026-08-29T05:03:14Z,2026-08-29T05:03:14Z,2026-09-28T05:03:13Z,2172215
origin_spy_return_20d,"(-0.0803, -0.00262]",6127,0.514444263097764,0.0022440158317747,0.0020035392748964,0.0035032437901417,0.0214473543476035,9709710395,regime-analysis-107,33231539720,2026-08-29T05:03:14Z,2026-08-29T05:03:14Z,2026-09-28T05:03:13Z,2172215
origin_spy_return_20d,"(-0.00262, 0.0131]",5996,0.576717811874583,0.0032303530605204,0.0043927199601688,0.0057172851642228,0.0209198810586879,9709710395,regime-analysis-107,33231539720,2026-08-29T05:03:14Z,2026-08-29T05:03:14Z,2026-09-28T05:03:13Z,2172215
origin_spy_return_20d,"(0.0131, 0.0316]",6038,0.5160649221596555,0.0031906904204333,0.0055523474243937,0.0032567176146623,0.0192371586798332,9709710395,regime-analysis-107,33231539720,2026-08-29T05:03:14Z,2026-08-29T05:03:14Z,2026-09-28T05:03:13Z,2172215
origin_spy_return_20d,"(0.0316, 0.128]",5964,0.4969818913480885,0.0011717932416394,0.0018982885545827,0.0039142845349222,0.0208790848876131,9709710395,regime-analysis-107,33231539720,2026-08-29T05:03:14Z,2026-08-29T05:03:14Z,2026-09-28T05:03:13Z,2172215
origin_spy_return_60d,"(-0.078, 0.0229]",6048,0.5165343915343915,-0.0005014684369966,0.0003797332899827,0.0024126714131897,0.0226880869665633,9709710395,regime-analysis-107,33231539720,2026-08-29T05:03:14Z,2026-08-29T05:03:14Z,2026-09-28T05:03:13Z,2172215
origin_spy_return_60d,"(0.0229, 0.0469]",6075,0.6362139917695473,0.0093643942303739,0.0099650123468905,0.0043593256378119,0.018205492193814,9709710395,regime-analysis-107,33231539720,2026-08-29T05:03:14Z,2026-08-29T05:03:14Z,2026-09-28T05:03:13Z,2172215
origin_spy_return_60d,"(0.0469, 0.0772]",6059,0.5278098696154481,0.0038870429052075,0.0047125590014868,0.0059462125051075,0.0194565931981163,9709710395,regime-analysis-107,33231539720,2026-08-29T05:03:14Z,2026-08-29T05:03:14Z,2026-09-28T05:03:13Z,2172215
origin_spy_return_60d,"(0.0772, 0.162]",5943,0.4211677603903752,-0.0030346897528756,-0.0013337659816088,0.0036431480641696,0.0221802052928883,9709710395,regime-analysis-107,33231539720,2026-08-29T05:03:14Z,2026-08-29T05:03:14Z,2026-09-28T05:03:13Z,2172215
origin_spy_return_120d,"(-0.06, 0.0679]",6043,0.5254012907496277,0.0018958474366995,0.003191611813606,0.0015496288679329,0.0207328766575724,9709710395,regime-analysis-107,33231539720,2026-08-29T05:03:14Z,2026-08-29T05:03:14Z,2026-09-28T05:03:13Z,2172215
origin_spy_return_120d,"(0.0679, 0.099]",6112,0.5528468586387435,0.0030048774375234,0.0033374924577852,0.0064920590865683,0.0223631207788364,9709710395,regime-analysis-107,33231539720,2026-08-29T05:03:14Z,2026-08-29T05:03:14Z,2026-09-28T05:03:13Z,2172215
origin_spy_return_120d,"(0.099, 0.137]",5964,0.5186116700201208,0.0029298837669914,0.0031411735041817,0.0047305000733687,0.0202896965261791,9709710395,regime-analysis-107,33231539720,2026-08-29T05:03:14Z,2026-08-29T05:03:14Z,2026-09-28T05:03:13Z,2172215
origin_spy_return_120d,"(0.137, 0.342]",6006,0.5066600066600067,0.0020106563202502,0.0041693769290607,0.0035793366045438,0.0190710048901309,9709710395,regime-analysis-107,33231539720,2026-08-29T05:03:14Z,2026-08-29T05:03:14Z,2026-09-28T05:03:13Z,2172215
origin_spy_distance_sma50,"(-0.0693, 0.00286]",6038,0.5688969857568731,0.0049809683821834,0.005305261705568,0.0025425913297407,0.0211059315058805,9709710395,regime-analysis-107,33231539720,2026-08-29T05:03:14Z,2026-08-29T05:03:14Z,2026-09-28T05:03:13Z,2172215
origin_spy_distance_sma50,"(0.00286, 0.0171]",6054,0.5591344565576478,0.0026024226708131,0.0034258942504262,0.0060565995019737,0.0193566172156756,9709710395,regime-analysis-107,33231539720,2026-08-29T05:03:14Z,2026-08-29T05:03:14Z,2026-09-28T05:03:13Z,2172215
origin_spy_distance_sma50,"(0.0171, 0.0326]",6048,0.4937169312169312,0.0015676147089456,0.0037885890895005,0.003423756116034,0.0203359812466111,9709710395,regime-analysis-107,33231539720,2026-08-29T05:03:14Z,2026-08-29T05:03:14Z,2026-09-28T05:03:13Z,2172215
origin_spy_distance_sma50,"(0.0326, 0.0861]",5985,0.4818713450292398,0.0006785560406764,0.001298910596973,0.0043489346109921,0.021705227010611,9709710395,regime-analysis-107,33231539720,2026-08-29T05:03:14Z,2026-08-29T05:03:14Z,2026-09-28T05:03:13Z,2172215
origin_spy_distance_sma200,"(-0.0461, 0.0646]",6101,0.5094246844779544,0.002082638921711,0.0029809451278922,0.0017221948042882,0.0216493281656901,9709710395,regime-analysis-107,33231539720,2026-08-29T05:03:14Z,2026-08-29T05:03:14Z,2026-09-28T05:03:13Z,2172215
origin_spy_distance_sma200,"(0.0646, 0.0872]",6012,0.5894876912840985,0.0040323035624303,0.0045890114725255,0.0051811187236274,0.020235876618318,9709710395,regime-analysis-107,33231539720,2026-08-29T05:03:14Z,2026-08-29T05:03:14Z,2026-09-28T05:03:13Z,2172215
origin_spy_distance_sma200,"(0.0872, 0.101]",6069,0.5719228868017795,0.0038114179699403,0.0050378201728908,0.0051195255248866,0.0203310073124992,9709710395,regime-analysis-107,33231539720,2026-08-29T05:03:14Z,2026-08-29T05:03:14Z,2026-09-28T05:03:13Z,2172215
origin_spy_distance_sma200,"(0.101, 0.13]",5943,0.4319367322900891,-0.0001190710305199,0.0011964473967887,0.0043795513701056,0.0202575885153047,9709710395,regime-analysis-107,33231539720,2026-08-29T05:03:14Z,2026-08-29T05:03:14Z,2026-09-28T05:03:13Z,2172215
origin_spy_trend_ma50_200,"(0.0115, 0.046]",6069,0.4882188169385401,-1.70331221323241e-05,0.0018630008405241,0.002929142724591,0.0233466591669396,9709710395,regime-analysis-107,33231539720,2026-08-29T05:03:14Z,2026-08-29T05:03:14Z,2026-09-28T05:03:13Z,2172215
origin_spy_trend_ma50_200,"(0.046, 0.0645]",6001,0.532244625895684,0.002364453608851,0.0024703391399245,0.0038715668390675,0.019736621469378,9709710395,regime-analysis-107,33231539720,2026-08-29T05:03:14Z,2026-08-29T05:03:14Z,2026-09-28T05:03:13Z,2172215
origin_spy_trend_ma50_200,"(0.0645, 0.0795]",6070,0.5034596375617792,0.0016707943328328,0.0035480869074944,0.0035350238335633,0.0205426367438748,9709710395,regime-analysis-107,33231539720,2026-08-29T05:03:14Z,2026-08-29T05:03:14Z,2026-09-28T05:03:13Z,2172215
origin_spy_trend_ma50_200,"(0.0795, 0.0902]",5985,0.580952380952381,0.0058721490250775,0.0059804437590917,0.0060628631585578,0.0188297791707608,9709710395,regime-analysis-107,33231539720,2026-08-29T05:03:14Z,2026-08-29T05:03:14Z,2026-09-28T05:03:13Z,2172215
origin_spy_volatility_20d,"(0.0557, 0.103]",6085,0.5324568611339359,0.005792087565945,0.0079991509896559,0.0035948305147278,0.0205176017482792,9709710395,regime-analysis-107,33231539720,2026-08-29T05:03:14Z,2026-08-29T05:03:14Z,2026-09-28T05:03:13Z,2172215
origin_spy_volatility_20d,"(0.103, 0.123]",6059,0.5760026406997855,0.0022074124254098,0.0014595433110117,0.0034797404441777,0.0218240648212217,9709710395,regime-analysis-107,33231539720,2026-08-29T05:03:14Z,2026-08-29T05:03:14Z,2026-09-28T05:03:13Z,2172215
origin_spy_volatility_20d,"(0.123, 0.14]",5954,0.544507893852872,0.000611821966376,-0.0001796036215945,0.0049905765023635,0.0188024983427238,9709710395,regime-analysis-107,33231539720,2026-08-29T05:03:14Z,2026-08-29T05:03:14Z,2026-09-28T05:03:13Z,2172215
origin_spy_volatility_20d,"(0.14, 0.207]",6027,0.4509706321553011,0.0011796736173455,0.0044818407127892,0.0043275073738214,0.0213188456564755,9709710395,regime-analysis-107,33231539720,2026-08-29T05:03:14Z,2026-08-29T05:03:14Z,2026-09-28T05:03:13Z,2172215
origin_spy_volatility_60d,"(0.0849, 0.11]",6048,0.4877645502645503,0.002346952045246,0.004304389878082,0.0019148974141455,0.0196642339165135,9709710395,regime-analysis-107,33231539720,2026-08-29T05:03:14Z,2026-08-29T05:03:14Z,2026-09-28T05:03:13Z,2172215
origin_spy_volatility_60d,"(0.11, 0.124]",6069,0.5849398582962597,0.0006053178209042,-0.0008077597875488,0.0045919172544007,0.0207645248499104,9709710395,regime-analysis-107,33231539720,2026-08-29T05:03:14Z,2026-08-29T05:03:14Z,2026-09-28T05:03:13Z,2172215
origin_spy_volatility_60d,"(0.124, 0.14]",6044,0.5713103904698875,0.0067052521220666,0.0068562337586373,0.0055850526508957,0.0183179223750437,9709710395,regime-analysis-107,33231539720,2026-08-29T05:03:14Z,2026-08-29T05:03:14Z,2026-09-28T05:03:13Z,2172215
origin_spy_volatility_60d,"(0.14, 0.158]",5964,0.4589201877934272,0.0001639272222319,0.0035028786112127,0.0042837637274919,0.0237856576824737,9709710395,regime-analysis-107,33231539720,2026-08-29T05:03:14Z,2026-08-29T05:03:14Z,2026-09-28T05:03:13Z,2172215
origin_spy_vol_change_20d,"(-0.517, -0.28]",6033,0.5672136582131609,0.0092169721363373,0.010299263869154,0.0055215580334642,0.0206428937880446,9709710395,regime-analysis-107,33231539720,2026-08-29T05:03:14Z,2026-08-29T05:03:14Z,2026-09-28T05:03:13Z,2172215
origin_spy_vol_change_20d,"(-0.28, 0.00671]",6122,0.5767722966350866,0.0022959029337288,0.0021103201115929,0.0022585186793244,0.0196150871715015,9709710395,regime-analysis-107,33231539720,2026-08-29T05:03:14Z,2026-08-29T05:03:14Z,2026-09-28T05:03:13Z,2172215
origin_spy_vol_change_20d,"(0.00671, 0.279]",6006,0.5038295038295039,-0.0010390637825364,-0.0016500035044443,0.0050733710443861,0.0206940126447053,9709710395,regime-analysis-107,33231539720,2026-08-29T05:03:14Z,2026-08-29T05:03:14Z,2026-09-28T05:03:13Z,2172215
origin_spy_vol_change_20d,"(0.279, 1.673]",5964,0.454560697518444,-0.0006788477493324,0.0030710903937621,0.0035454716645186,0.0215643848864708,9709710395,regime-analysis-107,33231539720,2026-08-29T05:03:14Z,2026-08-29T05:03:14Z,2026-09-28T05:03:13Z,2172215
origin_market_breadth_20d,"(0.0466, 0.476]",6716,0.5483918999404407,0.0033231344316544,0.0039757105281677,0.0042388303322032,0.0216859271699894,9709710395,regime-analysis-107,33231539720,2026-08-29T05:03:14Z,2026-08-29T05:03:14Z,2026-09-28T05:03:13Z,2172215
origin_market_breadth_20d,"(0.476, 0.667]",6531,0.5002296738631143,0.0015671529648524,0.0021590041514444,0.0045041504458416,0.0199000484962962,9709710395,regime-analysis-107,33231539720,2026-08-29T05:03:14Z,2026-08-29T05:03:14Z,2026-09-28T05:03:13Z,2172215
origin_market_breadth_20d,"(0.667, 0.857]",6153,0.5597269624573379,0.0017824714714635,0.0022446643768293,0.0053898159622181,0.0207966396475107,9709710395,regime-analysis-107,33231539720,2026-08-29T05:03:14Z,2026-08-29T05:03:14Z,2026-09-28T05:03:13Z,2172215
origin_market_breadth_20d,"(0.857, 1.0]",4725,0.4859259259259259,0.003354804610269,0.0061054291588558,0.0016308871496485,0.0198833324741003,9709710395,regime-analysis-107,33231539720,2026-08-29T05:03:14Z,2026-08-29T05:03:14Z,2026-09-28T05:03:13Z,2172215
origin_market_breadth_252d,"(0.809, 0.905]",7361,0.5340307023502242,0.004793576382485,0.0070437817887944,0.0024999289578095,0.0186439548359943,9709710395,regime-analysis-107,33231539720,2026-08-29T05:03:14Z,2026-08-29T05:03:14Z,2026-09-28T05:03:13Z,2172215
origin_market_breadth_252d,"(0.905, 0.952]",6180,0.4995145631067961,0.0021857125978588,0.0040464972310706,0.0054454651737291,0.02017615912291,9709710395,regime-analysis-107,33231539720,2026-08-29T05:03:14Z,2026-08-29T05:03:14Z,2026-09-28T05:03:13Z,2172215
origin_market_breadth_252d,"(0.952, 1.0]",10584,0.5359032501889645,0.0009995300451283,0.0006239862123158,0.0044122372107335,0.0222594064972486,9709710395,regime-analysis-107,33231539720,2026-08-29T05:03:14Z,2026-08-29T05:03:14Z,2026-09-28T05:03:13Z,2172215
origin_market_breadth_above_sma200,"(0.523, 0.81]",6044,0.521343481138319,0.0023826118222529,0.0026741164606112,0.0061566744096894,0.021016894847469,9709710395,regime-analysis-107,33231539720,2026-08-29T05:03:14Z,2026-08-29T05:03:14Z,2026-09-28T05:03:13Z,2172215
origin_market_breadth_above_sma200,"(0.81, 1.0]",18081,0.5275703777445938,0.0024872374177413,0.0037220585597339,0.0034037459398441,0.020490805864505,9709710395,regime-analysis-107,33231539720,2026-08-29T05:03:14Z,2026-08-29T05:03:14Z,2026-09-28T05:03:13Z,2172215
origin_cross_asset_daily_volatility,"(0.0015400000000000001, 0.00806]",6085,0.4821692686935086,0.0033714402530875,0.0068774083938344,0.0017721958458591,0.0206146136718124,9709710395,regime-analysis-107,33231539720,2026-08-29T05:03:14Z,2026-08-29T05:03:14Z,2026-09-28T05:03:13Z,2172215
origin_cross_asset_daily_volatility,"(0.00806, 0.0112]",6048,0.5333994708994709,0.0022453139828751,0.0019904596631122,0.0048557408983747,0.0193564910434644,9709710395,regime-analysis-107,33231539720,2026-08-29T05:03:14Z,2026-08-29T05:03:14Z,2026-09-28T05:03:13Z,2172215
origin_cross_asset_daily_volatility,"(0.0112, 0.0155]",6001,0.5444092651224796,0.0006220982868151,0.0008581287740483,0.0049957353277243,0.0212670365848143,9709710395,regime-analysis-107,33231539720,2026-08-29T05:03:14Z,2026-08-29T05:03:14Z,2026-09-28T05:03:13Z,2172215
origin_cross_asset_daily_volatility,"(0.0155, 0.0647]",5991,0.5446503087965281,0.0035960876107885,0.0040767717934292,0.0047777215979617,0.0212633791896003,9709710395,regime-analysis-107,33231539720,2026-08-29T05:03:14Z,2026-08-29T05:03:14Z,2026-09-28T05:03:13Z,2172215
origin_cross_asset_return_20d_dispersion,"(0.0161, 0.0436]",6117,0.5031878371750859,0.0033751525381946,0.0058268657844681,0.0027748137047391,0.0188647776473477,9709710395,regime-analysis-107,33231539720,2026-08-29T05:03:14Z,2026-08-29T05:03:14Z,2026-09-28T05:03:13Z,2172215
origin_cross_asset_return_20d_dispersion,"(0.0436, 0.0559]",6043,0.5328479232169452,0.0014578209434751,0.0028283693829458,0.0028451687409115,0.0199146034320878,9709710395,regime-analysis-107,33231539720,2026-08-29T05:03:14Z,2026-08-29T05:03:14Z,2026-09-28T05:03:13Z,2172215
origin_cross_asset_return_20d_dispersion,"(0.0559, 0.0692]",6001,0.5569071821363106,0.0044301286189911,0.003792362248956,0.0045333173554832,0.0205906673547662,9709710395,regime-analysis-107,33231539720,2026-08-29T05:03:14Z,2026-08-29T05:03:14Z,2026-09-28T05:03:13Z,2172215
origin_cross_asset_return_20d_dispersion,"(0.0692, 0.157]",5964,0.51140174379611,0.0005586223547545,0.0013360430358425,0.006268065541082,0.023175047801699,9709710395,regime-analysis-107,33231539720,2026-08-29T05:03:14Z,2026-08-29T05:03:14Z,2026-09-28T05:03:13Z,2172215
origin_vix_market,"(13.469000000000001, 16.05]",6106,0.5257124140189977,0.0040996894930582,0.0059445189884253,0.0021476636960848,0.0182404432195939,9678170128,regime-analysis-106,33146319163,2026-08-28T07:39:30Z,2026-08-28T07:39:30Z,2026-09-27T07:39:28Z,2191741
origin_vix_market,"(16.05, 17.19]",6059,0.4829179732629147,0.0004822509914762,0.0013261705992676,0.001269755485505,0.0210766425417335,9678170128,regime-analysis-106,33146319163,2026-08-28T07:39:30Z,2026-08-28T07:39:30Z,2026-09-27T07:39:28Z,2191741
origin_vix_market,"(17.19, 19.03]",5933,0.5344682285521658,0.0026427933453212,0.0032318791429949,0.003136277271626,0.022255689460253,9678170128,regime-analysis-106,33146319163,2026-08-28T07:39:30Z,2026-08-28T07:39:30Z,2026-09-27T07:39:28Z,2191741
origin_vix_market,"(19.03, 31.05]",6027,0.6193794591007135,0.0050460778315835,0.0037435594980999,0.0055451239498994,0.0205080409376306,9678170128,regime-analysis-106,33146319163,2026-08-28T07:39:30Z,2026-08-28T07:39:30Z,2026-09-27T07:39:28Z,2191741
origin_vix_change_1d,"(-5.361000000000001, -0.7]",6064,0.5469986807387863,0.0035921502504837,0.0024456909738059,0.0038587327561801,0.0198450247819774,9678170128,regime-analysis-106,33146319163,2026-08-28T07:39:30Z,2026-08-28T07:39:30Z,2026-09-27T07:39:28Z,2191741
origin_vix_change_1d,"(-0.7, -0.13]",6038,0.5294799602517389,0.003288642929519,0.0045650480337731,0.0028144018931188,0.0201290083563447,9678170128,regime-analysis-106,33146319163,2026-08-28T07:39:30Z,2026-08-28T07:39:30Z,2026-09-27T07:39:28Z,2191741
origin_vix_change_1d,"(-0.13, 0.63]",6043,0.518451100446798,0.0021976512895763,0.0037490909585491,0.0034161221738814,0.0218580825609797,9678170128,regime-analysis-106,33146319163,2026-08-28T07:39:30Z,2026-08-28T07:39:30Z,2026-09-27T07:39:28Z,2191741
origin_vix_change_1d,"(0.63, 6.11]",5980,0.5673913043478261,0.0031985008261595,0.0035149641971792,0.0019730330690095,0.0201934642321845,9678170128,regime-analysis-106,33146319163,2026-08-28T07:39:30Z,2026-08-28T07:39:30Z,2026-09-27T07:39:28Z,2191741
origin_vix_change_5d,"(-10.071, -1.61]",6043,0.554856859175906,0.0046883948501951,0.0035130966514762,0.0045356349126931,0.0202476859697585,9678170128,regime-analysis-106,33146319163,2026-08-28T07:39:30Z,2026-08-28T07:39:30Z,2026-09-27T07:39:28Z,2191741
origin_vix_change_5d,"(-1.61, -0.11]",6216,0.5131917631917632,0.0006562184490394,0.0015154903060261,0.0021281856559617,0.0206370060107173,9678170128,regime-analysis-106,33146319163,2026-08-28T07:39:30Z,2026-08-28T07:39:30Z,2026-09-27T07:39:28Z,2191741
origin_vix_change_5d,"(-0.11, 1.09]",5891,0.4846375827533525,0.0008735404831184,0.0027155747774012,0.002502191656652,0.0215407572025296,9678170128,regime-analysis-106,33146319163,2026-08-28T07:39:30Z,2026-08-28T07:39:30Z,2026-09-27T07:39:28Z,2191741
origin_vix_change_5d,"(1.09, 9.63]",5975,0.6095397489539749,0.0061071156260592,0.0065978729429163,0.0029216775312754,0.0196136393974918,9678170128,regime-analysis-106,33146319163,2026-08-28T07:39:30Z,2026-08-28T07:39:30Z,2026-09-27T07:39:28Z,2191741
origin_vix_change_20d,"(-13.030999999999999, -2.04]",6127,0.5363146727599152,0.0046857369258483,0.0046924937332655,0.0033428117546793,0.020677376605053,9678170128,regime-analysis-106,33146319163,2026-08-28T07:39:30Z,2026-08-28T07:39:30Z,2026-09-27T07:39:28Z,2191741
origin_vix_change_20d,"(-2.04, -0.04]",5980,0.5225752508361204,0.0032833769077102,0.0039861819217177,0.0025516669925406,0.0184382481205042,9678170128,regime-analysis-106,33146319163,2026-08-28T07:39:30Z,2026-08-28T07:39:30Z,2026-09-27T07:39:28Z,2191741
origin_vix_change_20d,"(-0.04, 2.25]",6033,0.5033979777888281,0.0026942896805973,0.0053590082079286,0.0012165257540029,0.0211892771843817,9678170128,regime-analysis-106,33146319163,2026-08-28T07:39:30Z,2026-08-28T07:39:30Z,2026-09-27T07:39:28Z,2191741
origin_vix_change_20d,"(2.25, 11.19]",5985,0.6001670843776107,0.001578665516272,0.0001922304328658,0.0049716628242868,0.0217107054778336,9678170128,regime-analysis-106,33146319163,2026-08-28T07:39:30Z,2026-08-28T07:39:30Z,2026-09-27T07:39:28Z,2191741
origin_vix_pct_change_1d,"(-0.185, -0.0411]",6043,0.5525401290749627,0.003894670050174,0.00302749479291,0.0038439531132365,0.0195923172539216,9678170128,regime-analysis-106,33146319163,2026-08-28T07:39:30Z,2026-08-28T07:39:30Z,2026-09-27T07:39:28Z,2191741
origin_vix_pct_change_1d,"(-0.0411, -0.00787]",6059,0.5240138636738736,0.0029879739254278,0.0039774350651141,0.0028327620730879,0.0203800642957703,9678170128,regime-analysis-106,33146319163,2026-08-28T07:39:30Z,2026-08-28T07:39:30Z,2026-09-27T07:39:28Z,2191741
origin_vix_pct_change_1d,"(-0.00787, 0.0404]",6064,0.5133575197889182,0.0011238366972528,0.002455878573447,0.003315961795787,0.0218055946704026,9678170128,regime-analysis-106,33146319163,2026-08-28T07:39:30Z,2026-08-28T07:39:30Z,2026-09-27T07:39:28Z,2191741
origin_vix_pct_change_1d,"(0.0404, 0.397]",5959,0.5727471052189965,0.0042947635427424,0.004830138427968,0.0020698727504261,0.0202410107305156,9678170128,regime-analysis-106,33146319163,2026-08-28T07:39:30Z,2026-08-28T07:39:30Z,2026-09-27T07:39:28Z,2191741
origin_vix_pct_change_5d,"(-0.382, -0.082]",6085,0.5309778142974527,0.0046653668099708,0.0039142175858312,0.0045301073518805,0.0198324952723914,9678170128,regime-analysis-106,33146319163,2026-08-28T07:39:30Z,2026-08-28T07:39:30Z,2026-09-27T07:39:28Z,2191741
origin_vix_pct_change_5d,"(-0.082, -0.00657]",6069,0.5350140056022409,0.0005335873992782,0.000892962890951,0.0021245463202591,0.0211093712168838,9678170128,regime-analysis-106,33146319163,2026-08-28T07:39:30Z,2026-08-28T07:39:30Z,2026-09-27T07:39:28Z,2191741
origin_vix_pct_change_5d,"(-0.00657, 0.0679]",5996,0.4681454302868579,-0.0003031115729111,0.0015273642502021,0.0022402213483906,0.0217719414527403,9678170128,regime-analysis-106,33146319163,2026-08-28T07:39:30Z,2026-08-28T07:39:30Z,2026-09-27T07:39:28Z,2191741
origin_vix_pct_change_5d,"(0.0679, 0.54]",5975,0.6284518828451883,0.0074037531107943,0.0079789440695479,0.0031703993397111,0.0193115352568342,9678170128,regime-analysis-106,33146319163,2026-08-28T07:39:30Z,2026-08-28T07:39:30Z,2026-09-27T07:39:28Z,2191741
origin_vix_pct_change_20d,"(-0.437, -0.114]",6085,0.5472473294987674,0.0053319692888833,0.0053387727332622,0.0033343636371836,0.0203950952405334,9678170128,regime-analysis-106,33146319163,2026-08-28T07:39:30Z,2026-08-28T07:39:30Z,2026-09-27T07:39:28Z,2191741
origin_vix_pct_change_20d,"(-0.114, -0.00264]",6022,0.5116240451677183,0.0026401645516315,0.0033380679033028,0.0025657212726754,0.0187390992496063,9678170128,regime-analysis-106,33146319163,2026-08-28T07:39:30Z,2026-08-28T07:39:30Z,2026-09-27T07:39:28Z,2191741
origin_vix_pct_change_20d,"(-0.00264, 0.146]",6033,0.5181501740427648,0.0033989707946316,0.0055391847689314,0.0006899896317825,0.0206701465973613,9678170128,regime-analysis-106,33146319163,2026-08-28T07:39:30Z,2026-08-28T07:39:30Z,2026-09-27T07:39:28Z,2191741
origin_vix_pct_change_20d,"(0.146, 0.612]",5985,0.585296574770259,0.0008683328243808,1.0608846812285118e-05,0.0055024217926002,0.0222339995181836,9678170128,regime-analysis-106,33146319163,2026-08-28T07:39:30Z,2026-08-28T07:39:30Z,2026-09-27T07:39:28Z,2191741
origin_vix_distance_ma20,"(-0.255, -0.0833]",6132,0.5601761252446184,0.0050795665278581,0.0043627121458088,0.002183670610372,0.0176298598358581,9678170128,regime-analysis-106,33146319163,2026-08-28T07:39:30Z,2026-08-28T07:39:30Z,2026-09-27T07:39:28Z,2191741
origin_vix_distance_ma20,"(-0.0833, -0.0102]",6001,0.5292451258123646,0.0033658877227915,0.0037132789830879,0.0041284745866014,0.0213412369521282,9678170128,regime-analysis-106,33146319163,2026-08-28T07:39:30Z,2026-08-28T07:39:30Z,2026-09-27T07:39:28Z,2191741
origin_vix_distance_ma20,"(-0.0102, 0.0593]",5996,0.4783188792528352,-0.0010627200413185,0.0006721358667145,0.0029321160203382,0.0224648002343445,9678170128,regime-analysis-106,33146319163,2026-08-28T07:39:30Z,2026-08-28T07:39:30Z,2026-09-27T07:39:28Z,2191741
origin_vix_distance_ma20,"(0.0593, 0.447]",5996,0.5938959306204136,0.00484865610493,0.0055043375487482,0.0028500444093771,0.0206555180269599,9678170128,regime-analysis-106,33146319163,2026-08-28T07:39:30Z,2026-08-28T07:39:30Z,2026-09-27T07:39:28Z,2191741
origin_vix_trend_ma,"(-0.224, -0.0612]",6111,0.5804287350679104,0.0060324225347873,0.0055763664051908,0.0025624345317625,0.0191763594235443,9678170128,regime-analysis-106,33146319163,2026-08-28T07:39:30Z,2026-08-28T07:39:30Z,2026-09-27T07:39:28Z,2191741
origin_vix_trend_ma,"(-0.0612, 0.00107]",6022,0.5112919295914978,0.00273437809419,0.0037653486832126,0.0033099840290348,0.0190468439918082,9678170128,regime-analysis-106,33146319163,2026-08-28T07:39:30Z,2026-08-28T07:39:30Z,2026-09-27T07:39:28Z,2191741
origin_vix_trend_ma,"(0.00107, 0.0582]",6054,0.4644862900561612,-0.0006370692211658,0.001822488420253,0.0005961616688593,0.0221979020388061,9678170128,regime-analysis-106,33146319163,2026-08-28T07:39:30Z,2026-08-28T07:39:30Z,2026-09-27T07:39:28Z,2191741
origin_vix_trend_ma,"(0.0582, 0.24]",5938,0.6066015493432132,0.0041383167535117,0.0030791887649185,0.0056642226547401,0.0216321262814254,9678170128,regime-analysis-106,33146319163,2026-08-28T07:39:30Z,2026-08-28T07:39:30Z,2026-09-27T07:39:28Z,2191741
origin_vix_percentile_252,"(0.0029699999999999996, 0.27]",6190,0.529886914378029,0.0041116959700748,0.005967624064009,0.0020482288079454,0.018150394098585,9678170128,regime-analysis-106,33146319163,2026-08-28T07:39:30Z,2026-08-28T07:39:30Z,2026-09-27T07:39:28Z,2191741
origin_vix_percentile_252,"(0.27, 0.504]",6038,0.4744948658496191,0.0003979626930101,0.0012077743692054,0.0014247863939044,0.0211165624707995,9678170128,regime-analysis-106,33146319163,2026-08-28T07:39:30Z,2026-08-28T07:39:30Z,2026-09-27T07:39:28Z,2191741
origin_vix_percentile_252,"(0.504, 0.706]",6059,0.5390328437035814,0.0033025254970199,0.0038087403847006,0.0046112813023187,0.0222085953873015,9678170128,regime-analysis-106,33146319163,2026-08-28T07:39:30Z,2026-08-28T07:39:30Z,2026-09-27T07:39:28Z,2191741
origin_vix_percentile_252,"(0.706, 0.968]",5838,0.6216169921205893,0.0044848866099879,0.0032134943587436,0.0040448660731833,0.0206080624593004,9678170128,regime-analysis-106,33146319163,2026-08-28T07:39:30Z,2026-08-28T07:39:30Z,2026-09-27T07:39:28Z,2191741
origin_spy_return_5d,"(-0.0392, -0.00603]",6064,0.6287928759894459,0.0062254399551233,0.0053226033822777,0.0024409172358579,0.0202683658156328,9678170128,regime-analysis-106,33146319163,2026-08-28T07:39:30Z,2026-08-28T07:39:30Z,2026-09-27T07:39:28Z,2191741
origin_spy_return_5d,"(-0.00603, 0.00475]",6054,0.5467459530888669,0.0042250501711888,0.0062273475061537,0.0033137337242405,0.0210974810088555,9678170128,regime-analysis-106,33146319163,2026-08-28T07:39:30Z,2026-08-28T07:39:30Z,2026-09-27T07:39:28Z,2191741
origin_spy_return_5d,"(0.00475, 0.0144]",5985,0.5131161236424394,0.0017846468330484,0.0024184272529423,0.0018121158643698,0.0196348858546025,9678170128,regime-analysis-106,33146319163,2026-08-28T07:39:30Z,2026-08-28T07:39:30Z,2026-09-27T07:39:28Z,2191741
origin_spy_return_5d,"(0.0144, 0.0553]",6022,0.4726004649618067,6.050131297396955e-06,0.0002688071792558,0.0045045663534576,0.021019292524839,9678170128,regime-analysis-106,33146319163,2026-08-28T07:39:30Z,2026-08-28T07:39:30Z,2026-09-27T07:39:28Z,2191741
origin_spy_return_20d,"(-0.0803, -0.00265]",6085,0.6300739523418242,0.004132422698784,0.002054922615207,0.003218407729959,0.0212737856088996,9678170128,regime-analysis-106,33146319163,2026-08-28T07:39:30Z,2026-08-28T07:39:30Z,2026-09-27T07:39:28Z,2191741
origin_spy_return_20d,"(-0.00265, 0.0129]",6017,0.5806880505235167,0.0046320970345976,0.0040532250106491,0.0042382524005803,0.0207329052254976,9678170128,regime-analysis-106,33146319163,2026-08-28T07:39:30Z,2026-08-28T07:39:30Z,2026-09-27T07:39:28Z,2191741
origin_spy_return_20d,"(0.0129, 0.0314]",6080,0.4662828947368421,0.002601751616836,0.0059728292332514,0.00115523038438,0.0193617115400438,9678170128,regime-analysis-106,33146319163,2026-08-28T07:39:30Z,2026-08-28T07:39:30Z,2026-09-27T07:39:28Z,2191741
origin_spy_return_20d,"(0.0314, 0.128]",5943,0.4840989399293286,0.0008768798588381,0.0021642961322473,0.0034874140409636,0.0206637067848805,9678170128,regime-analysis-106,33146319163,2026-08-28T07:39:30Z,2026-08-28T07:39:30Z,2026-09-27T07:39:28Z,2191741
origin_spy_return_60d,"(-0.078, 0.0229]",6069,0.6068545065084857,0.0022257763895752,0.0007354504719191,0.0067113463556631,0.0232257588191717,9678170128,regime-analysis-106,33146319163,2026-08-28T07:39:30Z,2026-08-28T07:39:30Z,2026-09-27T07:39:28Z,2191741
origin_spy_return_60d,"(0.0229, 0.0469]",6033,0.6408088844687552,0.0101731871311583,0.010002349244296,0.003320308795357,0.0181400148795811,9678170128,regime-analysis-106,33146319163,2026-08-28T07:39:30Z,2026-08-28T07:39:30Z,2026-09-27T07:39:28Z,2191741
origin_spy_return_60d,"(0.0469, 0.0772]",6059,0.4593167189305165,0.00199433950214,0.0048215256624253,0.00281009810332,0.0200941030207673,9678170128,regime-analysis-106,33146319163,2026-08-28T07:39:30Z,2026-08-28T07:39:30Z,2026-09-27T07:39:28Z,2191741
origin_spy_return_60d,"(0.0772, 0.162]",5964,0.4540576794097921,-0.0021662828811811,-0.0013332617771335,-0.0008306321746067,0.0205530653107126,9678170128,regime-analysis-106,33146319163,2026-08-28T07:39:30Z,2026-08-28T07:39:30Z,2026-09-27T07:39:28Z,2191741
origin_spy_return_120d,"(-0.06, 0.0679]",6064,0.6177440633245382,0.0045304642279817,0.0034292107791712,0.0034660439930325,0.0207067293201848,9678170128,regime-analysis-106,33146319163,2026-08-28T07:39:30Z,2026-08-28T07:39:30Z,2026-09-27T07:39:28Z,2191741
origin_spy_return_120d,"(0.0679, 0.0987]",6007,0.5963043116364242,0.0055242663709122,0.0041779270856025,0.0030250911462808,0.0215425435688415,9678170128,regime-analysis-106,33146319163,2026-08-28T07:39:30Z,2026-08-28T07:39:30Z,2026-09-27T07:39:28Z,2191741
origin_spy_return_120d,"(0.0987, 0.137]",6090,0.5305418719211823,0.0021806899320179,0.002181746082183,0.0048590764507201,0.0204205256739097,9678170128,regime-analysis-106,33146319163,2026-08-28T07:39:30Z,2026-08-28T07:39:30Z,2026-09-27T07:39:28Z,2191741
origin_spy_return_120d,"(0.137, 0.342]",5964,0.4159959758551307,1.8387316594936897e-05,0.0045089364262445,0.0006796594968521,0.0193480591194237,9678170128,regime-analysis-106,33146319163,2026-08-28T07:39:30Z,2026-08-28T07:39:30Z,2026-09-27T07:39:28Z,2191741
origin_spy_distance_sma50,"(-0.0693, 0.00286]",6059,0.6466413599603895,0.0067215893898715,0.0055357310040423,0.0037404433924682,0.0211254359667049,9678170128,regime-analysis-106,33146319163,2026-08-28T07:39:30Z,2026-08-28T07:39:30Z,2026-09-27T07:39:28Z,2191741
origin_spy_distance_sma50,"(0.00286, 0.0168]",6012,0.6094477711244178,0.0046408016936276,0.0035868477607075,0.0037108530773423,0.0195069696805261,9678170128,regime-analysis-106,33146319163,2026-08-28T07:39:30Z,2026-08-28T07:39:30Z,2026-09-27T07:39:28Z,2191741
origin_spy_distance_sma50,"(0.0168, 0.0326]",6111,0.4387170675830469,0.0009910219087092,0.0040000898114935,0.0020660021884522,0.0198201906778714,9678170128,regime-analysis-106,33146319163,2026-08-28T07:39:30Z,2026-08-28T07:39:30Z,2026-09-27T07:39:28Z,2191741
origin_spy_distance_sma50,"(0.0326, 0.0861]",5943,0.4672724213360256,-0.0001069624716019,0.001097089168067,0.0025638134820782,0.0215932001150807,9678170128,regime-analysis-106,33146319163,2026-08-28T07:39:30Z,2026-08-28T07:39:30Z,2026-09-27T07:39:28Z,2191741
origin_spy_distance_sma200,"(-0.0461, 0.0646]",6122,0.6017641293694871,0.0042450395512909,0.0031457448887649,0.0034996945459226,0.0218006281064239,9678170128,regime-analysis-106,33146319163,2026-08-28T07:39:30Z,2026-08-28T07:39:30Z,2026-09-27T07:39:28Z,2191741
origin_spy_distance_sma200,"(0.0646, 0.0871]",5970,0.6185929648241206,0.0057698914594981,0.0050137370058662,0.0017850107445,0.019857079007619,9678170128,regime-analysis-106,33146319163,2026-08-28T07:39:30Z,2026-08-28T07:39:30Z,2026-09-27T07:39:28Z,2191741
origin_spy_distance_sma200,"(0.0871, 0.101]",6006,0.5371295371295371,0.0035345886888717,0.0046922676661421,0.0043461450110679,0.0203196948777035,9678170128,regime-analysis-106,33146319163,2026-08-28T07:39:30Z,2026-08-28T07:39:30Z,2026-09-27T07:39:28Z,2191741
origin_spy_distance_sma200,"(0.101, 0.13]",6027,0.4043471046955367,-0.0012636563797673,0.0014431148030256,0.0024308091956682,0.0200222660327667,9678170128,regime-analysis-106,33146319163,2026-08-28T07:39:30Z,2026-08-28T07:39:30Z,2026-09-27T07:39:28Z,2191741
origin_spy_trend_ma50_200,"(0.0115, 0.0472]",6090,0.5576354679802956,0.0024159632313656,0.0016807302293764,0.0049870919765171,0.0224169605328335,9678170128,regime-analysis-106,33146319163,2026-08-28T07:39:30Z,2026-08-28T07:39:30Z,2026-09-27T07:39:28Z,2191741
origin_spy_trend_ma50_200,"(0.0472, 0.0645]",5980,0.5265886287625418,0.0025573119012274,0.0026124159108846,0.0025671403916331,0.0196930909887349,9678170128,regime-analysis-106,33146319163,2026-08-28T07:39:30Z,2026-08-28T07:39:30Z,2026-09-27T07:39:28Z,2191741
origin_spy_trend_ma50_200,"(0.0645, 0.0795]",6070,0.5126853377265239,0.001110842614998,0.0037303460463326,-0.0007304029642235,0.0210729465127354,9678170128,regime-analysis-106,33146319163,2026-08-28T07:39:30Z,2026-08-28T07:39:30Z,2026-09-27T07:39:28Z,2191741
origin_spy_trend_ma50_200,"(0.0795, 0.0902]",5985,0.5652464494569758,0.0062319650608717,0.0062771224577266,0.005270799403083,0.0188016261767902,9678170128,regime-analysis-106,33146319163,2026-08-28T07:39:30Z,2026-08-28T07:39:30Z,2026-09-27T07:39:28Z,2191741
origin_spy_volatility_20d,"(0.0557, 0.103]",6127,0.4573200587563245,0.0036212245620207,0.0081671151841819,0.0022056217156101,0.0205898053164965,9678170128,regime-analysis-106,33146319163,2026-08-28T07:39:30Z,2026-08-28T07:39:30Z,2026-09-27T07:39:28Z,2191741
origin_spy_volatility_20d,"(0.103, 0.123]",5975,0.5568200836820084,0.0015343750279212,0.0014703994856109,0.0049302845079764,0.0229639367696474,9678170128,regime-analysis-106,33146319163,2026-08-28T07:39:30Z,2026-08-28T07:39:30Z,2026-09-27T07:39:28Z,2191741
origin_spy_volatility_20d,"(0.123, 0.14]",5996,0.5638759172781854,0.0005875597147498,-0.000593901767399,0.0028039712194226,0.0195343787340834,9678170128,regime-analysis-106,33146319163,2026-08-28T07:39:30Z,2026-08-28T07:39:30Z,2026-09-27T07:39:28Z,2191741
origin_spy_volatility_20d,"(0.14, 0.207]",6027,0.5856976937116309,0.0064989090887243,0.0051111922999904,0.0021652849668506,0.0189535585690398,9678170128,regime-analysis-106,33146319163,2026-08-28T07:39:30Z,2026-08-28T07:39:30Z,2026-09-27T07:39:28Z,2191741
origin_spy_volatility_60d,"(0.0849, 0.11]",6090,0.4218390804597701,-9.663578711191272e-05,0.0046172305397473,0.0012570134593897,0.0202964566666802,9678170128,regime-analysis-106,33146319163,2026-08-28T07:39:30Z,2026-08-28T07:39:30Z,2026-09-27T07:39:28Z,2191741
origin_spy_volatility_60d,"(0.11, 0.124]",6069,0.5865875762069533,0.0009662985381595,-0.0007041926481635,0.0064829059784492,0.0214468290850806,9678170128,regime-analysis-106,33146319163,2026-08-28T07:39:30Z,2026-08-28T07:39:30Z,2026-09-27T07:39:28Z,2191741
origin_spy_volatility_60d,"(0.124, 0.14]",5939,0.6187910422630072,0.007791627867906,0.0069326585001282,0.0002173494124704,0.0179816828537219,9678170128,regime-analysis-106,33146319163,2026-08-28T07:39:30Z,2026-08-28T07:39:30Z,2026-09-27T07:39:28Z,2191741
origin_spy_volatility_60d,"(0.14, 0.158]",6027,0.536917205906753,0.0037326422795155,0.0034928529976949,0.0040723861957883,0.0222606687360699,9678170128,regime-analysis-106,33146319163,2026-08-28T07:39:30Z,2026-08-28T07:39:30Z,2026-09-27T07:39:28Z,2191741
origin_spy_vol_change_20d,"(-0.517, -0.277]",6096,0.5226377952755905,0.0079801745334874,0.0102496305615358,0.0033130319716083,0.0208674617215162,9678170128,regime-analysis-106,33146319163,2026-08-28T07:39:30Z,2026-08-28T07:39:30Z,2026-09-27T07:39:28Z,2191741
origin_spy_vol_change_20d,"(-0.277, 0.00671]",5996,0.5226817878585723,0.0001319482623287,0.0022165238014575,0.0011163159601451,0.0204755989054266,9678170128,regime-analysis-106,33146319163,2026-08-28T07:39:30Z,2026-08-28T07:39:30Z,2026-09-27T07:39:28Z,2191741
origin_spy_vol_change_20d,"(0.00671, 0.3]",6027,0.5350920856147336,-0.0003009475693585,-0.0021064921268485,0.0053585785064235,0.0212799428534864,9678170128,regime-analysis-106,33146319163,2026-08-28T07:39:30Z,2026-08-28T07:39:30Z,2026-09-27T07:39:28Z,2191741
origin_spy_vol_change_20d,"(0.3, 1.673]",6006,0.5819180819180819,0.0043993626497126,0.0038284175968331,0.002272602740493,0.0193956940540661,9678170128,regime-analysis-106,33146319163,2026-08-28T07:39:30Z,2026-08-28T07:39:30Z,2026-09-27T07:39:28Z,2191741
origin_market_breadth_20d,"(0.0466, 0.476]",6653,0.6466255824440102,0.0060163484004555,0.0040628045829836,0.0011438949410646,0.0207288667630761,9678170128,regime-analysis-106,33146319163,2026-08-28T07:39:30Z,2026-08-28T07:39:30Z,2026-09-27T07:39:28Z,2191741
origin_market_breadth_20d,"(0.476, 0.667]",6594,0.5395814376706096,0.0028842510061265,0.0020858462387895,0.0038407344512153,0.0195706465234518,9678170128,regime-analysis-106,33146319163,2026-08-28T07:39:30Z,2026-08-28T07:39:30Z,2026-09-27T07:39:28Z,2191741
origin_market_breadth_20d,"(0.667, 0.857]",6195,0.5057304277643261,0.0013387964388403,0.0024437806137315,0.0049247301948865,0.0216182279898153,9678170128,regime-analysis-106,33146319163,2026-08-28T07:39:30Z,2026-08-28T07:39:30Z,2026-09-27T07:39:28Z,2191741
origin_market_breadth_20d,"(0.857, 1.0]",4683,0.4371129617766389,0.0014323523018294,0.0064374424009161,0.00200517585779,0.0200387733526996,9678170128,regime-analysis-106,33146319163,2026-08-28T07:39:30Z,2026-08-28T07:39:30Z,2026-09-27T07:39:28Z,2191741
origin_market_breadth_252d,"(0.809, 0.905]",7298,0.4810907097835023,0.0035274031116513,0.0073460368253161,-6.20757195121211e-05,0.0181695960500968,9678170128,regime-analysis-106,33146319163,2026-08-28T07:39:30Z,2026-08-28T07:39:30Z,2026-09-27T07:39:28Z,2191741
origin_market_breadth_252d,"(0.905, 0.952]",6243,0.6024347268941214,0.0056239074042397,0.0041949533667189,0.0008292359218199,0.0187563666561822,9678170128,regime-analysis-106,33146319163,2026-08-28T07:39:30Z,2026-08-28T07:39:30Z,2026-09-27T07:39:28Z,2191741
origin_market_breadth_252d,"(0.952, 1.0]",10584,0.544973544973545,0.0012466009993586,0.0005923282346128,0.0064352973218676,0.0231506786422744,9678170128,regime-analysis-106,33146319163,2026-08-28T07:39:30Z,2026-08-28T07:39:30Z,2026-09-27T07:39:28Z,2191741
origin_market_breadth_above_sma200,"(0.523, 0.857]",7766,0.556142158125161,0.0032078150844845,0.0018423649055902,0.0004637770839036,0.020992432101207,9678170128,regime-analysis-106,33146319163,2026-08-28T07:39:30Z,2026-08-28T07:39:30Z,2026-09-27T07:39:28Z,2191741
origin_market_breadth_above_sma200,"(0.857, 1.0]",16359,0.5331010452961672,0.0030035561381872,0.004386690311016,0.0042321282034338,0.0202761332636476,9678170128,regime-analysis-106,33146319163,2026-08-28T07:39:30Z,2026-08-28T07:39:30Z,2026-09-27T07:39:28Z,2191741
origin_cross_asset_daily_volatility,"(0.0015400000000000001, 0.00806]",6127,0.5185245634078668,0.0047635464536275,0.0067843672385111,0.0022143347940009,0.0192108921764619,9678170128,regime-analysis-106,33146319163,2026-08-28T07:39:30Z,2026-08-28T07:39:30Z,2026-09-27T07:39:28Z,2191741
origin_cross_asset_daily_volatility,"(0.00806, 0.0112]",6006,0.4705294705294705,0.0006388333471482,0.0021067918809951,0.0033690327782958,0.0200596096150991,9678170128,regime-analysis-106,33146319163,2026-08-28T07:39:30Z,2026-08-28T07:39:30Z,2026-09-27T07:39:28Z,2191741
origin_cross_asset_daily_volatility,"(0.0112, 0.0155]",6064,0.5905343007915568,0.0027453645726661,0.0013510017717941,0.0034606625012087,0.0210392751960045,9678170128,regime-analysis-106,33146319163,2026-08-28T07:39:30Z,2026-08-28T07:39:30Z,2026-09-27T07:39:28Z,2191741
origin_cross_asset_daily_volatility,"(0.0155, 0.0647]",5928,0.582995951417004,0.0041120266257956,0.0039905512488109,0.003044531133089,0.0217542468380476,9678170128,regime-analysis-106,33146319163,2026-08-28T07:39:30Z,2026-08-28T07:39:30Z,2026-09-27T07:39:28Z,2191741
origin_cross_asset_return_20d_dispersion,"(0.0161, 0.0432]",6054,0.5204823257350512,0.0033863970887149,0.0059576772314407,0.0039653524148523,0.0185433473594943,9678170128,regime-analysis-106,33146319163,2026-08-28T07:39:30Z,2026-08-28T07:39:30Z,2026-09-27T07:39:28Z,2191741
origin_cross_asset_return_20d_dispersion,"(0.0432, 0.0554]",6085,0.5751848808545604,0.0040515089757072,0.0034949564861438,0.0029937519401067,0.0196169114378415,9678170128,regime-analysis-106,33146319163,2026-08-28T07:39:30Z,2026-08-28T07:39:30Z,2026-09-27T07:39:28Z,2191741
origin_cross_asset_return_20d_dispersion,"(0.0554, 0.0692]",6043,0.5225881184841966,0.0026436665595843,0.0028327183213926,0.0009832317204931,0.0209878532107923,9678170128,regime-analysis-106,33146319163,2026-08-28T07:39:30Z,2026-08-28T07:39:30Z,2026-09-27T07:39:28Z,2191741
origin_cross_asset_return_20d_dispersion,"(0.0692, 0.157]",5943,0.5436648157496214,0.002173432559126,0.0019547312234936,0.0041511332242243,0.0229285821624639,9678170128,regime-analysis-106,33146319163,2026-08-28T07:39:30Z,2026-08-28T07:39:30Z,2026-09-27T07:39:28Z,2191741
origin_vix_market,"(13.469000000000001, 16.06]",6043,0.5239119642561642,0.0031353579155511,0.0059474696206668,0.003040279596855,0.0185401237432758,9633446351,regime-analysis-105,33034753272,2026-08-27T04:36:35Z,2026-08-27T04:36:35Z,2026-09-26T04:36:34Z,2143575
origin_vix_market,"(16.06, 17.24]",6185,0.4827809215844785,-0.0005193998793199,0.0019521750404618,0.0044107559916914,0.0214399425598322,9633446351,regime-analysis-105,33034753272,2026-08-27T04:36:35Z,2026-08-27T04:36:35Z,2026-09-26T04:36:34Z,2143575
origin_vix_market,"(17.24, 19.08]",5912,0.4671853856562923,0.0007030896480105,0.0026712565904295,0.0048538135277353,0.0227890754575756,9633446351,regime-analysis-105,33034753272,2026-08-27T04:36:35Z,2026-08-27T04:36:35Z,2026-09-26T04:36:34Z,2143575
origin_vix_market,"(19.08, 31.05]",5985,0.5309941520467836,0.0040089117885541,0.0045414808848538,0.0056960261482131,0.0218439359261501,9633446351,regime-analysis-105,33034753272,2026-08-27T04:36:35Z,2026-08-27T04:36:35Z,2026-09-26T04:36:34Z,2143575
origin_vix_change_1d,"(-5.361000000000001, -0.7]",6127,0.5084054186388118,0.0017155151077287,0.0025118474028284,0.0052598746509892,0.0214135710792494,9633446351,regime-analysis-105,33034753272,2026-08-27T04:36:35Z,2026-08-27T04:36:35Z,2026-09-26T04:36:34Z,2143575
origin_vix_change_1d,"(-0.7, -0.13]",5996,0.498165443629086,0.0021883989486512,0.0048721374295394,0.0029531459427511,0.0206667063761126,9633446351,regime-analysis-105,33034753272,2026-08-27T04:36:35Z,2026-08-27T04:36:35Z,2026-09-26T04:36:34Z,2143575
origin_vix_change_1d,"(-0.13, 0.63]",5980,0.4899665551839465,0.0011918335446593,0.0039232748587728,0.0046607302357209,0.0219586770099036,9633446351,regime-analysis-105,33034753272,2026-08-27T04:36:35Z,2026-08-27T04:36:35Z,2026-09-26T04:36:34Z,2143575
origin_vix_change_1d,"(0.63, 6.11]",6022,0.5081368316174029,0.0021794614622031,0.0038066065893899,0.0050870002684284,0.0205376242416834,9633446351,regime-analysis-105,33034753272,2026-08-27T04:36:35Z,2026-08-27T04:36:35Z,2026-09-26T04:36:34Z,2143575
origin_vix_change_5d,"(-10.071, -1.6]",6127,0.4925738534356129,0.0013352051672662,0.003122302120775,0.0045815699013744,0.0226429957451092,9633446351,regime-analysis-105,33034753272,2026-08-27T04:36:35Z,2026-08-27T04:36:35Z,2026-09-26T04:36:34Z,2143575
origin_vix_change_5d,"(-1.6, -0.11]",6027,0.4750290360046457,-0.0003635998368607,0.0023664748128012,0.0032793641929733,0.0208212455573176,9633446351,regime-analysis-105,33034753272,2026-08-27T04:36:35Z,2026-08-27T04:36:35Z,2026-09-26T04:36:34Z,2143575
origin_vix_change_5d,"(-0.11, 1.14]",6017,0.4864550440418813,0.0007145894997972,0.0024482363300081,0.004243646944222,0.0211416777369323,9633446351,regime-analysis-105,33034753272,2026-08-27T04:36:35Z,2026-08-27T04:36:35Z,2026-09-26T04:36:34Z,2143575
origin_vix_change_5d,"(1.14, 9.63]",5954,0.5515619751427612,0.0056424944273189,0.0071991714499521,0.0058900515695798,0.0199321844623807,9633446351,regime-analysis-105,33034753272,2026-08-27T04:36:35Z,2026-08-27T04:36:35Z,2026-09-26T04:36:34Z,2143575
origin_vix_change_20d,"(-13.030999999999999, -2.04]",6043,0.4276021843455238,-0.0004141616507694,0.0048234282792018,0.0011680484374209,0.0224161086634428,9633446351,regime-analysis-105,33034753272,2026-08-27T04:36:35Z,2026-08-27T04:36:35Z,2026-09-26T04:36:34Z,2143575
origin_vix_change_20d,"(-2.04, 0.01]",6022,0.5551311856526071,0.0031264131285966,0.0041274689240683,0.003711846932325,0.0183162716372872,9633446351,regime-analysis-105,33034753272,2026-08-27T04:36:35Z,2026-08-27T04:36:35Z,2026-09-26T04:36:34Z,2143575
origin_vix_change_20d,"(0.01, 2.25]",6075,0.5076543209876543,0.0033185342608276,0.0056337883993956,0.005386423713267,0.0213545498829886,9633446351,regime-analysis-105,33034753272,2026-08-27T04:36:35Z,2026-08-27T04:36:35Z,2026-09-26T04:36:34Z,2143575
origin_vix_change_20d,"(2.25, 11.19]",5985,0.5147869674185463,0.0012364086957861,0.0004610082077077,0.0077369447775338,0.0224927251703073,9633446351,regime-analysis-105,33034753272,2026-08-27T04:36:35Z,2026-08-27T04:36:35Z,2026-09-26T04:36:34Z,2143575
origin_vix_pct_change_1d,"(-0.185, -0.0411]",6064,0.5108839050131926,0.0018599233304415,0.0029771571598481,0.0050724492167036,0.0210954444554257,9633446351,regime-analysis-105,33034753272,2026-08-27T04:36:35Z,2026-08-27T04:36:35Z,2026-09-26T04:36:34Z,2143575
origin_vix_pct_change_1d,"(-0.0411, -0.00787]",6059,0.49579138471695,0.0020389546270621,0.0043819019718317,0.0031647108449011,0.0209928612404738,9633446351,regime-analysis-105,33034753272,2026-08-27T04:36:35Z,2026-08-27T04:36:35Z,2026-09-26T04:36:34Z,2143575
origin_vix_pct_change_1d,"(-0.00787, 0.0404]",6022,0.4822318166722019,0.0003675927687814,0.0027313878543258,0.0052388924365951,0.0219529927497197,9633446351,regime-analysis-105,33034753272,2026-08-27T04:36:35Z,2026-08-27T04:36:35Z,2026-09-26T04:36:34Z,2143575
origin_vix_pct_change_1d,"(0.0404, 0.397]",5980,0.5160535117056856,0.0030164277372655,0.0050060452973273,0.0045077712663731,0.0205333677865935,9633446351,regime-analysis-105,33034753272,2026-08-27T04:36:35Z,2026-08-27T04:36:35Z,2026-09-26T04:36:34Z,2143575
origin_vix_pct_change_5d,"(-0.382, -0.082]",6043,0.4962766837663412,0.0018662720519764,0.0039876225406074,0.004481904956178,0.0216275166467569,9633446351,regime-analysis-105,33034753272,2026-08-27T04:36:35Z,2026-08-27T04:36:35Z,2026-09-26T04:36:34Z,2143575
origin_vix_pct_change_5d,"(-0.082, -0.00581]",6111,0.4716085747013582,-0.0008654060165297,0.0015211726031502,0.0033958198538025,0.0218504661770389,9633446351,regime-analysis-105,33034753272,2026-08-27T04:36:35Z,2026-08-27T04:36:35Z,2026-09-26T04:36:34Z,2143575
origin_vix_pct_change_5d,"(-0.00581, 0.0704]",6033,0.4606331841538206,-0.0001224496972011,0.0017522647021129,0.0040573883754517,0.021769853961123,9633446351,regime-analysis-105,33034753272,2026-08-27T04:36:35Z,2026-08-27T04:36:35Z,2026-09-26T04:36:34Z,2143575
origin_vix_pct_change_5d,"(0.0704, 0.54]",5938,0.577972381273156,0.0065062034125549,0.0079190791281284,0.0060837262781343,0.0192906992732707,9633446351,regime-analysis-105,33034753272,2026-08-27T04:36:35Z,2026-08-27T04:36:35Z,2026-09-26T04:36:34Z,2143575
origin_vix_pct_change_20d,"(-0.437, -0.107]",6085,0.4330320460147904,0.0001646092231348,0.0054652175947072,0.0011910215360155,0.0220728460387534,9633446351,regime-analysis-105,33034753272,2026-08-27T04:36:35Z,2026-08-27T04:36:35Z,2026-09-26T04:36:34Z,2143575
origin_vix_pct_change_20d,"(-0.107, 0.000637]",5980,0.5505016722408027,0.0025623468030156,0.0034695227237729,0.0037063366032009,0.0186367666065408,9633446351,regime-analysis-105,33034753272,2026-08-27T04:36:35Z,2026-08-27T04:36:35Z,2026-09-26T04:36:34Z,2143575
origin_vix_pct_change_20d,"(0.000637, 0.146]",6075,0.5076543209876543,0.0038116816129286,0.0058127192952854,0.0049421665534452,0.0209214426344036,9633446351,regime-analysis-105,33034753272,2026-08-27T04:36:35Z,2026-08-27T04:36:35Z,2026-09-26T04:36:34Z,2143575
origin_vix_pct_change_20d,"(0.146, 0.612]",5985,0.5147869674185463,0.0007358455940295,0.0002793866216542,0.0081878824961499,0.0229323453098485,9633446351,regime-analysis-105,33034753272,2026-08-27T04:36:35Z,2026-08-27T04:36:35Z,2026-09-26T04:36:34Z,2143575
origin_vix_distance_ma20,"(-0.255, -0.0814]",6111,0.4521354933726068,0.0007060165191917,0.0045541145251776,0.0011877592531601,0.0196313995409162,9633446351,regime-analysis-105,33034753272,2026-08-27T04:36:35Z,2026-08-27T04:36:35Z,2026-09-26T04:36:34Z,2143575
origin_vix_distance_ma20,"(-0.0814, -0.00956]",6043,0.5106735065364885,0.0024977885446845,0.0043344881994114,0.0049158762644243,0.0217221504325726,9633446351,regime-analysis-105,33034753272,2026-08-27T04:36:35Z,2026-08-27T04:36:35Z,2026-09-26T04:36:34Z,2143575
origin_vix_distance_ma20,"(-0.00956, 0.0599]",6038,0.4859224908910235,-0.0008163266547459,0.0006665744658989,0.0052480596608565,0.0224243442658792,9633446351,regime-analysis-105,33034753272,2026-08-27T04:36:35Z,2026-08-27T04:36:35Z,2026-09-26T04:36:34Z,2143575
origin_vix_distance_ma20,"(0.0599, 0.447]",5933,0.5577279622450699,0.0049561536997579,0.0055519485797934,0.0067059794692741,0.0208117907973064,9633446351,regime-analysis-105,33034753272,2026-08-27T04:36:35Z,2026-08-27T04:36:35Z,2026-09-26T04:36:34Z,2143575
origin_vix_trend_ma,"(-0.224, -0.0581]",6048,0.4614748677248677,0.0008852842470362,0.0055018439300268,0.0009927186410731,0.0216285698579624,9633446351,regime-analysis-105,33034753272,2026-08-27T04:36:35Z,2026-08-27T04:36:35Z,2026-09-26T04:36:34Z,2143575
origin_vix_trend_ma,"(-0.0581, 0.00165]",6022,0.5116240451677183,0.0028642661621181,0.0041088782414446,0.0042845609337505,0.0180550708611745,9633446351,regime-analysis-105,33034753272,2026-08-27T04:36:35Z,2026-08-27T04:36:35Z,2026-09-26T04:36:34Z,2143575
origin_vix_trend_ma,"(0.00165, 0.059]",6054,0.4806739345887016,-0.0002605048011726,0.0021996349361244,0.0053913937325054,0.0219349951885864,9633446351,regime-analysis-105,33034753272,2026-08-27T04:36:35Z,2026-08-27T04:36:35Z,2026-09-26T04:36:34Z,2143575
origin_vix_trend_ma,"(0.059, 0.24]",6001,0.5515747375437428,0.0038091599392711,0.0032748853256684,0.0073311633968654,0.0229590559969541,9633446351,regime-analysis-105,33034753272,2026-08-27T04:36:35Z,2026-08-27T04:36:35Z,2026-09-26T04:36:34Z,2143575
origin_vix_percentile_252,"(0.0029699999999999996, 0.27]",6064,0.5305079155672823,0.0032766602714859,0.0062182583962379,0.0028541623041584,0.0184323892140925,9633446351,regime-analysis-105,33034753272,2026-08-27T04:36:35Z,2026-08-27T04:36:35Z,2026-09-26T04:36:34Z,2143575
origin_vix_percentile_252,"(0.27, 0.508]",6101,0.4763153581380102,-0.0007367353357957,0.0015696277064672,0.0046900612747033,0.0214769456144794,9633446351,regime-analysis-105,33034753272,2026-08-27T04:36:35Z,2026-08-27T04:36:35Z,2026-09-26T04:36:34Z,2143575
origin_vix_percentile_252,"(0.508, 0.706]",6059,0.4561808879353028,0.0008242942893642,0.0036795660987502,0.0039453803554175,0.0232146281711085,9633446351,regime-analysis-105,33034753272,2026-08-27T04:36:35Z,2026-08-27T04:36:35Z,2026-09-26T04:36:34Z,2143575
origin_vix_percentile_252,"(0.706, 0.968]",5901,0.5431282833418065,0.0039849581395965,0.0036281452393058,0.0065434051622735,0.0214619043652653,9633446351,regime-analysis-105,33034753272,2026-08-27T04:36:35Z,2026-08-27T04:36:35Z,2026-09-26T04:36:34Z,2143575
origin_spy_return_5d,"(-0.0392, -0.00611]",6064,0.5435356200527705,0.0047545131721111,0.0054195608331682,0.0057600897006676,0.0207946839756451,9633446351,regime-analysis-105,33034753272,2026-08-27T04:36:35Z,2026-08-27T04:36:35Z,2026-09-26T04:36:34Z,2143575
origin_spy_return_5d,"(-0.00611, 0.0046]",6096,0.5224737532808399,0.0033548241326242,0.0062344381286594,0.0050824972765924,0.0214718039685356,9633446351,regime-analysis-105,33034753272,2026-08-27T04:36:35Z,2026-08-27T04:36:35Z,2026-09-26T04:36:34Z,2143575
origin_spy_return_5d,"(0.0046, 0.0143]",5943,0.4650849739188962,0.0004947789180156,0.0026169007302967,0.0030954415983882,0.0206271607271464,9633446351,regime-analysis-105,33034753272,2026-08-27T04:36:35Z,2026-08-27T04:36:35Z,2026-09-26T04:36:34Z,2143575
origin_spy_return_5d,"(0.0143, 0.0553]",6022,0.472766522749917,-0.0013846503178859,0.0007582864225543,0.0040071572107698,0.02167563704989,9633446351,regime-analysis-105,33034753272,2026-08-27T04:36:35Z,2026-08-27T04:36:35Z,2026-09-26T04:36:34Z,2143575
origin_spy_return_20d,"(-0.0803, -0.00304]",6064,0.512203166226913,0.0030178626392467,0.0023033910143509,0.0074033960839021,0.022847314632011,9633446351,regime-analysis-105,33034753272,2026-08-27T04:36:35Z,2026-08-27T04:36:35Z,2026-09-26T04:36:34Z,2143575
origin_spy_return_20d,"(-0.00304, 0.0128]",6038,0.5450480291487247,0.0025536506821566,0.0038719857380065,0.0055580524535652,0.0216623955245098,9633446351,regime-analysis-105,33034753272,2026-08-27T04:36:35Z,2026-08-27T04:36:35Z,2026-09-26T04:36:34Z,2143575
origin_spy_return_20d,"(0.0128, 0.031]",6080,0.4871710526315789,0.0020981280989046,0.0070340876151023,0.0032109665537485,0.0190086997327857,9633446351,regime-analysis-105,33034753272,2026-08-27T04:36:35Z,2026-08-27T04:36:35Z,2026-09-26T04:36:34Z,2143575
origin_spy_return_20d,"(0.031, 0.128]",5943,0.4598687531549722,-0.0004360420698261,0.0018297035006706,0.0017605596956475,0.0210655272851306,9633446351,regime-analysis-105,33034753272,2026-08-27T04:36:35Z,2026-08-27T04:36:35Z,2026-09-26T04:36:34Z,2143575
origin_spy_return_60d,"(-0.078, 0.0229]",6090,0.4957307060755336,1.986304341579523e-05,0.0011288004759882,0.0074039534463336,0.0254502780068078,9633446351,regime-analysis-105,33034753272,2026-08-27T04:36:35Z,2026-08-27T04:36:35Z,2026-09-26T04:36:34Z,2143575
origin_spy_return_60d,"(0.0229, 0.0469]",5991,0.5526623268235686,0.0067989497439407,0.0100952265010484,0.0030906287088447,0.0192417883622232,9633446351,regime-analysis-105,33034753272,2026-08-27T04:36:35Z,2026-08-27T04:36:35Z,2026-09-26T04:36:34Z,2143575
origin_spy_return_60d,"(0.0469, 0.0772]",6038,0.4857568731368002,0.0027408059009769,0.0048523969831007,0.0032195360151634,0.0192657975011739,9633446351,regime-analysis-105,33034753272,2026-08-27T04:36:35Z,2026-08-27T04:36:35Z,2026-09-26T04:36:34Z,2143575
origin_spy_return_60d,"(0.0772, 0.162]",6006,0.471028971028971,-0.002250745454018,-0.0009433360388106,0.0042280729175851,0.0205648269538372,9633446351,regime-analysis-105,33034753272,2026-08-27T04:36:35Z,2026-08-27T04:36:35Z,2026-09-26T04:36:34Z,2143575
origin_spy_return_120d,"(-0.06, 0.0679]",6085,0.4778964667214462,0.002021215795952,0.0038135875348538,0.00438245214007,0.0227257864056046,9633446351,regime-analysis-105,33034753272,2026-08-27T04:36:35Z,2026-08-27T04:36:35Z,2026-09-26T04:36:34Z,2143575
origin_spy_return_120d,"(0.0679, 0.0981]",6049,0.5448834518102166,0.0031120869548976,0.0040648113739997,0.008344625751003,0.023141537724182,9633446351,regime-analysis-105,33034753272,2026-08-27T04:36:35Z,2026-08-27T04:36:35Z,2026-09-26T04:36:34Z,2143575
origin_spy_return_120d,"(0.0981, 0.137]",6048,0.4831349206349206,4.4019121070632726e-05,0.0024191204697818,0.0041339358702508,0.0206328209336132,9633446351,regime-analysis-105,33034753272,2026-08-27T04:36:35Z,2026-08-27T04:36:35Z,2026-09-26T04:36:34Z,2143575
origin_spy_return_120d,"(0.137, 0.342]",5943,0.4990745414773683,0.0021023292833313,0.0048062306662065,0.001058975416795,0.0180131432202927,9633446351,regime-analysis-105,33034753272,2026-08-27T04:36:35Z,2026-08-27T04:36:35Z,2026-09-26T04:36:34Z,2143575
origin_spy_distance_sma50,"(-0.0693, 0.00286]",6080,0.5485197368421053,0.0055061635021418,0.0059131480490434,0.0065642104684846,0.0222495394695712,9633446351,regime-analysis-105,33034753272,2026-08-27T04:36:35Z,2026-08-27T04:36:35Z,2026-09-26T04:36:34Z,2143575
origin_spy_distance_sma50,"(0.00286, 0.0168]",5991,0.4995827073944249,0.0014817348978007,0.0035049305183736,0.0062519702176917,0.0207530100875444,9633446351,regime-analysis-105,33034753272,2026-08-27T04:36:35Z,2026-08-27T04:36:35Z,2026-09-26T04:36:34Z,2143575
origin_spy_distance_sma50,"(0.0168, 0.0321]",6027,0.5032354405176704,0.001203960318308,0.003853937253443,0.0035948158688055,0.0197965657339449,9633446351,regime-analysis-105,33034753272,2026-08-27T04:36:35Z,2026-08-27T04:36:35Z,2026-09-26T04:36:34Z,2143575
origin_spy_distance_sma50,"(0.0321, 0.0861]",6027,0.4531275925004148,-0.0009501134927114,0.0017936510537837,0.0015608908282006,0.0217664838308306,9633446351,regime-analysis-105,33034753272,2026-08-27T04:36:35Z,2026-08-27T04:36:35Z,2026-09-26T04:36:34Z,2143575
origin_spy_distance_sma200,"(-0.0461, 0.0643]",6038,0.4832726068234514,0.0024352691577711,0.0037547807558924,0.0051820323330191,0.023540010658975,9633446351,regime-analysis-105,33034753272,2026-08-27T04:36:35Z,2026-08-27T04:36:35Z,2026-09-26T04:36:34Z,2143575
origin_spy_distance_sma200,"(0.0643, 0.087]",6096,0.5452755905511811,0.0034711755090925,0.0049201594348952,0.0070326554195812,0.0214843052666585,9633446351,regime-analysis-105,33034753272,2026-08-27T04:36:35Z,2026-08-27T04:36:35Z,2026-09-26T04:36:34Z,2143575
origin_spy_distance_sma200,"(0.087, 0.1]",6027,0.5272938443670151,0.0019828016627172,0.0046103425537805,0.0047509303257354,0.0204191654145992,9633446351,regime-analysis-105,33034753272,2026-08-27T04:36:35Z,2026-08-27T04:36:35Z,2026-09-26T04:36:34Z,2143575
origin_spy_distance_sma200,"(0.1, 0.13]",5964,0.4480214621059691,-0.0006590046974564,0.0017667338884273,0.0009465730629928,0.0191045881821164,9633446351,regime-analysis-105,33034753272,2026-08-27T04:36:35Z,2026-08-27T04:36:35Z,2026-09-26T04:36:34Z,2143575
origin_spy_trend_ma50_200,"(0.0115, 0.0475]",6048,0.4804894179894179,0.0004987467054076,0.0022121086485153,0.0029442191033096,0.024338471572982,9633446351,regime-analysis-105,33034753272,2026-08-27T04:36:35Z,2026-08-27T04:36:35Z,2026-09-26T04:36:34Z,2143575
origin_spy_trend_ma50_200,"(0.0475, 0.0645]",6022,0.5084689471936233,0.0015293802919643,0.0025179953691483,0.0067258910530781,0.0202033603345088,9633446351,regime-analysis-105,33034753272,2026-08-27T04:36:35Z,2026-08-27T04:36:35Z,2026-09-26T04:36:34Z,2143575
origin_spy_trend_ma50_200,"(0.0645, 0.0795]",6091,0.4954851420128058,0.001198300697357,0.0039057521693209,0.0060027753493705,0.0212456066841432,9633446351,regime-analysis-105,33034753272,2026-08-27T04:36:35Z,2026-08-27T04:36:35Z,2026-09-26T04:36:34Z,2143575
origin_spy_trend_ma50_200,"(0.0795, 0.0902]",5964,0.5207914151576123,0.0040843871467975,0.0064815318442068,0.0022747383926835,0.018752226830223,9633446351,regime-analysis-105,33034753272,2026-08-27T04:36:35Z,2026-08-27T04:36:35Z,2026-09-26T04:36:34Z,2143575
origin_spy_volatility_20d,"(0.0557, 0.103]",6064,0.5179749340369393,0.0042042087200289,0.0084864860969627,0.0019250594543818,0.0198439556355393,9633446351,regime-analysis-105,33034753272,2026-08-27T04:36:35Z,2026-08-27T04:36:35Z,2026-09-26T04:36:34Z,2143575
origin_spy_volatility_20d,"(0.103, 0.123]",6080,0.4881578947368421,-0.000335919906069,0.0015818674200217,0.0059493073508926,0.0233932843875096,9633446351,regime-analysis-105,33034753272,2026-08-27T04:36:35Z,2026-08-27T04:36:35Z,2026-09-26T04:36:34Z,2143575
origin_spy_volatility_20d,"(0.123, 0.141]",6017,0.4849592820342363,0.0004381959508315,-0.0001909976680684,0.0058922966668328,0.0200233637706419,9633446351,regime-analysis-105,33034753272,2026-08-27T04:36:35Z,2026-08-27T04:36:35Z,2026-09-26T04:36:34Z,2143575
origin_spy_volatility_20d,"(0.141, 0.207]",5964,0.5139168343393695,0.002983891515444,0.0052074817177178,0.0042153083863684,0.021305078349841,9633446351,regime-analysis-105,33034753272,2026-08-27T04:36:35Z,2026-08-27T04:36:35Z,2026-09-26T04:36:34Z,2143575
origin_spy_volatility_60d,"(0.0849, 0.11]",6069,0.4519690229032789,0.0010748260073914,0.0045094160442297,0.0022134128925919,0.0189944558321042,9633446351,regime-analysis-105,33034753272,2026-08-27T04:36:35Z,2026-08-27T04:36:35Z,2026-09-26T04:36:34Z,2143575
origin_spy_volatility_60d,"(0.11, 0.124]",6006,0.5544455544455544,0.0005932711898727,-0.000441778255582,0.0078071710582747,0.0225933608680246,9633446351,regime-analysis-105,33034753272,2026-08-27T04:36:35Z,2026-08-27T04:36:35Z,2026-09-26T04:36:34Z,2143575
origin_spy_volatility_60d,"(0.124, 0.14]",6086,0.5162668419323037,0.0044950031015789,0.0072666276424479,0.0045251234008733,0.0190239688099975,9633446351,regime-analysis-105,33034753272,2026-08-27T04:36:35Z,2026-08-27T04:36:35Z,2026-09-26T04:36:34Z,2143575
origin_spy_volatility_60d,"(0.14, 0.158]",5964,0.4823943661971831,0.0010800784711893,0.0036970107310652,0.0034501046691112,0.0240368932160182,9633446351,regime-analysis-105,33034753272,2026-08-27T04:36:35Z,2026-08-27T04:36:35Z,2026-09-26T04:36:34Z,2143575
origin_spy_vol_change_20d,"(-0.517, -0.277]",6075,0.5236213991769547,0.0065692781679742,0.0102880998982715,0.0028797501930092,0.0210159094341166,9633446351,regime-analysis-105,33034753272,2026-08-27T04:36:35Z,2026-08-27T04:36:35Z,2026-09-26T04:36:34Z,2143575
origin_spy_vol_change_20d,"(-0.277, 0.0182]",6059,0.4967816471364911,6.238039761068407e-05,0.0028241276944513,0.0033420786865025,0.0204402768611935,9633446351,regime-analysis-105,33034753272,2026-08-27T04:36:35Z,2026-08-27T04:36:35Z,2026-09-26T04:36:34Z,2143575
origin_spy_vol_change_20d,"(0.0182, 0.336]",5985,0.4675020885547201,-0.0023960163899999,-0.0023273721038767,0.00671456008026,0.0226407056418262,9633446351,regime-analysis-105,33034753272,2026-08-27T04:36:35Z,2026-08-27T04:36:35Z,2026-09-26T04:36:34Z,2143575
origin_spy_vol_change_20d,"(0.336, 1.673]",6006,0.5166500166500166,0.0029867321142525,0.0042134064369693,0.005079690013491,0.020493685074228,9633446351,regime-analysis-105,33034753272,2026-08-27T04:36:35Z,2026-08-27T04:36:35Z,2026-09-26T04:36:34Z,2143575
origin_market_breadth_20d,"(0.0466, 0.476]",6632,0.5677020506634499,0.0049312742550772,0.0043921378009132,0.0060330354524269,0.0218805853955332,9633446351,regime-analysis-105,33034753272,2026-08-27T04:36:35Z,2026-08-27T04:36:35Z,2026-09-26T04:36:34Z,2143575
origin_market_breadth_20d,"(0.476, 0.667]",6615,0.4356764928193499,-0.0005869612916233,0.0021901334953142,0.0040087785826942,0.0211071166309879,9633446351,regime-analysis-105,33034753272,2026-08-27T04:36:35Z,2026-08-27T04:36:35Z,2026-09-26T04:36:34Z,2143575
origin_market_breadth_20d,"(0.667, 0.857]",6279,0.5209428252906514,0.0007823427312293,0.0026278956664062,0.00492070227263,0.0213668186930343,9633446351,regime-analysis-105,33034753272,2026-08-27T04:36:35Z,2026-08-27T04:36:35Z,2026-09-26T04:36:34Z,2143575
origin_market_breadth_20d,"(0.857, 1.0]",4599,0.4727114590128288,0.0022071517196443,0.0067125561524006,0.0023946828594415,0.0198328135911392,9633446351,regime-analysis-105,33034753272,2026-08-27T04:36:35Z,2026-08-27T04:36:35Z,2026-09-26T04:36:34Z,2143575
origin_market_breadth_252d,"(0.809, 0.905]",7256,0.5199834619625138,0.0043524017211869,0.0076363614589315,0.0012969167051398,0.01762959470415,9633446351,regime-analysis-105,33034753272,2026-08-27T04:36:35Z,2026-08-27T04:36:35Z,2026-09-26T04:36:34Z,2143575
origin_market_breadth_252d,"(0.905, 0.952]",6243,0.5202626942175236,0.0034357790957903,0.0043040443464341,0.0059405852817688,0.0196825841826305,9633446351,regime-analysis-105,33034753272,2026-08-27T04:36:35Z,2026-08-27T04:36:35Z,2026-09-26T04:36:34Z,2143575
origin_market_breadth_252d,"(0.952, 1.0]",10626,0.4772256728778468,-0.0008607296348893,0.0008195375494654,0.0058292768641875,0.0244033757680123,9633446351,regime-analysis-105,33034753272,2026-08-27T04:36:35Z,2026-08-27T04:36:35Z,2026-09-26T04:36:34Z,2143575
origin_market_breadth_above_sma200,"(0.523, 0.857]",7682,0.5062483728195782,0.001841135751265,0.0021272786832124,0.0064777751086985,0.0219368053647599,9633446351,regime-analysis-105,33034753272,2026-08-27T04:36:35Z,2026-08-27T04:36:35Z,2026-09-26T04:36:34Z,2143575
origin_market_breadth_above_sma200,"(0.857, 1.0]",16443,0.4988749011737518,0.0018087257703825,0.0045396970599633,0.0035685172474859,0.0207742166468581,9633446351,regime-analysis-105,33034753272,2026-08-27T04:36:35Z,2026-08-27T04:36:35Z,2026-09-26T04:36:34Z,2143575
origin_cross_asset_daily_volatility,"(0.0015400000000000001, 0.00806]",6064,0.4889511873350923,0.0031006512467659,0.00663278381812,0.0024294241956431,0.0201208295123267,9633446351,regime-analysis-105,33034753272,2026-08-27T04:36:35Z,2026-08-27T04:36:35Z,2026-09-26T04:36:34Z,2143575
origin_cross_asset_daily_volatility,"(0.00806, 0.0112]",6069,0.5170538803756797,0.0012584377954577,0.0023080947458834,0.0039235593553041,0.0198395958026788,9633446351,regime-analysis-105,33034753272,2026-08-27T04:36:35Z,2026-08-27T04:36:35Z,2026-09-26T04:36:34Z,2143575
origin_cross_asset_daily_volatility,"(0.0112, 0.0153]",5980,0.4988294314381271,0.0012103646818466,0.0024240676851878,0.0049426620233992,0.021689999249897,9633446351,regime-analysis-105,33034753272,2026-08-27T04:36:35Z,2026-08-27T04:36:35Z,2026-09-26T04:36:34Z,2143575
origin_cross_asset_daily_volatility,"(0.0153, 0.0647]",6012,0.5,0.0016977201838244,0.0037031005918405,0.0067096088715544,0.0229513590373889,9633446351,regime-analysis-105,33034753272,2026-08-27T04:36:35Z,2026-08-27T04:36:35Z,2026-09-26T04:36:34Z,2143575
origin_cross_asset_return_20d_dispersion,"(0.0161, 0.043]",6075,0.5595061728395062,0.0044712862535439,0.0058613733247503,0.0062173044145649,0.0176142597206492,9633446351,regime-analysis-105,33034753272,2026-08-27T04:36:35Z,2026-08-27T04:36:35Z,2026-09-26T04:36:34Z,2143575
origin_cross_asset_return_20d_dispersion,"(0.043, 0.0547]",6022,0.5172700099634673,0.0026095697700806,0.0041451272341358,0.003914409664176,0.0212767937646333,9633446351,regime-analysis-105,33034753272,2026-08-27T04:36:35Z,2026-08-27T04:36:35Z,2026-09-26T04:36:34Z,2143575
origin_cross_asset_return_20d_dispersion,"(0.0547, 0.0693]",6085,0.4423993426458504,-0.0008197245888952,0.002196343437239,0.0022415607781908,0.0220346900612922,9633446351,regime-analysis-105,33034753272,2026-08-27T04:36:35Z,2026-08-27T04:36:35Z,2026-09-26T04:36:34Z,2143575
origin_cross_asset_return_20d_dispersion,"(0.0693, 0.157]",5943,0.4856133266027259,0.001008684782322,0.0028695010321372,0.005629614813056,0.0237072882819862,9633446351,regime-analysis-105,33034753272,2026-08-27T04:36:35Z,2026-08-27T04:36:35Z,2026-09-26T04:36:34Z,2143575
origin_vix_market,"(13.469000000000001, 16.09]",6106,0.4906649197510645,0.0033944544436985,0.0060159049858986,0.0015170176106181,0.0181235571771548,9587697881,regime-analysis-104,32905972054,2026-08-26T00:20:00Z,2026-08-26T00:20:00Z,2026-09-25T00:19:59Z,2185555
origin_vix_market,"(16.09, 17.24]",6017,0.4733255775303307,0.0001162542276537,0.0023452600381142,0.0028803086374413,0.0205991827546405,9587697881,regime-analysis-104,32905972054,2026-08-26T00:20:00Z,2026-08-26T00:20:00Z,2026-09-25T00:19:59Z,2185555
origin_vix_market,"(17.24, 19.09]",6059,0.4746657864334048,0.0006057151349178,0.0028354842347431,0.0017713165635502,0.0213398369725855,9587697881,regime-analysis-104,32905972054,2026-08-26T00:20:00Z,2026-08-26T00:20:00Z,2026-09-25T00:19:59Z,2185555
origin_vix_market,"(19.09, 31.05]",5943,0.5909473329968029,0.0051624667692236,0.0049759449926924,0.0008053932829244,0.0209814029164385,9587697881,regime-analysis-104,32905972054,2026-08-26T00:20:00Z,2026-08-26T00:20:00Z,2026-09-25T00:19:59Z,2185555
origin_vix_change_1d,"(-5.361000000000001, -0.7]",6127,0.5095479027256407,0.0017828486921511,0.0027754253347878,0.0028467162277085,0.0204255099067006,9587697881,regime-analysis-104,32905972054,2026-08-26T00:20:00Z,2026-08-26T00:20:00Z,2026-09-25T00:19:59Z,2185555
origin_vix_change_1d,"(-0.7, -0.12]",6332,0.4802590018951358,0.0016244946327983,0.0046109126653962,9.13550774487198e-05,0.019757019857538,9587697881,regime-analysis-104,32905972054,2026-08-26T00:20:00Z,2026-08-26T00:20:00Z,2026-09-25T00:19:59Z,2185555
origin_vix_change_1d,"(-0.12, 0.64]",5791,0.5225349680538767,0.0030107229725975,0.0048708640427853,0.0029861369115978,0.0208976925330944,9587697881,regime-analysis-104,32905972054,2026-08-26T00:20:00Z,2026-08-26T00:20:00Z,2026-09-25T00:19:59Z,2185555
origin_vix_change_1d,"(0.64, 6.11]",5875,0.5179574468085106,0.0029160336760813,0.0039469415945203,0.0011573747077875,0.0199712657212312,9587697881,regime-analysis-104,32905972054,2026-08-26T00:20:00Z,2026-08-26T00:20:00Z,2026-09-25T00:19:59Z,2185555
origin_vix_change_5d,"(-10.071, -1.6]",6064,0.4937335092348285,0.0024688914814306,0.0033314894622352,0.0030495855484042,0.0215271841780545,9587697881,regime-analysis-104,32905972054,2026-08-26T00:20:00Z,2026-08-26T00:20:00Z,2026-09-25T00:19:59Z,2185555
origin_vix_change_5d,"(-1.6, 0.01]",6006,0.5023310023310024,0.0009882695113359,0.0028728121269555,0.0011888342004904,0.0196899761286735,9587697881,regime-analysis-104,32905972054,2026-08-26T00:20:00Z,2026-08-26T00:20:00Z,2026-09-25T00:19:59Z,2185555
origin_vix_change_5d,"(0.01, 1.23]",6138,0.477842945584881,0.000838935653158,0.0028706238105021,0.0011254596310778,0.0205448182309608,9587697881,regime-analysis-104,32905972054,2026-08-26T00:20:00Z,2026-08-26T00:20:00Z,2026-09-25T00:19:59Z,2185555
origin_vix_change_5d,"(1.23, 9.63]",5917,0.5556870035490958,0.0050228691677228,0.0071861813217439,0.0016176592448311,0.0192150307117621,9587697881,regime-analysis-104,32905972054,2026-08-26T00:20:00Z,2026-08-26T00:20:00Z,2026-09-25T00:19:59Z,2185555
origin_vix_change_20d,"(-13.030999999999999, -2.02]",6064,0.4805408970976253,0.0021207026671154,0.0046194434502616,0.001404494882426,0.0210655379880993,9587697881,regime-analysis-104,32905972054,2026-08-26T00:20:00Z,2026-08-26T00:20:00Z,2026-09-25T00:19:59Z,2185555
origin_vix_change_20d,"(-2.02, 0.09]",6022,0.486051145798738,0.0020384294007496,0.0042111454391033,0.0007263310032073,0.0179539521684841,9587697881,regime-analysis-104,32905972054,2026-08-26T00:20:00Z,2026-08-26T00:20:00Z,2026-09-25T00:19:59Z,2185555
origin_vix_change_20d,"(0.09, 2.25]",6054,0.5004955401387512,0.0032162171588841,0.0065027024313147,0.0024422047991315,0.0209144359692985,9587697881,regime-analysis-104,32905972054,2026-08-26T00:20:00Z,2026-08-26T00:20:00Z,2026-09-25T00:19:59Z,2185555
origin_vix_change_20d,"(2.25, 11.19]",5985,0.5615705931495405,0.0018663771141841,0.0008116294281142,0.0024121396522309,0.0210730417428722,9587697881,regime-analysis-104,32905972054,2026-08-26T00:20:00Z,2026-08-26T00:20:00Z,2026-09-25T00:19:59Z,2185555
origin_vix_pct_change_1d,"(-0.185, -0.0413]",6043,0.5040542776766507,0.0016471605078078,0.0031442038744699,0.0028815593611351,0.0202687357143151,9587697881,regime-analysis-104,32905972054,2026-08-26T00:20:00Z,2026-08-26T00:20:00Z,2026-09-25T00:19:59Z,2185555
origin_vix_pct_change_1d,"(-0.0413, -0.00784]",6101,0.4795935092607769,0.0020536494010754,0.0049269236248195,0.0002648354175317,0.0200748640307869,9587697881,regime-analysis-104,32905972054,2026-08-26T00:20:00Z,2026-08-26T00:20:00Z,2026-09-25T00:19:59Z,2185555
origin_vix_pct_change_1d,"(-0.00784, 0.0409]",6043,0.5080258149925534,0.0015311412817952,0.0027270255973071,0.0024585474987144,0.0209387416515623,9587697881,regime-analysis-104,32905972054,2026-08-26T00:20:00Z,2026-08-26T00:20:00Z,2026-09-25T00:19:59Z,2185555
origin_vix_pct_change_1d,"(0.0409, 0.397]",5938,0.5372179184910745,0.0040486385689535,0.0053987512344454,0.0013854091115624,0.0197212430673359,9587697881,regime-analysis-104,32905972054,2026-08-26T00:20:00Z,2026-08-26T00:20:00Z,2026-09-25T00:19:59Z,2185555
origin_vix_pct_change_5d,"(-0.382, -0.0797]",6064,0.4732849604221636,0.0021175621560782,0.0040012894166002,0.0033937058716221,0.0208410920071461,9587697881,regime-analysis-104,32905972054,2026-08-26T00:20:00Z,2026-08-26T00:20:00Z,2026-09-25T00:19:59Z,2185555
origin_vix_pct_change_5d,"(-0.0797, 0.000614]",6006,0.522977022977023,0.0013429916273761,0.0021965439079629,0.000841390703988,0.0203826938983019,9587697881,regime-analysis-104,32905972054,2026-08-26T00:20:00Z,2026-08-26T00:20:00Z,2026-09-25T00:19:59Z,2185555
origin_vix_pct_change_5d,"(0.000614, 0.0733]",6054,0.4851337958374628,0.0005535123869094,0.0021119046783399,0.0007876633217841,0.0207286788204759,9587697881,regime-analysis-104,32905972054,2026-08-26T00:20:00Z,2026-08-26T00:20:00Z,2026-09-25T00:19:59Z,2185555
origin_vix_pct_change_5d,"(0.0733, 0.54]",6001,0.5472421263122813,0.0052522479443676,0.0078911936188886,0.001951549277977,0.0190481602139598,9587697881,regime-analysis-104,32905972054,2026-08-26T00:20:00Z,2026-08-26T00:20:00Z,2026-09-25T00:19:59Z,2185555
origin_vix_pct_change_20d,"(-0.437, -0.107]",6085,0.4790468364831553,0.0024605505244367,0.005233300091835,0.0014443749203463,0.0207996034685065,9587697881,regime-analysis-104,32905972054,2026-08-26T00:20:00Z,2026-08-26T00:20:00Z,2026-09-25T00:19:59Z,2185555
origin_vix_pct_change_20d,"(-0.107, 0.00505]",6001,0.5024162639560074,0.0025394957285664,0.0044214692287282,0.0005826969885624,0.0180505065640491,9587697881,regime-analysis-104,32905972054,2026-08-26T00:20:00Z,2026-08-26T00:20:00Z,2026-09-25T00:19:59Z,2185555
origin_vix_pct_change_20d,"(0.00505, 0.146]",6054,0.4975222993062438,0.0034347518730262,0.0058553552573443,0.0019717934555733,0.0205342925010726,9587697881,regime-analysis-104,32905972054,2026-08-26T00:20:00Z,2026-08-26T00:20:00Z,2026-09-25T00:19:59Z,2185555
origin_vix_pct_change_20d,"(0.146, 0.612]",5985,0.5497076023391813,0.0007971022364834,0.0006300078420607,0.0029890663896706,0.0216202153232171,9587697881,regime-analysis-104,32905972054,2026-08-26T00:20:00Z,2026-08-26T00:20:00Z,2026-09-25T00:19:59Z,2185555
origin_vix_distance_ma20,"(-0.255, -0.0811]",6090,0.4840722495894909,0.0025179127790032,0.0048919191855377,0.0022523045384393,0.0184321701297695,9587697881,regime-analysis-104,32905972054,2026-08-26T00:20:00Z,2026-08-26T00:20:00Z,2026-09-25T00:19:59Z,2185555
origin_vix_distance_ma20,"(-0.0811, -0.00953]",6022,0.4985054799070076,0.0028047039304111,0.004228388932294,0.0012081617585335,0.0211151644639142,9587697881,regime-analysis-104,32905972054,2026-08-26T00:20:00Z,2026-08-26T00:20:00Z,2026-09-25T00:19:59Z,2185555
origin_vix_distance_ma20,"(-0.00953, 0.0602]",6080,0.4930921052631579,-0.0004202156843922,0.0009911168834605,0.0022894301165257,0.021279073111627,9587697881,regime-analysis-104,32905972054,2026-08-26T00:20:00Z,2026-08-26T00:20:00Z,2026-09-25T00:19:59Z,2185555
origin_vix_distance_ma20,"(0.0602, 0.447]",5933,0.553514242373167,0.004400388336595,0.006120958860858,0.0012136804455467,0.0201945173600184,9587697881,regime-analysis-104,32905972054,2026-08-26T00:20:00Z,2026-08-26T00:20:00Z,2026-09-25T00:19:59Z,2185555
origin_vix_trend_ma,"(-0.224, -0.0555]",6069,0.5139232163453616,0.0039081416994783,0.005870406171594,0.001636616545683,0.019943393340009,9587697881,regime-analysis-104,32905972054,2026-08-26T00:20:00Z,2026-08-26T00:20:00Z,2026-09-25T00:19:59Z,2185555
origin_vix_trend_ma,"(-0.0555, 0.0054]",6064,0.5018139841688655,0.0019398446290701,0.003665467147234,0.0009066775931499,0.0178629781666537,9587697881,regime-analysis-104,32905972054,2026-08-26T00:20:00Z,2026-08-26T00:20:00Z,2026-09-25T00:19:59Z,2185555
origin_vix_trend_ma,"(0.0054, 0.0604]",6033,0.444057682744903,-0.0002030905184638,0.0028585668641283,0.0019159717142839,0.021558709759198,9587697881,regime-analysis-104,32905972054,2026-08-26T00:20:00Z,2026-08-26T00:20:00Z,2026-09-25T00:19:59Z,2185555
origin_vix_trend_ma,"(0.0604, 0.24]",5959,0.5690552106058063,0.0036113649649364,0.0037751575491848,0.0025378100097337,0.0216776342922177,9587697881,regime-analysis-104,32905972054,2026-08-26T00:20:00Z,2026-08-26T00:20:00Z,2026-09-25T00:19:59Z,2185555
origin_vix_percentile_252,"(0.0029699999999999996, 0.274]",6064,0.4953825857519789,0.0037553965793771,0.0063663558495138,0.0012645323067915,0.0177126173763958,9587697881,regime-analysis-104,32905972054,2026-08-26T00:20:00Z,2026-08-26T00:20:00Z,2026-09-25T00:19:59Z,2185555
origin_vix_percentile_252,"(0.274, 0.516]",6080,0.4634868421052631,-0.0003208048317349,0.0019544221395564,0.0030771594408773,0.0209165415699888,9587697881,regime-analysis-104,32905972054,2026-08-26T00:20:00Z,2026-08-26T00:20:00Z,2026-09-25T00:19:59Z,2185555
origin_vix_percentile_252,"(0.516, 0.706]",5996,0.4703135423615744,0.0008569713245706,0.0036972676800567,0.0015059081051058,0.0219602099783488,9587697881,regime-analysis-104,32905972054,2026-08-26T00:20:00Z,2026-08-26T00:20:00Z,2026-09-25T00:19:59Z,2185555
origin_vix_percentile_252,"(0.706, 0.968]",5985,0.5998329156223893,0.0049817839583056,0.0041670008477084,0.0011204524033012,0.0204415988239756,9587697881,regime-analysis-104,32905972054,2026-08-26T00:20:00Z,2026-08-26T00:20:00Z,2026-09-25T00:19:59Z,2185555
origin_spy_return_5d,"(-0.0392, -0.00636]",6085,0.580115036976171,0.0049559507008996,0.0055433143689521,0.0008428408246527,0.0198155268731271,9587697881,regime-analysis-104,32905972054,2026-08-26T00:20:00Z,2026-08-26T00:20:00Z,2026-09-25T00:19:59Z,2185555
origin_spy_return_5d,"(-0.00636, 0.00441]",6054,0.4730756524611827,0.0028762184838593,0.0065283679864682,0.0025410426187425,0.0208560981658913,9587697881,regime-analysis-104,32905972054,2026-08-26T00:20:00Z,2026-08-26T00:20:00Z,2026-09-25T00:19:59Z,2185555
origin_spy_return_5d,"(0.00441, 0.0139]",5985,0.4496240601503759,0.0005294456182715,0.0034159764435927,0.0009352701761997,0.01967960206566,9587697881,regime-analysis-104,32905972054,2026-08-26T00:20:00Z,2026-08-26T00:20:00Z,2026-09-25T00:19:59Z,2185555
origin_spy_return_5d,"(0.0139, 0.0553]",6001,0.52441259790035,0.0008395750360549,0.000649618200809,0.0026666948016089,0.020659149279355,9587697881,regime-analysis-104,32905972054,2026-08-26T00:20:00Z,2026-08-26T00:20:00Z,2026-09-25T00:19:59Z,2185555
origin_spy_return_20d,"(-0.0803, -0.00336]",6064,0.5550791556728232,0.0036249312438125,0.0025855445413084,0.001785723441232,0.0216769763425813,9587697881,regime-analysis-104,32905972054,2026-08-26T00:20:00Z,2026-08-26T00:20:00Z,2026-09-25T00:19:59Z,2185555
origin_spy_return_20d,"(-0.00336, 0.0122]",6017,0.5427954129965099,0.0023061118193899,0.0039203857239677,0.004503080286164,0.0208017337211384,9587697881,regime-analysis-104,32905972054,2026-08-26T00:20:00Z,2026-08-26T00:20:00Z,2026-09-25T00:19:59Z,2185555
origin_spy_return_20d,"(0.0122, 0.0302]",6080,0.4488486842105263,0.0028159280824293,0.0075763149115335,0.0016300239307614,0.0184612522143336,9587697881,regime-analysis-104,32905972054,2026-08-26T00:20:00Z,2026-08-26T00:20:00Z,2026-09-25T00:19:59Z,2185555
origin_spy_return_20d,"(0.0302, 0.128]",5964,0.4813883299798793,0.0004691998511167,0.0020565204395335,-0.0009593595888027,0.0200772372070788,9587697881,regime-analysis-104,32905972054,2026-08-26T00:20:00Z,2026-08-26T00:20:00Z,2026-09-25T00:19:59Z,2185555
origin_spy_return_60d,"(-0.078, 0.0229]",6090,0.5949096880131363,0.0031808272235787,0.0015318479325254,0.0025778619881086,0.0229335133075967,9587697881,regime-analysis-104,32905972054,2026-08-26T00:20:00Z,2026-08-26T00:20:00Z,2026-09-25T00:19:59Z,2185555
origin_spy_return_60d,"(0.0229, 0.0472]",6054,0.5708622398414271,0.0066581068584896,0.0100011605453315,0.0023669248460545,0.0189539285005947,9587697881,regime-analysis-104,32905972054,2026-08-26T00:20:00Z,2026-08-26T00:20:00Z,2026-09-25T00:19:59Z,2185555
origin_spy_return_60d,"(0.0472, 0.0776]",6017,0.4336047864384245,0.0013139095852928,0.0049617718110012,0.0010759982626388,0.0191224850180786,9587697881,regime-analysis-104,32905972054,2026-08-26T00:20:00Z,2026-08-26T00:20:00Z,2026-09-25T00:19:59Z,2185555
origin_spy_return_60d,"(0.0776, 0.162]",5964,0.4265593561368209,-0.0019799802405463,-0.0003578429366534,0.00094060393511,0.0199741953333376,9587697881,regime-analysis-104,32905972054,2026-08-26T00:20:00Z,2026-08-26T00:20:00Z,2026-09-25T00:19:59Z,2185555
origin_spy_return_120d,"(-0.06, 0.0679]",6085,0.5551355792933443,0.0038790659144444,0.0042169661725385,-7.04838369537391e-05,0.0211625416436191,9587697881,regime-analysis-104,32905972054,2026-08-26T00:20:00Z,2026-08-26T00:20:00Z,2026-09-25T00:19:59Z,2185555
origin_spy_return_120d,"(0.0679, 0.0978]",6070,0.5345963756177924,0.00228804133683,0.0039926800643036,0.004805406265895,0.0218818707426412,9587697881,regime-analysis-104,32905972054,2026-08-26T00:20:00Z,2026-08-26T00:20:00Z,2026-09-25T00:19:59Z,2185555
origin_spy_return_120d,"(0.0978, 0.134]",5943,0.5488810365135454,0.0033866940285747,0.002970887189825,0.002368732892272,0.0193934599904226,9587697881,regime-analysis-104,32905972054,2026-08-26T00:20:00Z,2026-08-26T00:20:00Z,2026-09-25T00:19:59Z,2185555
origin_spy_return_120d,"(0.134, 0.342]",6027,0.3894143023062884,-0.0003057974253846,0.0049850665080073,-0.0001169264184505,0.018540885759969,9587697881,regime-analysis-104,32905972054,2026-08-26T00:20:00Z,2026-08-26T00:20:00Z,2026-09-25T00:19:59Z,2185555
origin_spy_distance_sma50,"(-0.0693, 0.00286]",6080,0.6049342105263158,0.0066561236981849,0.0063168584125815,0.0010169233629146,0.0212969121545898,9587697881,regime-analysis-104,32905972054,2026-08-26T00:20:00Z,2026-08-26T00:20:00Z,2026-09-25T00:19:59Z,2185555
origin_spy_distance_sma50,"(0.00286, 0.0168]",6012,0.5492348636061211,0.0026814889676323,0.0035232319899922,0.0051226062771972,0.0193338670178852,9587697881,regime-analysis-104,32905972054,2026-08-26T00:20:00Z,2026-08-26T00:20:00Z,2026-09-25T00:19:59Z,2185555
origin_spy_distance_sma50,"(0.0168, 0.0315]",6048,0.4009589947089947,-0.0004329988745457,0.0038268997646129,0.0021702940343553,0.0197927001686032,9587697881,regime-analysis-104,32905972054,2026-08-26T00:20:00Z,2026-08-26T00:20:00Z,2026-09-25T00:19:59Z,2185555
origin_spy_distance_sma50,"(0.0315, 0.0861]",5985,0.4723475355054302,0.0003015943137614,0.0024834629765084,-0.001335564806002,0.0205800480328362,9587697881,regime-analysis-104,32905972054,2026-08-26T00:20:00Z,2026-08-26T00:20:00Z,2026-09-25T00:19:59Z,2185555
origin_spy_distance_sma200,"(-0.0461, 0.0643]",6059,0.5415084997524344,0.0037504228683968,0.0041720196749737,0.0001171897211603,0.0219703500180342,9587697881,regime-analysis-104,32905972054,2026-08-26T00:20:00Z,2026-08-26T00:20:00Z,2026-09-25T00:19:59Z,2185555
origin_spy_distance_sma200,"(0.0643, 0.0854]",6012,0.5028276779773786,0.0021155442259366,0.0055540964684807,0.0036993628512443,0.0207445963303569,9587697881,regime-analysis-104,32905972054,2026-08-26T00:20:00Z,2026-08-26T00:20:00Z,2026-09-25T00:19:59Z,2185555
origin_spy_distance_sma200,"(0.0854, 0.0997]",6048,0.5261243386243386,0.0024832691048481,0.0038872472665503,0.002301927051618,0.0199391409856224,9587697881,regime-analysis-104,32905972054,2026-08-26T00:20:00Z,2026-08-26T00:20:00Z,2026-09-25T00:19:59Z,2185555
origin_spy_distance_sma200,"(0.0997, 0.13]",6006,0.4572094572094572,0.0008850038196654,0.0025669695164571,0.0008724457460061,0.0183435704177905,9587697881,regime-analysis-104,32905972054,2026-08-26T00:20:00Z,2026-08-26T00:20:00Z,2026-09-25T00:19:59Z,2185555
origin_spy_trend_ma50_200,"(0.0115, 0.0482]",6111,0.5596465390279823,0.0033913814506741,0.0027695218648927,-0.0018234512379532,0.0224557402613156,9587697881,regime-analysis-104,32905972054,2026-08-26T00:20:00Z,2026-08-26T00:20:00Z,2026-09-25T00:19:59Z,2185555
origin_spy_trend_ma50_200,"(0.0482, 0.0645]",5959,0.4208759859036751,-0.0002691309002089,0.002892506644196,0.0025555181079773,0.0198650330223919,9587697881,regime-analysis-104,32905972054,2026-08-26T00:20:00Z,2026-08-26T00:20:00Z,2026-09-25T00:19:59Z,2185555
origin_spy_trend_ma50_200,"(0.0645, 0.0792]",6028,0.4920371599203716,0.0002631603609528,0.0037885430389954,0.0029990171629953,0.0204850137201808,9587697881,regime-analysis-104,32905972054,2026-08-26T00:20:00Z,2026-08-26T00:20:00Z,2026-09-25T00:19:59Z,2185555
origin_spy_trend_ma50_200,"(0.0792, 0.0902]",6027,0.5538410486145677,0.0058186986670699,0.0067360963854192,0.0033099864927907,0.0181702089406149,9587697881,regime-analysis-104,32905972054,2026-08-26T00:20:00Z,2026-08-26T00:20:00Z,2026-09-25T00:19:59Z,2185555
origin_spy_volatility_20d,"(0.0557, 0.104]",6085,0.504519309778143,0.0053932445159794,0.0087748155555473,0.0004514277534272,0.0193655997449172,9587697881,regime-analysis-104,32905972054,2026-08-26T00:20:00Z,2026-08-26T00:20:00Z,2026-09-25T00:19:59Z,2185555
origin_spy_volatility_20d,"(0.104, 0.123]",6080,0.5011513157894737,0.0006073761051061,0.0016697600174075,0.0013705329095726,0.0219692279059703,9587697881,regime-analysis-104,32905972054,2026-08-26T00:20:00Z,2026-08-26T00:20:00Z,2026-09-25T00:19:59Z,2185555
origin_spy_volatility_20d,"(0.123, 0.143]",6017,0.5467841116835632,0.0012742612630662,0.0007440320863261,0.0015757520367655,0.0188355488886006,9587697881,regime-analysis-104,32905972054,2026-08-26T00:20:00Z,2026-08-26T00:20:00Z,2026-09-25T00:19:59Z,2185555
origin_spy_volatility_20d,"(0.143, 0.207]",5943,0.475349150260811,0.0019516471334896,0.0049761149147472,0.0036263684950135,0.020840012574262,9587697881,regime-analysis-104,32905972054,2026-08-26T00:20:00Z,2026-08-26T00:20:00Z,2026-09-25T00:19:59Z,2185555
origin_spy_volatility_60d,"(0.0849, 0.109]",6048,0.3695436507936508,-0.0005723374564582,0.0048065046241339,-0.0008252627604223,0.0187940249384558,9587697881,regime-analysis-104,32905972054,2026-08-26T00:20:00Z,2026-08-26T00:20:00Z,2026-09-25T00:19:59Z,2185555
origin_spy_volatility_60d,"(0.109, 0.124]",6069,0.6063601911352776,0.0016739244800934,-0.0002849435203992,0.0039337881664634,0.0206970014227965,9587697881,regime-analysis-104,32905972054,2026-08-26T00:20:00Z,2026-08-26T00:20:00Z,2026-09-25T00:19:59Z,2185555
origin_spy_volatility_60d,"(0.124, 0.14]",6023,0.5344512701311639,0.0053219485057038,0.0075016853433253,0.0030254518505048,0.0188496153705711,9587697881,regime-analysis-104,32905972054,2026-08-26T00:20:00Z,2026-08-26T00:20:00Z,2026-09-25T00:19:59Z,2185555
origin_spy_volatility_60d,"(0.14, 0.158]",5985,0.5176274018379281,0.0028446051712777,0.0041894263991315,0.0008366446513061,0.0226885003622368,9587697881,regime-analysis-104,32905972054,2026-08-26T00:20:00Z,2026-08-26T00:20:00Z,2026-09-25T00:19:59Z,2185555
origin_spy_vol_change_20d,"(-0.517, -0.277]",6075,0.5196707818930041,0.0069912623771053,0.010295250511238,0.0005448040814698,0.0207120270389295,9587697881,regime-analysis-104,32905972054,2026-08-26T00:20:00Z,2026-08-26T00:20:00Z,2026-09-25T00:19:59Z,2185555
origin_spy_vol_change_20d,"(-0.277, 0.0197]",6080,0.5254934210526315,0.0024460437076822,0.003155864425905,0.0001767571977383,0.0189052521282486,9587697881,regime-analysis-104,32905972054,2026-08-26T00:20:00Z,2026-08-26T00:20:00Z,2026-09-25T00:19:59Z,2185555
origin_spy_vol_change_20d,"(0.0197, 0.393]",6006,0.4593739593739593,-0.0026393040463673,-0.0020778563138411,0.0029349071452434,0.021448214786314,9587697881,regime-analysis-104,32905972054,2026-08-26T00:20:00Z,2026-08-26T00:20:00Z,2026-09-25T00:19:59Z,2185555
origin_spy_vol_change_20d,"(0.393, 1.673]",5964,0.5233065057008719,0.0023951046196912,0.0047526975215906,0.0033704166782997,0.019954862055637,9587697881,regime-analysis-104,32905972054,2026-08-26T00:20:00Z,2026-08-26T00:20:00Z,2026-09-25T00:19:59Z,2185555
origin_market_breadth_20d,"(0.0466, 0.476]",6632,0.5732810615199035,0.0052562615955719,0.0050245308975405,0.000978235539035,0.0213923212803457,9587697881,regime-analysis-104,32905972054,2026-08-26T00:20:00Z,2026-08-26T00:20:00Z,2026-09-25T00:19:59Z,2185555
origin_market_breadth_20d,"(0.476, 0.667]",6573,0.4982504183782139,0.0016009344147954,0.0023793523569683,0.0023046205870074,0.0191638121726201,9587697881,regime-analysis-104,32905972054,2026-08-26T00:20:00Z,2026-08-26T00:20:00Z,2026-09-25T00:19:59Z,2185555
origin_market_breadth_20d,"(0.667, 0.857]",6384,0.5244360902255639,0.0010686959441868,0.0025859996679334,0.0027672840160108,0.0204478976393673,9587697881,regime-analysis-104,32905972054,2026-08-26T00:20:00Z,2026-08-26T00:20:00Z,2026-09-25T00:19:59Z,2185555
origin_market_breadth_20d,"(0.857, 1.0]",4536,0.39836860670194,0.0007873864230614,0.0070823614921034,0.0006195581061281,0.0198900533148289,9587697881,regime-analysis-104,32905972054,2026-08-26T00:20:00Z,2026-08-26T00:20:00Z,2026-09-25T00:19:59Z,2185555
origin_market_breadth_252d,"(0.809, 0.905]",7256,0.4145534729878721,0.0020335534538186,0.0078525079566932,-0.0007745710890038,0.0181681767319717,9587697881,regime-analysis-104,32905972054,2026-08-26T00:20:00Z,2026-08-26T00:20:00Z,2026-09-25T00:19:59Z,2185555
origin_market_breadth_252d,"(0.905, 0.952]",6159,0.5802890079558369,0.0045266380677698,0.0043917181121461,0.0037247294517999,0.018892223607017,9587697881,regime-analysis-104,32905972054,2026-08-26T00:20:00Z,2026-08-26T00:20:00Z,2026-09-25T00:19:59Z,2185555
origin_market_breadth_252d,"(0.952, 1.0]",10710,0.5275443510737629,0.0012270383578596,0.0012670771220015,0.0023148706880547,0.0224475048501274,9587697881,regime-analysis-104,32905972054,2026-08-26T00:20:00Z,2026-08-26T00:20:00Z,2026-09-25T00:19:59Z,2185555
origin_market_breadth_above_sma200,"(0.523, 0.857]",7619,0.5020343877149233,0.001455538892498,0.0027618859222395,0.0013921537610773,0.0216298947138674,9587697881,regime-analysis-104,32905972054,2026-08-26T00:20:00Z,2026-08-26T00:20:00Z,2026-09-25T00:19:59Z,2185555
origin_market_breadth_above_sma200,"(0.857, 1.0]",16506,0.5093299406276506,0.0027073099303912,0.0046379484261218,0.0019087463004508,0.0196171152721867,9587697881,regime-analysis-104,32905972054,2026-08-26T00:20:00Z,2026-08-26T00:20:00Z,2026-09-25T00:19:59Z,2185555
origin_cross_asset_daily_volatility,"(0.0015400000000000001, 0.00806]",6064,0.445910290237467,0.0021574464099499,0.0067636548574774,-7.144848299192429e-05,0.0197344302786182,9587697881,regime-analysis-104,32905972054,2026-08-26T00:20:00Z,2026-08-26T00:20:00Z,2026-09-25T00:19:59Z,2185555
origin_cross_asset_daily_volatility,"(0.00806, 0.0112]",6006,0.4956709956709956,0.0018503030218373,0.0022835476206557,0.0015032283796652,0.0186128613044345,9587697881,regime-analysis-104,32905972054,2026-08-26T00:20:00Z,2026-08-26T00:20:00Z,2026-09-25T00:19:59Z,2185555
origin_cross_asset_daily_volatility,"(0.0112, 0.0155]",6127,0.5369675208095316,0.0017353046755247,0.002282724941564,0.0021751824098162,0.0210953552243486,9587697881,regime-analysis-104,32905972054,2026-08-26T00:20:00Z,2026-08-26T00:20:00Z,2026-09-25T00:19:59Z,2185555
origin_cross_asset_daily_volatility,"(0.0155, 0.0647]",5928,0.5501012145748988,0.0035338599539385,0.0048719196661178,0.0034058902274863,0.0215736506147286,9587697881,regime-analysis-104,32905972054,2026-08-26T00:20:00Z,2026-08-26T00:20:00Z,2026-09-25T00:19:59Z,2185555
origin_cross_asset_return_20d_dispersion,"(0.0161, 0.0419]",6054,0.4991740997687479,0.0030488229184417,0.0059853364569026,0.0016018936180731,0.0172826876002576,9587697881,regime-analysis-104,32905972054,2026-08-26T00:20:00Z,2026-08-26T00:20:00Z,2026-09-25T00:19:59Z,2185555
origin_cross_asset_return_20d_dispersion,"(0.0419, 0.0547]",6085,0.533442892358258,0.0027546057466018,0.0043922697170042,0.0018011781520392,0.0201388962973038,9587697881,regime-analysis-104,32905972054,2026-08-26T00:20:00Z,2026-08-26T00:20:00Z,2026-09-25T00:19:59Z,2185555
origin_cross_asset_return_20d_dispersion,"(0.0547, 0.0698]",6022,0.4850547990700763,0.0019054063408847,0.0027218538360195,0.0001701142550107,0.0207479823481776,9587697881,regime-analysis-104,32905972054,2026-08-26T00:20:00Z,2026-08-26T00:20:00Z,2026-09-25T00:19:59Z,2185555
origin_cross_asset_return_20d_dispersion,"(0.0698, 0.157]",5964,0.5102280348759222,0.001522954666642,0.0030589526533437,0.0034255742585919,0.0228838611847569,9587697881,regime-analysis-104,32905972054,2026-08-26T00:20:00Z,2026-08-26T00:20:00Z,2026-09-25T00:19:59Z,2185555
